{
    "metrics": {
        "rmse": 143603948651441.47, 
        "pearson": 0.072551869045831954, 
        "mae": 16069763966111.49, 
        "r2": -9.9605931943921755e+21, 
        "mape": 18424390578.76576, 
        "mse": 2.0622094068285842e+28, 
        "evs": -9.8358630470557777e+21, 
        "rmsle": 0
    }, 
    "scatterPlotData": {
        "y": [
            1880.0, 
            984.0, 
            1760.0, 
            2096.0, 
            3648.0, 
            1400.0, 
            1352.0, 
            1344.0, 
            1088.0, 
            1336.0, 
            2192.0, 
            864.0, 
            968.0, 
            968.0, 
            2328.0, 
            1432.0, 
            1608.0, 
            824.0, 
            2552.0, 
            416.0, 
            2232.0, 
            2312.0, 
            1440.0, 
            2984.0, 
            1176.0, 
            1136.0, 
            1432.0, 
            1720.0, 
            3240.0, 
            1040.0, 
            1168.0, 
            5320.0, 
            912.0, 
            1176.0, 
            1592.0, 
            1024.0, 
            3096.0, 
            3232.0, 
            1720.0, 
            2248.0, 
            3056.0, 
            816.0, 
            2984.0, 
            1192.0, 
            1224.0, 
            984.0, 
            1032.0, 
            704.0, 
            1176.0, 
            3328.0, 
            2624.0, 
            1200.0, 
            2552.0, 
            1224.0, 
            -1283285436690352.0, 
            1280.0, 
            1784.0, 
            1592.0, 
            1432.0, 
            2616.0, 
            504.0, 
            1096.0, 
            744.0, 
            680.0, 
            2488.0, 
            968.0, 
            2168.0, 
            1464.0, 
            2168.0, 
            1688.0, 
            1064.0, 
            4504.0, 
            856.0, 
            4848.0, 
            1432.0, 
            1672.0, 
            5960.0, 
            2016.0, 
            3560.0, 
            1904.0, 
            640.0, 
            4032.0, 
            -1283285436690496.0, 
            4400.0, 
            3304.0, 
            880.0, 
            640.0, 
            1672.0, 
            1008.0, 
            600.0, 
            1080.0, 
            400.0, 
            1888.0, 
            -1283285436690520.0, 
            1768.0, 
            1624.0, 
            2072.0, 
            2352.0, 
            1528.0, 
            928.0, 
            672.0, 
            328.0, 
            3672.0, 
            4200.0, 
            1104.0, 
            560.0, 
            1232.0, 
            3976.0, 
            1424.0, 
            4520.0, 
            3448.0, 
            1024.0, 
            1056.0, 
            1496.0, 
            3352.0, 
            6424.0, 
            5760.0, 
            720.0, 
            512.0, 
            1144.0, 
            848.0, 
            560.0, 
            432.0, 
            528.0, 
            776.0, 
            1616.0, 
            1808.0, 
            3528.0, 
            1576.0, 
            592.0, 
            1368.0, 
            584.0, 
            952.0, 
            3080.0, 
            2120.0, 
            2800.0, 
            2984.0, 
            1128.0, 
            1400.0, 
            1312.0, 
            1672.0, 
            1776.0, 
            816.0, 
            1592.0, 
            3560.0, 
            2032.0, 
            2552.0, 
            784.0, 
            1672.0, 
            568.0, 
            3032.0, 
            1152.0, 
            2696.0, 
            2016.0, 
            1328.0, 
            1112.0, 
            1088.0, 
            880.0, 
            1896.0, 
            1760.0, 
            1000.0, 
            1960.0, 
            3008.0, 
            3792.0, 
            2448.0, 
            1232.0, 
            1672.0, 
            1112.0, 
            1320.0, 
            480.0, 
            2288.0, 
            -792.0, 
            912.0, 
            1072.0, 
            1888.0, 
            1376.0, 
            6680.0, 
            1056.0, 
            1152.0, 
            1288.0, 
            1912.0, 
            1480.0, 
            1176.0, 
            2360.0, 
            1248.0, 
            2728.0, 
            2376.0, 
            1760.0, 
            2344.0, 
            2360.0, 
            928.0, 
            1136.0, 
            1360.0, 
            1400.0, 
            1040.0, 
            3232.0, 
            2888.0, 
            1288.0, 
            3160.0, 
            4048.0, 
            1528.0, 
            -1283285436690720.0, 
            1376.0, 
            1376.0, 
            1864.0, 
            1488.0, 
            1592.0, 
            696.0, 
            2168.0, 
            1528.0, 
            1624.0, 
            1648.0, 
            3888.0, 
            3104.0, 
            3240.0, 
            1040.0, 
            1008.0, 
            984.0, 
            1432.0, 
            1672.0, 
            1744.0, 
            760.0, 
            2368.0, 
            2112.0, 
            680.0, 
            1032.0, 
            984.0, 
            432.0, 
            1904.0, 
            1456.0, 
            920.0, 
            1432.0, 
            1216.0, 
            2368.0, 
            1024.0, 
            3280.0, 
            824.0, 
            2184.0, 
            848.0, 
            2480.0, 
            1640.0, 
            2176.0, 
            3176.0, 
            1656.0, 
            2720.0, 
            992.0, 
            1056.0, 
            1552.0, 
            992.0, 
            792.0, 
            1296.0, 
            2896.0, 
            1120.0, 
            1088.0, 
            2320.0, 
            1528.0, 
            3104.0, 
            2160.0, 
            2032.0, 
            2416.0, 
            1072.0, 
            4136.0, 
            3088.0, 
            2008.0, 
            776.0, 
            4520.0, 
            832.0, 
            712.0, 
            1184.0, 
            1144.0, 
            1192.0, 
            736.0, 
            2424.0, 
            2008.0, 
            1336.0, 
            1664.0, 
            1144.0, 
            1368.0, 
            1280.0, 
            1696.0, 
            1712.0, 
            1592.0, 
            2656.0, 
            2568.0, 
            3688.0, 
            1736.0, 
            808.0, 
            720.0, 
            2360.0, 
            2512.0, 
            552.0, 
            520.0, 
            1232.0, 
            1720.0, 
            1528.0, 
            1448.0, 
            1040.0, 
            864.0, 
            3912.0, 
            808.0, 
            904.0, 
            1552.0, 
            1792.0, 
            848.0, 
            1008.0, 
            2456.0, 
            832.0, 
            712.0, 
            2656.0, 
            2184.0, 
            2312.0, 
            2432.0, 
            1432.0, 
            1272.0, 
            504.0, 
            776.0, 
            1704.0, 
            880.0, 
            1984.0, 
            4720.0, 
            1896.0, 
            888.0, 
            1856.0, 
            3256.0, 
            2776.0, 
            584.0, 
            1400.0, 
            1632.0, 
            -1283285436690688.0, 
            744.0, 
            1992.0, 
            1168.0, 
            1056.0, 
            960.0, 
            1256.0, 
            936.0, 
            704.0, 
            2496.0, 
            1392.0, 
            2256.0, 
            880.0, 
            5152.0, 
            1872.0, 
            888.0, 
            1512.0, 
            5368.0, 
            2208.0, 
            760.0, 
            1520.0, 
            2200.0, 
            1376.0, 
            1968.0, 
            1136.0, 
            800.0, 
            1112.0, 
            3032.0, 
            792.0, 
            2032.0, 
            1056.0, 
            3632.0, 
            3200.0, 
            2808.0, 
            768.0, 
            2016.0, 
            2760.0, 
            1272.0, 
            760.0, 
            4336.0, 
            1912.0, 
            1904.0, 
            1432.0, 
            2920.0, 
            1608.0, 
            976.0, 
            816.0, 
            -1283285436690840.0, 
            1976.0, 
            2496.0, 
            1008.0, 
            920.0, 
            1840.0, 
            840.0, 
            1472.0, 
            1232.0, 
            1432.0, 
            2632.0, 
            4408.0, 
            992.0, 
            2776.0, 
            1680.0, 
            928.0, 
            3016.0, 
            2720.0, 
            4224.0, 
            1000.0, 
            784.0, 
            768.0, 
            1728.0, 
            776.0, 
            1512.0, 
            1176.0, 
            1928.0, 
            1736.0, 
            1112.0, 
            5000.0, 
            1200.0, 
            3720.0, 
            1496.0, 
            1560.0, 
            3608.0, 
            760.0, 
            1544.0, 
            1808.0, 
            1472.0, 
            2512.0, 
            952.0, 
            1008.0, 
            720.0, 
            2320.0, 
            1520.0, 
            1696.0, 
            1640.0, 
            808.0, 
            1736.0, 
            5144.0, 
            2200.0, 
            2248.0, 
            3752.0, 
            1528.0, 
            1016.0, 
            712.0, 
            1536.0, 
            1080.0, 
            696.0, 
            1912.0, 
            672.0, 
            904.0, 
            640.0, 
            1704.0, 
            1112.0, 
            2224.0, 
            2464.0, 
            632.0, 
            4208.0, 
            2704.0, 
            1104.0, 
            1176.0, 
            840.0, 
            1760.0, 
            3152.0, 
            2824.0, 
            4128.0, 
            552.0, 
            976.0, 
            1272.0, 
            560.0, 
            3160.0, 
            1960.0, 
            1536.0, 
            1584.0, 
            1256.0, 
            808.0, 
            3080.0, 
            4120.0, 
            904.0, 
            736.0, 
            512.0, 
            3032.0, 
            928.0, 
            1808.0, 
            2144.0, 
            992.0, 
            1320.0, 
            1056.0, 
            968.0, 
            3248.0, 
            1160.0, 
            2464.0, 
            2472.0, 
            1552.0, 
            1216.0, 
            3104.0, 
            1120.0, 
            4336.0, 
            3048.0, 
            880.0, 
            1160.0, 
            2224.0, 
            1904.0, 
            568.0, 
            1048.0, 
            656.0, 
            2856.0, 
            1352.0, 
            2496.0, 
            1512.0, 
            1224.0, 
            1568.0, 
            1192.0, 
            1696.0, 
            3248.0, 
            2016.0, 
            2008.0, 
            1088.0, 
            1936.0, 
            2136.0, 
            768.0, 
            4720.0, 
            800.0, 
            1736.0, 
            912.0, 
            1112.0, 
            2560.0, 
            1568.0, 
            1064.0, 
            7208.0, 
            6304.0, 
            1728.0, 
            2752.0, 
            696.0, 
            2776.0, 
            2792.0, 
            1912.0, 
            960.0, 
            2728.0, 
            2288.0, 
            1248.0, 
            536.0, 
            1616.0, 
            888.0, 
            2480.0, 
            936.0, 
            2456.0, 
            1496.0, 
            2232.0, 
            2376.0, 
            1600.0, 
            1000.0, 
            2872.0, 
            1688.0, 
            3704.0, 
            1408.0, 
            3824.0, 
            848.0, 
            1168.0, 
            984.0, 
            1472.0, 
            5184.0, 
            1480.0, 
            944.0, 
            1760.0, 
            2176.0, 
            1096.0, 
            -1283285436690672.0, 
            1312.0, 
            584.0, 
            1712.0, 
            800.0, 
            1864.0
        ], 
        "x": [
            1700.0, 
            800.0, 
            1800.0, 
            1500.0, 
            3900.0, 
            1200.0, 
            975.0, 
            890.0, 
            950.0, 
            1200.0, 
            2000.0, 
            900.0, 
            1000.0, 
            980.0, 
            2800.0, 
            1100.0, 
            950.0, 
            750.0, 
            2200.0, 
            500.0, 
            3240.0, 
            3300.0, 
            1100.0, 
            2300.0, 
            1150.0, 
            900.0, 
            1400.0, 
            1700.0, 
            2950.0, 
            780.0, 
            1852.0, 
            8000.0, 
            900.0, 
            1100.0, 
            1300.0, 
            1000.0, 
            4320.0, 
            3500.0, 
            1000.0, 
            2100.0, 
            2300.0, 
            760.0, 
            3950.0, 
            700.0, 
            1250.0, 
            1190.0, 
            1100.0, 
            950.0, 
            1000.0, 
            4000.0, 
            2970.0, 
            850.0, 
            1800.0, 
            1300.0, 
            900.0, 
            1100.0, 
            1300.0, 
            1300.0, 
            1200.0, 
            2250.0, 
            750.0, 
            850.0, 
            650.0, 
            575.0, 
            2700.0, 
            850.0, 
            1500.0, 
            1200.0, 
            2495.0, 
            1300.0, 
            1300.0, 
            8000.0, 
            800.0, 
            5000.0, 
            1250.0, 
            1100.0, 
            6000.0, 
            2000.0, 
            3500.0, 
            1950.0, 
            950.0, 
            3800.0, 
            840.0, 
            4100.0, 
            4000.0, 
            995.0, 
            750.0, 
            1900.0, 
            1200.0, 
            700.0, 
            1300.0, 
            825.0, 
            2000.0, 
            1400.0, 
            1200.0, 
            1300.0, 
            950.0, 
            2250.0, 
            1200.0, 
            1250.0, 
            1060.0, 
            640.0, 
            3000.0, 
            3900.0, 
            1200.0, 
            650.0, 
            925.0, 
            5000.0, 
            1290.0, 
            3600.0, 
            2900.0, 
            850.0, 
            1100.0, 
            1400.0, 
            2650.0, 
            5500.0, 
            6500.0, 
            850.0, 
            650.0, 
            675.0, 
            550.0, 
            730.0, 
            675.0, 
            700.0, 
            700.0, 
            1150.0, 
            1500.0, 
            3300.0, 
            950.0, 
            790.0, 
            1250.0, 
            600.0, 
            915.0, 
            2900.0, 
            1950.0, 
            2800.0, 
            3500.0, 
            1300.0, 
            1200.0, 
            730.0, 
            1150.0, 
            1900.0, 
            700.0, 
            2295.0, 
            4700.0, 
            2000.0, 
            3200.0, 
            500.0, 
            1600.0, 
            720.0, 
            1600.0, 
            1300.0, 
            1600.0, 
            1600.0, 
            900.0, 
            750.0, 
            800.0, 
            750.0, 
            1400.0, 
            2500.0, 
            650.0, 
            1700.0, 
            2650.0, 
            3450.0, 
            2600.0, 
            700.0, 
            2000.0, 
            1175.0, 
            1100.0, 
            710.0, 
            2430.0, 
            680.0, 
            800.0, 
            765.0, 
            2970.0, 
            1550.0, 
            7500.0, 
            1050.0, 
            1000.0, 
            950.0, 
            1600.0, 
            1550.0, 
            900.0, 
            1500.0, 
            1090.0, 
            2750.0, 
            2500.0, 
            1600.0, 
            4500.0, 
            2400.0, 
            725.0, 
            900.0, 
            940.0, 
            850.0, 
            850.0, 
            3500.0, 
            2650.0, 
            1000.0, 
            2200.0, 
            2900.0, 
            1400.0, 
            800.0, 
            1090.0, 
            1150.0, 
            1590.0, 
            1450.0, 
            1400.0, 
            690.0, 
            1850.0, 
            1100.0, 
            1200.0, 
            1500.0, 
            4500.0, 
            2200.0, 
            2500.0, 
            900.0, 
            880.0, 
            1250.0, 
            1150.0, 
            940.0, 
            1400.0, 
            800.0, 
            2800.0, 
            1500.0, 
            700.0, 
            800.0, 
            1000.0, 
            775.0, 
            1700.0, 
            1200.0, 
            850.0, 
            1600.0, 
            1699.0, 
            2500.0, 
            1215.0, 
            3000.0, 
            1200.0, 
            2400.0, 
            950.0, 
            2500.0, 
            1400.0, 
            2300.0, 
            3500.0, 
            1400.0, 
            3000.0, 
            800.0, 
            900.0, 
            1200.0, 
            850.0, 
            1000.0, 
            950.0, 
            3300.0, 
            1200.0, 
            850.0, 
            2300.0, 
            2565.0, 
            3500.0, 
            2700.0, 
            1600.0, 
            1250.0, 
            1200.0, 
            3500.0, 
            2800.0, 
            2700.0, 
            700.0, 
            3500.0, 
            950.0, 
            900.0, 
            1200.0, 
            1250.0, 
            2430.0, 
            700.0, 
            1250.0, 
            1700.0, 
            1450.0, 
            2150.0, 
            900.0, 
            750.0, 
            1300.0, 
            1300.0, 
            1600.0, 
            1100.0, 
            3375.0, 
            2800.0, 
            3149.0, 
            1700.0, 
            800.0, 
            630.0, 
            2700.0, 
            2750.0, 
            725.0, 
            780.0, 
            600.0, 
            2100.0, 
            1800.0, 
            1325.0, 
            900.0, 
            700.0, 
            4300.0, 
            750.0, 
            1000.0, 
            1300.0, 
            1700.0, 
            900.0, 
            800.0, 
            2800.0, 
            750.0, 
            680.0, 
            1800.0, 
            1900.0, 
            1400.0, 
            1500.0, 
            1300.0, 
            1200.0, 
            925.0, 
            950.0, 
            2500.0, 
            855.0, 
            1450.0, 
            5700.0, 
            1600.0, 
            750.0, 
            1500.0, 
            3000.0, 
            2500.0, 
            725.0, 
            1450.0, 
            1800.0, 
            800.0, 
            630.0, 
            1800.0, 
            1200.0, 
            1050.0, 
            1000.0, 
            1300.0, 
            800.0, 
            1440.0, 
            1800.0, 
            950.0, 
            2250.0, 
            900.0, 
            4800.0, 
            2300.0, 
            750.0, 
            1200.0, 
            4300.0, 
            1600.0, 
            925.0, 
            2500.0, 
            2300.0, 
            1850.0, 
            2500.0, 
            1400.0, 
            725.0, 
            1200.0, 
            2900.0, 
            500.0, 
            2300.0, 
            800.0, 
            3700.0, 
            2800.0, 
            3900.0, 
            800.0, 
            2300.0, 
            2800.0, 
            1100.0, 
            870.0, 
            3500.0, 
            1800.0, 
            2295.0, 
            1100.0, 
            2000.0, 
            2200.0, 
            900.0, 
            800.0, 
            750.0, 
            4300.0, 
            2950.0, 
            1750.0, 
            749.0, 
            1300.0, 
            1000.0, 
            1250.0, 
            1200.0, 
            1250.0, 
            3200.0, 
            3400.0, 
            1195.0, 
            2750.0, 
            1850.0, 
            790.0, 
            4500.0, 
            2200.0, 
            4500.0, 
            999.0, 
            630.0, 
            830.0, 
            1400.0, 
            750.0, 
            1600.0, 
            950.0, 
            1500.0, 
            1300.0, 
            1100.0, 
            5500.0, 
            950.0, 
            4000.0, 
            1300.0, 
            1050.0, 
            4000.0, 
            1175.0, 
            920.0, 
            2200.0, 
            1300.0, 
            1100.0, 
            850.0, 
            850.0, 
            850.0, 
            2500.0, 
            1650.0, 
            1700.0, 
            1550.0, 
            700.0, 
            1500.0, 
            16000.0, 
            2400.0, 
            2160.0, 
            4500.0, 
            1350.0, 
            800.0, 
            660.0, 
            2200.0, 
            1300.0, 
            640.0, 
            1300.0, 
            750.0, 
            1250.0, 
            620.0, 
            1700.0, 
            1100.0, 
            2500.0, 
            2800.0, 
            750.0, 
            3600.0, 
            2800.0, 
            1000.0, 
            1150.0, 
            900.0, 
            2430.0, 
            4800.0, 
            2750.0, 
            3800.0, 
            750.0, 
            800.0, 
            850.0, 
            690.0, 
            3500.0, 
            1150.0, 
            1500.0, 
            1600.0, 
            775.0, 
            900.0, 
            2380.0, 
            5500.0, 
            800.0, 
            590.0, 
            700.0, 
            2700.0, 
            950.0, 
            1700.0, 
            1500.0, 
            950.0, 
            1000.0, 
            1400.0, 
            950.0, 
            3000.0, 
            825.0, 
            10000.0, 
            2400.0, 
            1500.0, 
            895.0, 
            4300.0, 
            800.0, 
            6000.0, 
            3800.0, 
            800.0, 
            1000.0, 
            1500.0, 
            1240.0, 
            850.0, 
            1350.0, 
            625.0, 
            2000.0, 
            1350.0, 
            2500.0, 
            1550.0, 
            1550.0, 
            2700.0, 
            1100.0, 
            3500.0, 
            3000.0, 
            1900.0, 
            1500.0, 
            600.0, 
            2100.0, 
            3105.0, 
            800.0, 
            3000.0, 
            650.0, 
            2295.0, 
            1000.0, 
            915.0, 
            2100.0, 
            1600.0, 
            900.0, 
            7450.0, 
            9000.0, 
            1350.0, 
            3500.0, 
            825.0, 
            2900.0, 
            2800.0, 
            3780.0, 
            750.0, 
            2600.0, 
            2200.0, 
            1000.0, 
            800.0, 
            3000.0, 
            975.0, 
            2600.0, 
            1250.0, 
            3000.0, 
            1800.0, 
            3105.0, 
            1575.0, 
            2160.0, 
            900.0, 
            3250.0, 
            2565.0, 
            4300.0, 
            1400.0, 
            3900.0, 
            750.0, 
            870.0, 
            1300.0, 
            975.0, 
            7500.0, 
            1350.0, 
            950.0, 
            1600.0, 
            2700.0, 
            900.0, 
            850.0, 
            1300.0, 
            850.0, 
            2295.0, 
            1100.0, 
            1700.0
        ]
    }, 
    "processed_feature_names": [
        "Floor", 
        "Sq. Mt.", 
        "num_flagonly:Penthouse:not_missing", 
        "num_flagonly:Outer:not_missing", 
        "num_flagonly:Cottage:not_missing", 
        "dummy:Area:Chueca-Justicia", 
        "dummy:Area:Recoletos", 
        "dummy:Area:Almagro", 
        "dummy:Area:Castellana", 
        "dummy:Area:Goya", 
        "dummy:Area:Arguelles", 
        "dummy:Area:Cuatro Caminos", 
        "dummy:Area:Nueva Espana", 
        "dummy:Area:Bernabeu-Hispanoamerica", 
        "dummy:Area:Palacio", 
        "dummy:Area:Lavapies-Embajadores", 
        "dummy:Area:Malasana-Universidad", 
        "dummy:Area:Nuevos Ministerios-Rios Rosas", 
        "dummy:Area:El Viso", 
        "dummy:Area:Cuzco-Castillejos", 
        "dummy:Area:Arapiles", 
        "dummy:Area:Sol", 
        "dummy:Area:Sanchinarro", 
        "dummy:Area:Las Tablas", 
        "dummy:Area:Ibiza", 
        "dummy:Area:Lista", 
        "dummy:Area:Huertas-Cortes", 
        "dummy:Area:Trafalgar", 
        "dummy:Area:Prosperidad", 
        "dummy:Area:Castilla", 
        "dummy:Area:Barajas", 
        "dummy:Area:Rejas", 
        "dummy:Area:Vallehermoso", 
        "dummy:Area:Ciudad Jardin", 
        "dummy:Area:Aravaca", 
        "dummy:Area:San Juan Bautista", 
        "dummy:Area:San Diego", 
        "dummy:Area:Gaztambide", 
        "dummy:Area:Guindalera", 
        "dummy:Area:Valdemarin", 
        "dummy:Area:San Isidro", 
        "dummy:Area:Valdeacederas", 
        "dummy:Area:Acacias", 
        "dummy:Area:Ensanche de Vallecas - La Gavia", 
        "dummy:Area:Valdezarza", 
        "dummy:Area:Montecarmelo", 
        "dummy:Area:Concepcion", 
        "dummy:Area:Ciudad Universitaria", 
        "dummy:Area:Costillares", 
        "dummy:Area:Bellas Vistas", 
        "dummy:Area:Conde Orgaz-Piovera", 
        "dummy:Area:Jeronimos", 
        "dummy:Area:Berruguete", 
        "dummy:Area:Delicias", 
        "dummy:Area:La Paz", 
        "dummy:Area:Numancia", 
        "dummy:Area:San Pascual", 
        "dummy:Area:Casco Historico de Vallecas", 
        "dummy:Area:Valdebebas - Valdefuentes", 
        "dummy:Area:Simancas", 
        "dummy:Area:Pacifico", 
        "dummy:Area:Pinar del Rey", 
        "dummy:Area:Ni\u00f1o Jesus", 
        "dummy:Area:Ventilla-Almenara", 
        "dummy:Area:Penagrande", 
        "dummy:Area:Pilar", 
        "dummy:Area:Vista Alegre", 
        "dummy:Area:Fuente del Berro", 
        "dummy:Area:Quintana", 
        "dummy:Area:Puerta Bonita", 
        "dummy:Area:Aluche", 
        "dummy:Area:Campamento", 
        "dummy:Area:Imperial", 
        "dummy:Area:Canillas", 
        "dummy:Area:Ap\u00f3stol Santiago", 
        "dummy:Area:Legazpi", 
        "dummy:Area:Puerta del Angel", 
        "dummy:Area:Pueblo Nuevo", 
        "dummy:Area:Palomas", 
        "dummy:Area:Los Angeles", 
        "dummy:Area:Media Legua", 
        "dummy:Area:Salvador", 
        "dummy:Area:Colina", 
        "dummy:Area:Tres Olivos - Valverde", 
        "dummy:Area:Palos de Moguer", 
        "dummy:Area:Almendrales", 
        "dummy:Area:Palomeras sureste", 
        "dummy:Area:Butarque", 
        "dummy:Area:Abrantes", 
        "dummy:Area:Comillas", 
        "dummy:Area:Adelfas", 
        "dummy:Area:Arroyo del Fresno", 
        "dummy:Area:Fuentelarreina", 
        "dummy:Area:Arcos", 
        "dummy:Area:San Andres", 
        "dummy:Area:Mirasierra", 
        "dummy:Area:Atalaya", 
        "dummy:Area:Valdebernardo - Valderribas", 
        "dummy:Area:Pau de Carabanchel", 
        "dummy:Area:Buena Vista", 
        "dummy:Area:San Fermin", 
        "dummy:Area:Opanel", 
        "dummy:Area:Estrella", 
        "dummy:Area:Rosas", 
        "dummy:Area:Palomeras Bajas", 
        "dummy:Area:Zofao", 
        "dummy:Area:Ventas", 
        "dummy:Area:Manoteras", 
        "dummy:Area:Los Carmenes", 
        "dummy:Area:Lucero", 
        "dummy:Area:Vinateros", 
        "dummy:Area:Entrevias", 
        "dummy:Area:12 de Octubre-Orcasur", 
        "dummy:Area:Ambroz", 
        "dummy:Area:Moscardo", 
        "dummy:Area:Chopera", 
        "dummy:Area:Gasometro", 
        "dummy:Area:Plaza de Espana", 
        "dummy:Area:Escalinata", 
        "dummy:Area:Portazgo", 
        "dummy:Area:Hellan", 
        "dummy:Area:Pradolongo", 
        "dummy:Area:El Plantio", 
        "dummy:Area:Los Rosales", 
        "dummy:Area:Oriana", 
        "dummy:Area:Horcajo", 
        "dummy:Area:Canillejas", 
        "dummy:Area:Sodio", 
        "dummy:Area:Fontarron", 
        "dummy:Area:Pena", 
        "dummy:Area:Aguilas", 
        "dummy:Area:N/A", 
        "dummy:Area:__Others__"
    ], 
    "regression_performance": {
        "max_error": 2623.0400000000113, 
        "median_error": -36.0, 
        "error_distribution": [
            {
                "count": 48, 
                "bin_max": -597.66399999999885, 
                "bin_id": 0, 
                "bin_min": -959.09856000000002
            }, 
            {
                "count": 107, 
                "bin_max": -239.80799999999772, 
                "bin_id": 1, 
                "bin_min": -597.66399999999885
            }, 
            {
                "count": 222, 
                "bin_max": 118.04800000000341, 
                "bin_id": 2, 
                "bin_min": -239.80799999999772
            }, 
            {
                "count": 109, 
                "bin_max": 475.90400000000454, 
                "bin_id": 3, 
                "bin_min": 118.04800000000341
            }, 
            {
                "count": 33, 
                "bin_max": 833.76000000000568, 
                "bin_id": 4, 
                "bin_min": 475.90400000000454
            }, 
            {
                "count": 14, 
                "bin_max": 1191.6160000000068, 
                "bin_id": 5, 
                "bin_min": 833.76000000000568
            }, 
            {
                "count": 7, 
                "bin_max": 1549.4720000000079, 
                "bin_id": 6, 
                "bin_min": 1191.6160000000068
            }, 
            {
                "count": 4, 
                "bin_max": 1907.3280000000091, 
                "bin_id": 7, 
                "bin_min": 1549.4720000000079
            }, 
            {
                "count": 1, 
                "bin_max": 2265.1840000000102, 
                "bin_id": 8, 
                "bin_min": 1907.3280000000091
            }, 
            {
                "count": 14, 
                "bin_max": 2623.0400000000113, 
                "bin_id": 9, 
                "bin_min": 2265.1840000000102
            }
        ], 
        "min_error": -955.51999999999998, 
        "average_error": 47.19005366726321, 
        "std_error": 610.0699281157994, 
        "p75_error": 210.0, 
        "p90_error": 665.1999999999999, 
        "p25_error": -269.0
    }
}