{
  "state": "DONE",
  "preSearchDescription": {
    "gridLength": 1,
    "importantParams": []
  },
  "postSearchDescription": {
    "importantParams": []
  },
  "sampleWeightsEnabled": false,
  "modelId": "m1",
  "progress": {
    "top_level_todo": [],
    "stack": [],
    "top_level_done": [
      {
        "name": "Loading train set",
        "time": 41
      },
      {
        "name": "Loading test set",
        "time": 23
      },
      {
        "name": "Collecting statistics",
        "time": 30
      },
      {
        "name": "Preprocessing train set",
        "time": 86
      },
      {
        "name": "Preprocessing test set",
        "time": 52
      },
      {
        "name": "Fitting model",
        "time": 99
      },
      {
        "name": "Saving model",
        "time": 3
      },
      {
        "name": "Scoring model",
        "time": 270
      }
    ]
  },
  "startTime": 1562031007352,
  "endTime": 1562031007986,
  "preprocessingTime": 250,
  "trainingTime": 384
}