{
    "modelInputIsSparse": false, 
    "modelInputNRows": 1315, 
    "modelInputNCols": 25, 
    "modelInputMemory": 263000, 
    "lmCoefficients": {
        "interceptStderr": null, 
        "interceptTstat": null, 
        "rescaledInterceptCoef": 72.552493830226922, 
        "rescaledCoefs": [
            717.41120688275976, 
            523.40943389268716, 
            896.18521700568647, 
            612.76704400322285, 
            701.08073568340933, 
            221.26589136128192, 
            738.98182520289652, 
            763.35349885824701, 
            651.1716843126776, 
            421.04531562877344, 
            1537.6548139087547, 
            321.21487659842069, 
            460.39766142955148, 
            552.44647057661007, 
            723.41941543439691, 
            476.2190697939709, 
            524.55957603339505, 
            1440.0148234790497, 
            473.01123320657041, 
            650.12462487514995, 
            702.86114440992196, 
            26.508965795653175, 
            11.593998022375231
        ], 
        "variables": [
            "Area_Almagro", 
            "Area_Arguelles", 
            "Area_Castellana", 
            "Area_Chueca-Justicia", 
            "Area_Conde Orgaz-Piovera", 
            "Area_Cuatro Caminos", 
            "Area_El Viso", 
            "Area_Goya", 
            "Area_Huertas-Cortes", 
            "Area_Ibiza", 
            "Area_Jeronimos", 
            "Area_Lavapies-Embajadores", 
            "Area_Lista", 
            "Area_Malasana-Universidad", 
            "Area_Ni\u00f1o Jesus", 
            "Area_Nueva Espana", 
            "Area_Palacio", 
            "Area_Recoletos", 
            "Area_Sol", 
            "Area_Trafalgar", 
            "Area_Vallehermoso", 
            "Floor", 
            "Sq. Mt."
        ], 
        "interceptCoef": 1499.875776193003, 
        "interceptPvalue": null, 
        "coefs": [
            717.41120688275976, 
            523.40943389268716, 
            896.18521700568647, 
            612.76704400322285, 
            701.08073568340933, 
            221.26589136128192, 
            738.98182520289652, 
            763.35349885824701, 
            651.1716843126776, 
            421.04531562877344, 
            1537.6548139087547, 
            321.21487659842069, 
            460.39766142955148, 
            552.44647057661007, 
            723.41941543439691, 
            476.2190697939709, 
            524.55957603339505, 
            1440.0148234790497, 
            473.01123320657041, 
            650.12462487514995, 
            702.86114440992196, 
            78.490408585922665, 
            991.55742150874244
        ]
    }
}