{
  "state": "DONE",
  "preSearchDescription": {
    "gridLength": 1,
    "importantParams": []
  },
  "postSearchDescription": {
    "importantParams": []
  },
  "sampleWeightsEnabled": false,
  "modelId": "m1",
  "progress": {
    "top_level_todo": [],
    "stack": [],
    "top_level_done": [
      {
        "name": "Loading train set",
        "time": 25
      },
      {
        "name": "Loading test set",
        "time": 16
      },
      {
        "name": "Collecting statistics",
        "time": 46
      },
      {
        "name": "Preprocessing train set",
        "time": 33
      },
      {
        "name": "Preprocessing test set",
        "time": 27
      },
      {
        "name": "Fitting model",
        "time": 22
      },
      {
        "name": "Saving model",
        "time": 3
      },
      {
        "name": "Scoring model",
        "time": 90
      }
    ]
  },
  "startTime": 1562034439710,
  "endTime": 1562034439977,
  "preprocessingTime": 152,
  "trainingTime": 115
}