{
    "modelInputIsSparse": false, 
    "modelInputNRows": 1315, 
    "modelInputNCols": 26, 
    "modelInputMemory": 273520, 
    "lmCoefficients": {
        "interceptStderr": null, 
        "interceptTstat": null, 
        "rescaledInterceptCoef": 72.552493830228286, 
        "rescaledCoefs": [
            717.41120688275748, 
            523.40943389268432, 
            896.18521700568101, 
            612.76704400322421, 
            701.08073568340353, 
            221.2658913612843, 
            738.98182520289583, 
            763.35349885824587, 
            651.17168431268067, 
            421.04531562877241, 
            1537.6548139087492, 
            321.21487659842455, 
            460.39766142955199, 
            552.4464705766145, 
            723.4194154343943, 
            476.2190697939705, 
            524.55957603339664, 
            1440.0148234790443, 
            473.01123320657257, 
            650.12462487515086, 
            702.86114440992083, 
            26.508965795653218, 
            11.593998022375219
        ], 
        "variables": [
            "Area_Almagro", 
            "Area_Arguelles", 
            "Area_Castellana", 
            "Area_Chueca-Justicia", 
            "Area_Conde Orgaz-Piovera", 
            "Area_Cuatro Caminos", 
            "Area_El Viso", 
            "Area_Goya", 
            "Area_Huertas-Cortes", 
            "Area_Ibiza", 
            "Area_Jeronimos", 
            "Area_Lavapies-Embajadores", 
            "Area_Lista", 
            "Area_Malasana-Universidad", 
            "Area_Ni\u00f1o Jesus", 
            "Area_Nueva Espana", 
            "Area_Palacio", 
            "Area_Recoletos", 
            "Area_Sol", 
            "Area_Trafalgar", 
            "Area_Vallehermoso", 
            "Floor", 
            "Sq. Mt."
        ], 
        "interceptCoef": 1819.7695817490494, 
        "interceptPvalue": null, 
        "coefs": [
            131.86129132324254, 
            87.71386215560706, 
            164.72023136165208, 
            127.91819687186138, 
            60.927411922126858, 
            35.628121081043197, 
            98.955956335469665, 
            135.81349485756132, 
            75.690467718649998, 
            51.548752892511324, 
            133.62987095878029, 
            47.190499580136802, 
            54.960648845099115, 
            81.161324823651384, 
            52.660198683310838, 
            73.406503915422746, 
            78.351344230180644, 
            300.61032408788839, 
            62.030612635105605, 
            75.568760309583084, 
            72.162511945032122, 
            78.490408585922793, 
            991.55742150874141
        ]
    }
}