{
  "state": "DONE",
  "preSearchDescription": {
    "gridLength": 1,
    "importantParams": []
  },
  "postSearchDescription": {
    "importantParams": []
  },
  "sampleWeightsEnabled": false,
  "modelId": "m1",
  "progress": {
    "top_level_todo": [],
    "stack": [],
    "top_level_done": [
      {
        "name": "Loading train set",
        "time": 63
      },
      {
        "name": "Loading test set",
        "time": 29
      },
      {
        "name": "Collecting statistics",
        "time": 109
      },
      {
        "name": "Preprocessing train set",
        "time": 171
      },
      {
        "name": "Preprocessing test set",
        "time": 183
      },
      {
        "name": "Fitting model",
        "time": 47
      },
      {
        "name": "Saving model",
        "time": 2
      },
      {
        "name": "Scoring model",
        "time": 187
      }
    ]
  },
  "startTime": 1562033155778,
  "endTime": 1562033156575,
  "preprocessingTime": 561,
  "trainingTime": 236
}