{
    "per_feature": {
        "Penthouse": {
            "stats": {}
        }, 
        "Outer": {
            "stats": {}
        }, 
        "District": {
            "stats": {}
        }, 
        "Floor": {
            "stats": {
                "std": 2.8703325837319165, 
                "p99": 14.0, 
                "min": -0.5, 
                "max": 28.0, 
                "average": 3.535795887281036, 
                "median": 3.0
            }, 
            "missing_impute_with_value": 3.535795887281036
        }, 
        "Duplex": {
            "stats": {}
        }, 
        "Bedrooms": {
            "stats": {}
        }, 
        "Elevator": {
            "stats": {
                "std": 0.3333122412041514, 
                "p99": 1.0, 
                "min": 0.0, 
                "max": 1.0, 
                "average": 0.8728103579588729, 
                "median": 1.0
            }, 
            "missing_impute_with_value": 0.8728103579588729
        }, 
        "Semi-detached": {
            "stats": {
                "std": 0.02759736623304414, 
                "p99": 0.0, 
                "min": 0.0, 
                "max": 1.0, 
                "average": 0.0007616146230007616, 
                "median": 0.0
            }, 
            "missing_impute_with_value": 0.0007616146230007616
        }, 
        "Rent": {
            "stats": {}
        }, 
        "Sq. Mt.": {
            "stats": {
                "std": 84.34089098012487, 
                "p99": 419.3999999999994, 
                "min": 20.0, 
                "max": 1250.0, 
                "average": 114.78674790555979, 
                "median": 90.0
            }, 
            "missing_impute_with_value": 114.78674790555979
        }, 
        "Cottage": {
            "stats": {
                "std": 0.02759736623304414, 
                "p99": 0.0, 
                "min": 0.0, 
                "max": 1.0, 
                "average": 0.0007616146230007616, 
                "median": 0.0
            }, 
            "missing_impute_with_value": 0.0007616146230007616
        }, 
        "Area": {
            "stats": {
                "mostFrequentValue": "Chueca-Justicia", 
                "leastFrequentValue": "El Plantio"
            }, 
            "category_possible_counts": [
                60, 
                60, 
                48, 
                44, 
                40, 
                37, 
                34, 
                31, 
                31, 
                30, 
                29, 
                28, 
                28, 
                26, 
                26, 
                26, 
                26, 
                25, 
                24, 
                23, 
                22, 
                22, 
                21, 
                20, 
                17, 
                16, 
                15, 
                14, 
                14, 
                14, 
                13, 
                13, 
                13, 
                12, 
                12, 
                12, 
                12, 
                12, 
                12, 
                11, 
                11, 
                11, 
                11, 
                10, 
                10, 
                9, 
                9, 
                9, 
                8, 
                8, 
                8, 
                7, 
                7, 
                7, 
                7, 
                6, 
                6, 
                6, 
                6, 
                6, 
                6, 
                6, 
                6, 
                6, 
                6, 
                6, 
                6, 
                6, 
                5, 
                5, 
                5, 
                5, 
                5, 
                5, 
                4, 
                4, 
                4, 
                4, 
                4, 
                4, 
                4, 
                4, 
                4, 
                4, 
                4, 
                3, 
                3, 
                3, 
                3, 
                3, 
                3, 
                3, 
                2, 
                2, 
                2, 
                2, 
                2, 
                2, 
                2, 
                2, 
                2, 
                2, 
                2, 
                2, 
                1, 
                1, 
                1, 
                1, 
                1, 
                1, 
                1, 
                1, 
                1, 
                1, 
                1
            ], 
            "category_possible_values": [
                "Chueca-Justicia", 
                "Recoletos", 
                "Almagro", 
                "Castellana", 
                "Goya", 
                "Arguelles", 
                "Cuatro Caminos", 
                "Lavapies-Embajadores", 
                "Valdebebas - Valdefuentes", 
                "Bernabeu-Hispanoamerica", 
                "Nueva Espana", 
                "Cuzco-Castillejos", 
                "Palacio", 
                "Valverde", 
                "El Viso", 
                "Ibiza", 
                "Huertas-Cortes", 
                "Nuevos Ministerios-Rios Rosas", 
                "Lista", 
                "Malasana-Universidad", 
                "Arapiles", 
                "Sol", 
                "Trafalgar", 
                "Castilla", 
                "Prosperidad", 
                "Rejas", 
                "Barajas", 
                "Aravaca", 
                "Vallehermoso", 
                "Valdemarin", 
                "Villaverde", 
                "San Juan Bautista", 
                "Ciudad Jardin", 
                "Bellas Vistas", 
                "Gaztambide", 
                "Valdezarza", 
                "Ensanche de Vallecas - La Gavia", 
                "Guindalera", 
                "Acacias", 
                "San Diego", 
                "Penagrande", 
                "La Paz", 
                "Conde Orgaz-Piovera", 
                "San Isidro", 
                "Delicias", 
                "Costillares", 
                "Ventilla-Almenara", 
                "El Goloso", 
                "Concepcion", 
                "Ciudad Universitaria", 
                "Berruguete", 
                "San Pascual", 
                "Simancas", 
                "Ni\u00f1o Jesus", 
                "Vista Alegre", 
                "Pueblo Nuevo", 
                "Fuente del Berro", 
                "Abrantes", 
                "Numancia", 
                "Puerta del Angel", 
                "Pacifico", 
                "Pilar", 
                "Palomeras Bajas", 
                "Aluche", 
                "Colina", 
                "Valdeacederas", 
                "Pinar del Rey", 
                "Legazpi", 
                "Canillas", 
                "Casco Historico de Vallecas", 
                "Puerta Bonita", 
                "Palomas", 
                "Imperial", 
                "Jeronimos", 
                "Opanel", 
                "Atalaya", 
                "Buena Vista", 
                "Ap\u00f3stol Santiago", 
                "Zofao", 
                "Ventas", 
                "Salvador", 
                "Campamento", 
                "Palos de Moguer", 
                "Mirasierra", 
                "Estrella", 
                "Ambroz", 
                "San Fermin", 
                "Quintana", 
                "Palomeras sureste", 
                "Lucero", 
                "Pradolongo", 
                "Rosas", 
                "Moscardo", 
                "Arcos", 
                "Fuentelarreina", 
                "Aguilas", 
                "Valdebernardo - Valderribas", 
                "Pavones", 
                "Adelfas", 
                "Almendrales", 
                "Portazgo", 
                "Vinateros", 
                "Comillas", 
                "Media Legua", 
                "Hellan", 
                "Horcajo", 
                "Fontarron", 
                "Los Carmenes", 
                "Entrevias", 
                "Marroquina", 
                "Arroyo del Fresno", 
                "Canillejas", 
                "Chopera", 
                "Apostol Santiago", 
                "El Plantio"
            ]
        }, 
        "Id": {
            "stats": {}
        }
    }, 
    "feature_order": [
        "Penthouse", 
        "Bedrooms", 
        "Outer", 
        "District", 
        "Floor", 
        "Duplex", 
        "Area", 
        "Elevator", 
        "Semi-detached", 
        "Rent", 
        "Sq. Mt.", 
        "Cottage", 
        "Id"
    ]
}