{
  "trainedWithDSSVersion": "5.0.3",
  "isValid": true,
  "type": "REGRESSION",
  "algorithm_name": "LINEAR",
  "columns": [
    "Sq. Mt.",
    "Floor",
    "dummy:Area:Chueca-Justicia",
    "dummy:Area:Recoletos",
    "dummy:Area:Almagro",
    "dummy:Area:Castellana",
    "dummy:Area:Goya",
    "dummy:Area:Lavapies-Embajadores",
    "dummy:Area:Nueva Espana",
    "dummy:Area:Valverde",
    "dummy:Area:El Viso",
    "dummy:Area:Rejas",
    "dummy:Area:Barajas",
    "dummy:Area:Valdemarin",
    "dummy:Area:Villaverde",
    "dummy:Area:Bellas Vistas",
    "dummy:Area:Ensanche de Vallecas - La Gavia",
    "dummy:Area:San Diego",
    "dummy:Area:Penagrande",
    "dummy:Area:San Isidro",
    "dummy:Area:Berruguete",
    "dummy:Area:Vista Alegre",
    "dummy:Area:Abrantes",
    "dummy:Area:Numancia",
    "dummy:Area:Jeronimos"
  ]
}