{
    "metrics": {
        "rmse": 653.6939491959706, 
        "pearson": 0.86813417162211226, 
        "mae": 440.5991118451098, 
        "r2": 0.75314286711788603, 
        "mape": 0.2473734607923304, 
        "mse": 427315.77921542415, 
        "evs": 0.75365679341941172, 
        "rmsle": 0.3002973518464229
    }, 
    "scatterPlotData": {
        "y": [
            2307.366, 
            967.753, 
            862.2985, 
            3843.3159, 
            3743.0397, 
            1173.6888, 
            1164.1047, 
            783.6063, 
            1271.2094, 
            1049.7644, 
            1219.1299, 
            923.2489, 
            1498.5647, 
            1558.1106, 
            1133.7994, 
            987.5185, 
            2322.7117, 
            1490.6308, 
            1714.508, 
            483.5763, 
            2785.5753, 
            1784.8523, 
            1584.8323, 
            914.378, 
            696.6162, 
            783.6063, 
            1318.7787, 
            2075.8825, 
            1921.7949, 
            1253.4676, 
            1993.927, 
            1132.1398, 
            1027.4079, 
            1184.9894, 
            1245.1697, 
            1088.3583, 
            2666.9937, 
            1446.2763, 
            2183.3382, 
            1566.5175, 
            2887.511, 
            740.3977, 
            1610.872, 
            5799.1165, 
            1915.5647, 
            827.3879, 
            1393.1102, 
            3143.5027, 
            1732.7728, 
            1610.872, 
            1615.8508, 
            931.5468, 
            1671.8224, 
            1367.0705, 
            2098.4751, 
            1680.6933, 
            1764.8328, 
            2533.9988, 
            1415.9587, 
            966.4575, 
            1174.7268, 
            1332.1598, 
            666.1321, 
            397.0505, 
            3026.1132, 
            2252.5866, 
            1787.2327, 
            1798.3379, 
            1913.2825, 
            5683.854, 
            1250.2764, 
            2409.398, 
            3169.5424, 
            2332.1556, 
            888.3383, 
            2062.9915, 
            2305.239, 
            2864.7904, 
            3062.9873, 
            5086.0219, 
            3498.6745, 
            2454.7336, 
            3364.5836, 
            3255.4366, 
            1123.2689, 
            1133.7994, 
            951.2177, 
            3247.6616, 
            1574.3018, 
            1227.4279, 
            1271.2094, 
            1001.3681, 
            1288.9512, 
            1854.6736, 
            1905.0935, 
            3439.3837, 
            3737.1081, 
            1671.8224, 
            2479.2193, 
            5013.7471, 
            1062.3185, 
            1976.5744, 
            3317.4829, 
            2715.754, 
            3583.3231, 
            1184.2193, 
            1227.4279, 
            3354.2369, 
            5641.1102, 
            2196.5594, 
            2991.8538, 
            827.3879, 
            1210.259, 
            1071.1894, 
            2837.6548, 
            2593.8532, 
            679.4473, 
            1341.0307, 
            1010.5085, 
            1137.2465, 
            1306.1201, 
            1454.0606, 
            549.1926, 
            1217.4704, 
            862.2985, 
            1674.4597, 
            1836.9318, 
            2837.6548, 
            1860.8445, 
            1193.0902, 
            926.5681, 
            1184.2193, 
            855.0872, 
            740.3977, 
            6951.9136, 
            1836.1463, 
            2647.2124, 
            1435.2322, 
            877.0945, 
            966.4575, 
            757.5666, 
            1037.9384, 
            1009.6661, 
            2999.7534, 
            1472.1036, 
            1732.7728, 
            1436.8918, 
            1253.4676, 
            2716.8499, 
            1081.9893, 
            3737.1081, 
            1784.8523, 
            1932.7928, 
            1147.6491, 
            760.8857, 
            2301.9423, 
            2290.1972, 
            863.9581, 
            1654.0806, 
            1807.7008, 
            1140.4377, 
            1375.3684, 
            861.7255, 
            2856.7917, 
            2024.7617, 
            814.0067, 
            1783.3206, 
            1895.6496, 
            1193.0902, 
            2579.7093, 
            1917.2836, 
            1007.1893, 
            1341.0307, 
            3550.4708, 
            1739.3519, 
            681.1069, 
            1069.9984, 
            2098.4751, 
            731.5268, 
            4745.5654, 
            1106.1001, 
            1001.3681, 
            1610.872, 
            5374.8505, 
            3946.3882, 
            2938.3356, 
            3265.4034, 
            3340.2035, 
            3061.6192, 
            2066.0982, 
            2427.4437, 
            748.6957, 
            1610.872, 
            949.8056, 
            853.4276, 
            2142.2567, 
            1944.5154, 
            464.4961, 
            1506.1401, 
            5408.8083, 
            2852.0274, 
            1088.3583, 
            2307.366, 
            1659.7603, 
            696.6162, 
            1122.0778, 
            705.4871, 
            1085.6017, 
            2179.9135, 
            2298.4951, 
            2005.9333, 
            949.2886, 
            3797.1928, 
            1010.239, 
            1617.0429, 
            423.0902, 
            1219.1299, 
            1692.8834, 
            931.5468, 
            1828.6338, 
            2221.4625, 
            681.1069, 
            2104.646, 
            1045.1497, 
            1349.9016, 
            977.7581, 
            1755.7945, 
            923.2489, 
            2017.6559, 
            984.4687, 
            2603.2471, 
            1412.9801, 
            1158.1796, 
            1011.8986, 
            843.3656, 
            1765.4509, 
            1024.0887, 
            3760.2085, 
            666.8918, 
            1367.0705, 
            6323.7525, 
            1589.811, 
            1947.8346, 
            1393.1102, 
            1219.1299, 
            2273.542, 
            1537.8595, 
            1558.7925, 
            1158.1796, 
            1541.0507, 
            1407.0878, 
            1645.7827, 
            1062.3185, 
            2812.711, 
            1172.0292, 
            1952.1942, 
            4614.6099, 
            1271.2094, 
            1519.9898, 
            1367.0705, 
            1071.1894, 
            2454.2106, 
            1567.0905, 
            829.0475, 
            849.743, 
            1280.0803, 
            1558.7925, 
            1149.3087, 
            2011.6688, 
            1293.93, 
            1793.7232, 
            1245.1697, 
            2107.5298, 
            5981.0352, 
            1375.9414, 
            536.4856, 
            1574.4297, 
            4116.8857, 
            2638.1577, 
            696.6162, 
            1322.5035, 
            7500.4671, 
            815.1978, 
            1885.82, 
            1341.0307, 
            948.4805, 
            1358.1996, 
            1358.1996, 
            1158.1796, 
            1383.6663, 
            1341.0307, 
            1142.9397, 
            5145.9946, 
            3679.4211, 
            1715.2148, 
            2865.7681, 
            1401.9811, 
            1854.6736, 
            3238.2677, 
            794.1368, 
            1473.462, 
            4318.7289, 
            2533.9988, 
            754.2474, 
            1501.1613, 
            3133.5358, 
            775.7769, 
            1562.1117, 
            4152.5236, 
            731.5268, 
            1451.9336, 
            1016.8774, 
            1123.2689, 
            792.4772, 
            1021.039, 
            2158.8526, 
            1563.8992, 
            1464.5911, 
            1460.2315, 
            2481.3463, 
            1027.4079, 
            914.378, 
            1088.3583, 
            4150.9195, 
            4069.5594, 
            1097.2292, 
            3176.5785, 
            3110.2516, 
            928.2277, 
            975.3284, 
            809.6461, 
            1453.4876, 
            2306.2701, 
            2742.8897, 
            1147.6491, 
            1723.9019, 
            3560.1885, 
            1184.2193, 
            1297.2492, 
            6860.3804, 
            3580.987, 
            2524.0319, 
            1036.2788, 
            2072.4354, 
            815.1978, 
            2539.8517, 
            975.3284, 
            5080.3646, 
            1777.068, 
            4079.3831, 
            2194.3362, 
            1574.3018, 
            2681.9393, 
            1038.7085, 
            1522.2223, 
            5020.3854, 
            1436.8918, 
            1175.3484, 
            592.7996, 
            2738.4745, 
            1722.6517, 
            2420.3959, 
            914.378, 
            4175.2441, 
            2608.0114, 
            2863.1309, 
            2647.0286, 
            3360.8753, 
            1271.2094, 
            1843.6756, 
            1317.1642, 
            1401.9811, 
            1314.418, 
            1050.1284, 
            2629.8598, 
            706.7826, 
            705.4871, 
            1022.4291, 
            1193.0902, 
            1294.1994, 
            2026.8307, 
            1880.7133, 
            1419.15, 
            2272.4554, 
            1674.9064, 
            6572.7973, 
            1841.3376, 
            2314.5774, 
            1132.1398, 
            917.6972, 
            1584.2593, 
            3047.6416, 
            1302.8009, 
            2237.7285, 
            1271.2094, 
            801.3481, 
            1436.8918, 
            2121.3795, 
            768.0971, 
            2376.6144, 
            1149.3087, 
            1596.3205, 
            1254.0406, 
            1114.1628, 
            2731.8917, 
            666.8918, 
            1036.2788, 
            1182.6877, 
            642.0473, 
            1175.3484, 
            1506.1401, 
            1418.3645, 
            2368.3164, 
            1473.462, 
            1697.3947, 
            1610.872, 
            1234.6392, 
            851.768, 
            2150.5546, 
            1532.1798, 
            2127.962, 
            1984.6371, 
            609.0044, 
            813.5382, 
            1109.4192, 
            1515.011, 
            2524.0319, 
            3299.2181, 
            1696.2026, 
            959.8191, 
            1606.9312, 
            1619.7429, 
            1085.0391, 
            579.142, 
            2258.6057, 
            670.5764, 
            1732.7728, 
            1323.2889, 
            1406.9599, 
            1784.8523, 
            2856.7917, 
            1173.6888, 
            1030.6784, 
            2149.0788, 
            1854.6736, 
            925.1779, 
            961.4787, 
            705.4871, 
            1549.3487, 
            4143.6527, 
            1415.2578, 
            1219.1299, 
            6347.2606, 
            1452.401, 
            968.1171, 
            1245.1697, 
            2565.995, 
            3108.7758, 
            1755.4934, 
            1375.3684, 
            1147.6491, 
            694.2434, 
            1985.4453, 
            983.5174, 
            1784.8523, 
            1032.5941, 
            1092.5198, 
            1367.0705, 
            1985.4453, 
            1193.0902, 
            2213.1646, 
            1376.9191, 
            1870.3666, 
            1115.6935, 
            720.2831, 
            1102.2079, 
            1452.401, 
            1260.6789, 
            1410.852, 
            1495.3744, 
            1229.0875, 
            1654.6536, 
            1220.7895, 
            3306.6692, 
            2624.0249, 
            1593.1302, 
            1767.6834, 
            1172.0292, 
            1584.8323, 
            5311.6769, 
            673.0061, 
            1172.5637, 
            3474.4781, 
            1515.011, 
            1878.9944, 
            1915.624, 
            983.6263, 
            1724.8796, 
            1272.869, 
            2309.435, 
            1462.9315, 
            1369.1986, 
            1412.5116, 
            2843.8574, 
            931.3116, 
            853.4276, 
            1001.3681, 
            2220.3759, 
            1088.123, 
            1349.3287, 
            1889.0113, 
            1644.1231, 
            573.5243, 
            1758.8125, 
            747.0361, 
            1367.1984, 
            2200.5071, 
            1272.1871, 
            907.1667, 
            853.4276, 
            1706.1601, 
            1318.3102, 
            1140.4377, 
            1123.2689, 
            3062.9873, 
            1688.9913, 
            1024.3581, 
            888.3383, 
            1766.4924, 
            1010.239, 
            3047.6416, 
            652.5994, 
            1106.1001, 
            1339.8397, 
            2197.6553, 
            1513.3514, 
            2290.1972, 
            2394.3562, 
            3974.9597, 
            3354.0531, 
            4958.4638, 
            992.4972, 
            7182.3012, 
            1393.1102, 
            1507.6907, 
            1071.1894, 
            801.3481, 
            2642.8797, 
            739.5895, 
            733.1864, 
            608.7366, 
            1617.5104, 
            1784.8523, 
            1001.3681, 
            731.5268, 
            1462.1233, 
            2271.988, 
            917.145, 
            4458.3715
        ], 
        "x": [
            2500.0, 
            950.0, 
            1100.0, 
            3800.0, 
            3900.0, 
            1600.0, 
            800.0, 
            825.0, 
            1000.0, 
            1400.0, 
            1450.0, 
            1300.0, 
            1400.0, 
            1250.0, 
            2430.0, 
            1150.0, 
            2000.0, 
            1300.0, 
            900.0, 
            500.0, 
            4455.0, 
            1450.0, 
            1200.0, 
            900.0, 
            800.0, 
            900.0, 
            1600.0, 
            2350.0, 
            1950.0, 
            950.0, 
            1100.0, 
            950.0, 
            1099.0, 
            1150.0, 
            1600.0, 
            650.0, 
            4185.0, 
            1000.0, 
            2500.0, 
            1300.0, 
            2800.0, 
            600.0, 
            1800.0, 
            3690.0, 
            2100.0, 
            900.0, 
            1250.0, 
            4900.0, 
            1270.0, 
            3375.0, 
            1500.0, 
            1300.0, 
            1900.0, 
            1000.0, 
            1400.0, 
            2400.0, 
            2500.0, 
            2800.0, 
            1300.0, 
            880.0, 
            1450.0, 
            1400.0, 
            600.0, 
            525.0, 
            2380.0, 
            3500.0, 
            999.0, 
            1250.0, 
            1200.0, 
            5950.0, 
            1550.0, 
            3300.0, 
            4000.0, 
            2500.0, 
            750.0, 
            2100.0, 
            2800.0, 
            3200.0, 
            3000.0, 
            5000.0, 
            4200.0, 
            2750.0, 
            6500.0, 
            2700.0, 
            1150.0, 
            695.0, 
            850.0, 
            3000.0, 
            1650.0, 
            800.0, 
            1100.0, 
            700.0, 
            1200.0, 
            2200.0, 
            2300.0, 
            3000.0, 
            2800.0, 
            1500.0, 
            1650.0, 
            3500.0, 
            1060.0, 
            1100.0, 
            2500.0, 
            2200.0, 
            3100.0, 
            900.0, 
            1500.0, 
            3500.0, 
            6000.0, 
            2565.0, 
            2700.0, 
            725.0, 
            850.0, 
            1200.0, 
            2400.0, 
            1750.0, 
            850.0, 
            1090.0, 
            1000.0, 
            915.0, 
            800.0, 
            1300.0, 
            600.0, 
            825.0, 
            700.0, 
            1400.0, 
            1500.0, 
            2200.0, 
            1150.0, 
            700.0, 
            800.0, 
            900.0, 
            555.0, 
            1440.0, 
            7500.0, 
            1500.0, 
            2500.0, 
            870.0, 
            700.0, 
            1110.0, 
            1000.0, 
            800.0, 
            800.0, 
            2500.0, 
            2200.0, 
            2200.0, 
            1100.0, 
            1100.0, 
            2300.0, 
            1100.0, 
            2600.0, 
            1600.0, 
            1900.0, 
            1300.0, 
            950.0, 
            2000.0, 
            3400.0, 
            780.0, 
            3000.0, 
            1900.0, 
            1400.0, 
            900.0, 
            1852.0, 
            2200.0, 
            1600.0, 
            750.0, 
            1500.0, 
            1400.0, 
            2750.0, 
            1600.0, 
            1650.0, 
            1250.0, 
            1280.0, 
            3000.0, 
            2295.0, 
            900.0, 
            900.0, 
            2400.0, 
            600.0, 
            3000.0, 
            850.0, 
            750.0, 
            1500.0, 
            4900.0, 
            6000.0, 
            2350.0, 
            3500.0, 
            3300.0, 
            2350.0, 
            2500.0, 
            2500.0, 
            1300.0, 
            2700.0, 
            990.0, 
            950.0, 
            2700.0, 
            2300.0, 
            730.0, 
            2295.0, 
            4800.0, 
            3000.0, 
            620.0, 
            2400.0, 
            1700.0, 
            800.0, 
            1750.0, 
            950.0, 
            800.0, 
            1800.0, 
            3800.0, 
            1450.0, 
            900.0, 
            3000.0, 
            870.0, 
            1600.0, 
            480.0, 
            1800.0, 
            1500.0, 
            730.0, 
            2800.0, 
            1600.0, 
            950.0, 
            2400.0, 
            1000.0, 
            743.0, 
            800.0, 
            1500.0, 
            800.0, 
            1250.0, 
            855.0, 
            1400.0, 
            1300.0, 
            1400.0, 
            790.0, 
            790.0, 
            3500.0, 
            700.0, 
            2900.0, 
            600.0, 
            1500.0, 
            7000.0, 
            1350.0, 
            1850.0, 
            1050.0, 
            2430.0, 
            2100.0, 
            1250.0, 
            1600.0, 
            1200.0, 
            1400.0, 
            1800.0, 
            1700.0, 
            600.0, 
            2500.0, 
            1000.0, 
            1700.0, 
            4700.0, 
            2160.0, 
            1500.0, 
            999.0, 
            880.0, 
            1300.0, 
            1550.0, 
            1390.0, 
            950.0, 
            1100.0, 
            1200.0, 
            650.0, 
            1850.0, 
            1250.0, 
            2970.0, 
            900.0, 
            4300.0, 
            6000.0, 
            2995.0, 
            1150.0, 
            1300.0, 
            4500.0, 
            3500.0, 
            600.0, 
            800.0, 
            7450.0, 
            685.0, 
            1400.0, 
            2000.0, 
            1100.0, 
            1275.0, 
            700.0, 
            1200.0, 
            2430.0, 
            750.0, 
            1200.0, 
            3500.0, 
            4800.0, 
            1200.0, 
            2600.0, 
            975.0, 
            1800.0, 
            7000.0, 
            900.0, 
            1300.0, 
            4000.0, 
            1900.0, 
            750.0, 
            865.0, 
            2950.0, 
            950.0, 
            1200.0, 
            3600.0, 
            780.0, 
            1300.0, 
            850.0, 
            1200.0, 
            900.0, 
            749.0, 
            1550.0, 
            1300.0, 
            1075.0, 
            950.0, 
            2300.0, 
            950.0, 
            700.0, 
            1300.0, 
            4000.0, 
            5300.0, 
            850.0, 
            3000.0, 
            2250.0, 
            640.0, 
            1100.0, 
            850.0, 
            2500.0, 
            1300.0, 
            2200.0, 
            1190.0, 
            900.0, 
            3000.0, 
            1500.0, 
            1700.0, 
            9000.0, 
            4700.0, 
            3375.0, 
            850.0, 
            2300.0, 
            800.0, 
            2175.0, 
            850.0, 
            7500.0, 
            2565.0, 
            3500.0, 
            1700.0, 
            1350.0, 
            2600.0, 
            800.0, 
            1200.0, 
            6000.0, 
            750.0, 
            1200.0, 
            630.0, 
            2000.0, 
            1200.0, 
            3000.0, 
            750.0, 
            4500.0, 
            2835.0, 
            3100.0, 
            2500.0, 
            3200.0, 
            850.0, 
            2565.0, 
            1350.0, 
            2300.0, 
            3150.0, 
            660.0, 
            2500.0, 
            750.0, 
            1125.0, 
            950.0, 
            840.0, 
            1010.0, 
            1580.0, 
            2200.0, 
            1700.0, 
            2800.0, 
            1500.0, 
            7500.0, 
            2970.0, 
            1900.0, 
            980.0, 
            1000.0, 
            850.0, 
            4000.0, 
            1350.0, 
            1500.0, 
            870.0, 
            650.0, 
            1300.0, 
            1300.0, 
            700.0, 
            1690.0, 
            1050.0, 
            1300.0, 
            1000.0, 
            1200.0, 
            2500.0, 
            575.0, 
            1100.0, 
            950.0, 
            900.0, 
            1250.0, 
            850.0, 
            2800.0, 
            1800.0, 
            1350.0, 
            1400.0, 
            1200.0, 
            1500.0, 
            850.0, 
            2100.0, 
            1650.0, 
            2835.0, 
            1700.0, 
            800.0, 
            1000.0, 
            2160.0, 
            1300.0, 
            1800.0, 
            6480.0, 
            1450.0, 
            1290.0, 
            1200.0, 
            1380.0, 
            790.0, 
            650.0, 
            2400.0, 
            750.0, 
            1200.0, 
            750.0, 
            1700.0, 
            2000.0, 
            2300.0, 
            2160.0, 
            900.0, 
            2660.0, 
            1600.0, 
            1100.0, 
            1500.0, 
            1000.0, 
            2970.0, 
            4300.0, 
            2430.0, 
            1600.0, 
            4500.0, 
            1200.0, 
            1050.0, 
            1300.0, 
            2500.0, 
            3300.0, 
            1900.0, 
            970.0, 
            775.0, 
            900.0, 
            2000.0, 
            700.0, 
            2400.0, 
            800.0, 
            1350.0, 
            1800.0, 
            1900.0, 
            1070.0, 
            1600.0, 
            1200.0, 
            1600.0, 
            1200.0, 
            850.0, 
            900.0, 
            1700.0, 
            1250.0, 
            1450.0, 
            1350.0, 
            800.0, 
            2295.0, 
            940.0, 
            2300.0, 
            2800.0, 
            1850.0, 
            1500.0, 
            990.0, 
            1200.0, 
            3200.0, 
            650.0, 
            700.0, 
            5900.0, 
            1350.0, 
            2100.0, 
            2700.0, 
            1100.0, 
            2565.0, 
            825.0, 
            2000.0, 
            2200.0, 
            1200.0, 
            1200.0, 
            1900.0, 
            1250.0, 
            990.0, 
            850.0, 
            1900.0, 
            1100.0, 
            2295.0, 
            1750.0, 
            1800.0, 
            600.0, 
            2000.0, 
            900.0, 
            2025.0, 
            3780.0, 
            800.0, 
            800.0, 
            775.0, 
            1500.0, 
            1550.0, 
            1890.0, 
            850.0, 
            2650.0, 
            1100.0, 
            900.0, 
            650.0, 
            1485.0, 
            975.0, 
            4500.0, 
            650.0, 
            1050.0, 
            940.0, 
            3105.0, 
            1600.0, 
            3200.0, 
            1700.0, 
            4500.0, 
            2100.0, 
            7500.0, 
            1750.0, 
            7500.0, 
            1600.0, 
            1500.0, 
            1300.0, 
            690.0, 
            4100.0, 
            990.0, 
            730.0, 
            900.0, 
            3000.0, 
            3500.0, 
            850.0, 
            1100.0, 
            900.0, 
            2970.0, 
            750.0, 
            2400.0
        ]
    }, 
    "processed_feature_names": [
        "Sq. Mt.", 
        "Floor", 
        "dummy:Area:Chueca-Justicia", 
        "dummy:Area:Recoletos", 
        "dummy:Area:Almagro", 
        "dummy:Area:Castellana", 
        "dummy:Area:Goya", 
        "dummy:Area:Lavapies-Embajadores", 
        "dummy:Area:Nueva Espana", 
        "dummy:Area:Valverde", 
        "dummy:Area:El Viso", 
        "dummy:Area:Rejas", 
        "dummy:Area:Barajas", 
        "dummy:Area:Valdemarin", 
        "dummy:Area:Villaverde", 
        "dummy:Area:Bellas Vistas", 
        "dummy:Area:Ensanche de Vallecas - La Gavia", 
        "dummy:Area:San Diego", 
        "dummy:Area:Penagrande", 
        "dummy:Area:San Isidro", 
        "dummy:Area:Berruguete", 
        "dummy:Area:Vista Alegre", 
        "dummy:Area:Abrantes", 
        "dummy:Area:Numancia", 
        "dummy:Area:Jeronimos"
    ], 
    "regression_performance": {
        "max_error": 1752.9856302246126, 
        "median_error": -68.09706390595966, 
        "error_distribution": [
            {
                "count": 32, 
                "bin_max": -730.64627927240281, 
                "bin_id": 0, 
                "bin_min": -1009.364971338179
            }, 
            {
                "count": 57, 
                "bin_max": -454.68717821717894, 
                "bin_id": 1, 
                "bin_min": -730.64627927240281
            }, 
            {
                "count": 118, 
                "bin_max": -178.72807716195507, 
                "bin_id": 2, 
                "bin_min": -454.68717821717894
            }, 
            {
                "count": 155, 
                "bin_max": 97.231023893268912, 
                "bin_id": 3, 
                "bin_min": -178.72807716195507
            }, 
            {
                "count": 97, 
                "bin_max": 373.19012494849289, 
                "bin_id": 4, 
                "bin_min": 97.231023893268912
            }, 
            {
                "count": 27, 
                "bin_max": 649.14922600371665, 
                "bin_id": 5, 
                "bin_min": 373.19012494849289
            }, 
            {
                "count": 26, 
                "bin_max": 925.10832705894063, 
                "bin_id": 6, 
                "bin_min": 649.14922600371665
            }, 
            {
                "count": 17, 
                "bin_max": 1201.0674281141646, 
                "bin_id": 7, 
                "bin_min": 925.10832705894063
            }, 
            {
                "count": 10, 
                "bin_max": 1477.0265291693886, 
                "bin_id": 8, 
                "bin_min": 1201.0674281141646
            }, 
            {
                "count": 20, 
                "bin_max": 1752.9856302246126, 
                "bin_id": 9, 
                "bin_min": 1477.0265291693886
            }
        ], 
        "min_error": -1006.6053803276268, 
        "average_error": 27.20940040381407, 
        "std_error": 569.1620843836253, 
        "p75_error": 243.66181079538575, 
        "p90_error": 797.17945357012, 
        "p25_error": -301.65519668630844
    }
}