{
  "state": "DONE",
  "preSearchDescription": {
    "gridLength": 1,
    "importantParams": []
  },
  "postSearchDescription": {
    "importantParams": []
  },
  "sampleWeightsEnabled": false,
  "modelId": "m1",
  "progress": {
    "top_level_todo": [],
    "stack": [],
    "top_level_done": [
      {
        "name": "Loading train set",
        "time": 24
      },
      {
        "name": "Loading test set",
        "time": 40
      },
      {
        "name": "Collecting statistics",
        "time": 45
      },
      {
        "name": "Preprocessing train set",
        "time": 751
      },
      {
        "name": "Preprocessing test set",
        "time": 52
      },
      {
        "name": "Fitting model",
        "time": 32
      },
      {
        "name": "Saving model",
        "time": 2
      },
      {
        "name": "Scoring model",
        "time": 157
      }
    ]
  },
  "startTime": 1562378870400,
  "endTime": 1562378871520,
  "preprocessingTime": 917,
  "trainingTime": 203
}