{
  "params": {
    "ttPolicy": "SPLIT_SINGLE_DATASET",
    "ssdSplitMode": "RANDOM",
    "splitBeforePrepare": true,
    "ssdSelection": {
      "useMemTable": false,
      "filter": {
        "distinct": false,
        "enabled": false
      },
      "partitionSelectionMethod": "ALL",
      "latestPartitionsN": 1,
      "ordering": {
        "enabled": false,
        "rules": []
      },
      "samplingMethod": "FULL",
      "maxRecords": 100000,
      "targetRatio": 0.02,
      "withinFirstN": -1,
      "maxReadUncompressedBytes": -1
    },
    "ssdTrainingRatio": 0.7,
    "ssdSeed": 1337,
    "kfold": false,
    "nFolds": 5,
    "instanceIdRefresher": 0,
    "subSamplingSeed": 1337
  },
  "generationDate": 1562033120200,
  "policyId": "type\u003dSPLIT_SINGLE_DATASET,split\u003dRANDOM,splitBeforePrepare\u003dtrue,ds\u003dhousing_cleaned_dataset,sel\u003d(method\u003dfull),r\u003d0.7,s\u003d1337",
  "instanceId": "43f5903a297684f84961216962956d1d-0",
  "format": "csv1",
  "schema": {
    "columns": [
      {"name":"col_0","type":"bigint"},
      {"name":"Rent","type":"bigint"},
      {"name":"Sq. Mt.","type":"bigint"},
      {"name":"Floor","type":"double"},
      {"name":"Outer","type":"bigint"},
      {"name":"Penthouse","type":"bigint"},
      {"name":"Cottage","type":"bigint"},
      {"name":"Area_Almagro","type":"bigint"},
      {"name":"Area_Arguelles","type":"bigint"},
      {"name":"Area_Castellana","type":"bigint"},
      {"name":"Area_Chueca-Justicia","type":"bigint"},
      {"name":"Area_Conde Orgaz-Piovera","type":"bigint"},
      {"name":"Area_Cuatro Caminos","type":"bigint"},
      {"name":"Area_El Viso","type":"bigint"},
      {"name":"Area_Goya","type":"bigint"},
      {"name":"Area_Huertas-Cortes","type":"bigint"},
      {"name":"Area_Ibiza","type":"bigint"},
      {"name":"Area_Jeronimos","type":"bigint"},
      {"name":"Area_Lavapies-Embajadores","type":"bigint"},
      {"name":"Area_Lista","type":"bigint"},
      {"name":"Area_Malasana-Universidad","type":"bigint"},
      {"name":"Area_Niño Jesus","type":"bigint"},
      {"name":"Area_Nueva Espana","type":"bigint"},
      {"name":"Area_Palacio","type":"bigint"},
      {"name":"Area_Recoletos","type":"bigint"},
      {"name":"Area_Sol","type":"bigint"},
      {"name":"Area_Trafalgar","type":"bigint"},
      {"name":"Area_Vallehermoso","type":"bigint"}
    ],
    "userModified": false
  },
  "trainPath": "train-43f5903a297684f84961216962956d1d-0.csv.gz",
  "testPath": "test-43f5903a297684f84961216962956d1d-0.csv.gz",
  "trainRows": 1315,
  "testRows": 559,
  "fullRows": 0
}