{
    "modelInputIsSparse": false, 
    "modelInputNRows": 1315, 
    "modelInputNCols": 26, 
    "modelInputMemory": 273520, 
    "lmCoefficients": {
        "interceptStderr": null, 
        "interceptTstat": null, 
        "rescaledInterceptCoef": 72.552493830227831, 
        "rescaledCoefs": [
            717.41120688275885, 
            523.40943389268534, 
            896.18521700568385, 
            612.76704400322501, 
            701.08073568341126, 
            221.26589136128379, 
            738.98182520289674, 
            763.35349885824803, 
            651.17168431267987, 
            421.04531562877463, 
            1537.6548139087497, 
            321.21487659842268, 
            460.39766142955347, 
            552.446470576612, 
            723.41941543439327, 
            476.21906979397062, 
            524.55957603339675, 
            1440.0148234790474, 
            473.01123320657155, 
            650.12462487514938, 
            702.86114440992412, 
            26.508965795652863, 
            11.593998022375231
        ], 
        "variables": [
            "Area_Almagro", 
            "Area_Arguelles", 
            "Area_Castellana", 
            "Area_Chueca-Justicia", 
            "Area_Conde Orgaz-Piovera", 
            "Area_Cuatro Caminos", 
            "Area_El Viso", 
            "Area_Goya", 
            "Area_Huertas-Cortes", 
            "Area_Ibiza", 
            "Area_Jeronimos", 
            "Area_Lavapies-Embajadores", 
            "Area_Lista", 
            "Area_Malasana-Universidad", 
            "Area_Ni\u00f1o Jesus", 
            "Area_Nueva Espana", 
            "Area_Palacio", 
            "Area_Recoletos", 
            "Area_Sol", 
            "Area_Trafalgar", 
            "Area_Vallehermoso", 
            "Floor", 
            "Sq. Mt."
        ], 
        "interceptCoef": 1499.8757761930028, 
        "interceptPvalue": null, 
        "coefs": [
            717.41120688275885, 
            523.40943389268534, 
            896.18521700568385, 
            612.76704400322501, 
            701.08073568341126, 
            221.26589136128379, 
            738.98182520289674, 
            763.35349885824803, 
            651.17168431267987, 
            421.04531562877463, 
            1537.6548139087497, 
            321.21487659842268, 
            460.39766142955347, 
            552.446470576612, 
            723.41941543439327, 
            476.21906979397062, 
            524.55957603339675, 
            1440.0148234790474, 
            473.01123320657155, 
            650.12462487514938, 
            702.86114440992412, 
            78.490408585921742, 
            991.55742150874244
        ]
    }
}