{
    "metrics": {
        "rmse": 777.670095849653, 
        "pearson": 0.8468048679054011, 
        "mae": 399.05512752534406, 
        "r2": 0.70789214347698393, 
        "mape": 0.2260899367466856, 
        "mse": 604770.7779788085, 
        "evs": 0.70794082137452663, 
        "rmsle": 0.2762066955937949
    }, 
    "scatterPlotData": {
        "y": [
            1752.0511, 
            1195.5392, 
            1777.7941, 
            1632.7902, 
            3674.0618, 
            1235.2733, 
            1227.0002, 
            1379.63, 
            1091.252, 
            1543.3592, 
            2209.5148, 
            902.3683, 
            1177.3033, 
            821.2103, 
            2301.9211, 
            1467.2017, 
            1634.767, 
            736.7314, 
            2371.5439, 
            349.148, 
            2260.6823, 
            2333.2216, 
            1461.4308, 
            3000.3906, 
            1160.7572, 
            937.1503, 
            1463.0878, 
            1738.0816, 
            3268.2719, 
            1275.0661, 
            1182.2728, 
            5338.0439, 
            947.1132, 
            1160.7572, 
            1613.7839, 
            1392.6372, 
            3120.8709, 
            2997.561, 
            1753.5217, 
            2244.1759, 
            3070.7863, 
            1127.6063, 
            3004.4898, 
            731.7793, 
            1249.4438, 
            1190.5872, 
            1042.4762, 
            562.8214, 
            1084.5513, 
            3350.6062, 
            2647.0582, 
            1229.8299, 
            2071.7898, 
            1453.9281, 
            1164.0782, 
            1318.1108, 
            1815.2499, 
            1616.5845, 
            1463.0878, 
            2648.3244, 
            807.9852, 
            1126.0237, 
            990.1682, 
            678.7614, 
            2524.5661, 
            996.7101, 
            2190.1672, 
            1667.631, 
            2192.91, 
            1217.0961, 
            1083.8985, 
            4526.464, 
            736.7314, 
            4843.5617, 
            1616.2441, 
            1688.3587, 
            5971.3045, 
            2026.9861, 
            3550.1035, 
            1818.3529, 
            678.7614, 
            3552.4418, 
            1026.5813, 
            4413.4993, 
            3303.3058, 
            1116.0123, 
            854.3612, 
            2012.0711, 
            1026.4852, 
            1043.1862, 
            1006.7731, 
            794.7013, 
            1911.3865, 
            995.1203, 
            1793.3913, 
            1645.2449, 
            2113.8241, 
            2853.4809, 
            1539.9969, 
            768.1924, 
            905.6893, 
            778.1553, 
            3680.0242, 
            4222.3007, 
            786.4283, 
            932.1982, 
            1261.2909, 
            3999.782, 
            1453.099, 
            4545.2427, 
            3478.5949, 
            1032.5721, 
            1258.4613, 
            1523.4084, 
            3381.9792, 
            6431.7434, 
            5760.5404, 
            647.3003, 
            731.7793, 
            1175.5884, 
            847.7193, 
            592.6513, 
            821.2103, 
            736.7314, 
            710.2224, 
            1649.6231, 
            1649.395, 
            3530.8436, 
            1601.1687, 
            900.7372, 
            1453.9281, 
            801.3433, 
            1258.4613, 
            2954.5059, 
            2148.1548, 
            2825.5553, 
            3009.8829, 
            1314.8002, 
            1276.6972, 
            1337.2437, 
            1704.2585, 
            1780.1912, 
            673.8093, 
            1606.6804, 
            3574.2131, 
            2042.8794, 
            2618.28, 
            708.5913, 
            1704.262, 
            794.7013, 
            3037.3125, 
            1200.4913, 
            2722.8992, 
            2037.5283, 
            1337.2782, 
            1141.7768, 
            768.1924, 
            937.1503, 
            1919.2942, 
            1776.7741, 
            1028.1874, 
            2028.676, 
            3034.1592, 
            3816.3879, 
            2523.8969, 
            1265.0194, 
            1695.6579, 
            1125.9752, 
            1327.3741, 
            701.9494, 
            2302.3203, 
            978.5742, 
            794.7013, 
            852.6713, 
            1904.5114, 
            1407.4684, 
            6674.4645, 
            990.1682, 
            1084.5513, 
            1298.2128, 
            1833.2679, 
            1498.6143, 
            1200.8905, 
            2386.2396, 
            784.7972, 
            2245.6998, 
            2301.9211, 
            1793.6015, 
            2361.4972, 
            1891.1791, 
            781.4469, 
            1160.0456, 
            1374.3051, 
            1333.0361, 
            872.5971, 
            2997.561, 
            2918.2193, 
            1493.6622, 
            3180.4079, 
            4070.9771, 
            1540.4374, 
            801.3433, 
            1390.2961, 
            1409.4599, 
            1641.1808, 
            1516.1057, 
            1612.1572, 
            1003.3933, 
            1705.6751, 
            1576.0907, 
            1664.3776, 
            1574.8202, 
            3905.5007, 
            3116.056, 
            3250.8373, 
            1321.4421, 
            816.2582, 
            1323.0732, 
            1463.0878, 
            1707.5829, 
            1891.1791, 
            562.8214, 
            2396.1437, 
            2144.7424, 
            910.6413, 
            1021.6292, 
            789.7493, 
            705.2703, 
            1919.2779, 
            1543.3592, 
            1231.9523, 
            1465.4384, 
            1026.5813, 
            2391.3521, 
            1057.2979, 
            3300.9127, 
            955.3568, 
            2212.3296, 
            794.7013, 
            2565.2621, 
            1508.5772, 
            1962.433, 
            3201.4273, 
            1427.4192, 
            2727.1455, 
            1016.6772, 
            1092.0799, 
            1480.4371, 
            789.7493, 
            670.4883, 
            1311.3831, 
            2904.7677, 
            1337.9882, 
            1100.4462, 
            2243.9511, 
            1543.7584, 
            3024.0699, 
            1927.5922, 
            2053.8355, 
            2413.3978, 
            1354.593, 
            4162.6408, 
            2613.3279, 
            2029.8158, 
            774.8343, 
            4536.9697, 
            843.7471, 
            1079.5992, 
            1016.6772, 
            1125.9752, 
            1210.4129, 
            826.2212, 
            2456.692, 
            2017.0407, 
            1376.0808, 
            1677.5101, 
            1175.5884, 
            1394.614, 
            1212.1441, 
            1719.5383, 
            1729.7239, 
            1606.1851, 
            2688.572, 
            2584.6966, 
            3710.0338, 
            2073.3621, 
            882.5013, 
            763.2403, 
            1884.5959, 
            2507.5169, 
            789.7493, 
            847.7193, 
            1260.7305, 
            1742.0632, 
            1544.949, 
            1471.3393, 
            978.5742, 
            794.7013, 
            3937.4028, 
            736.7314, 
            1106.1082, 
            1458.8802, 
            1980.6101, 
            791.3804, 
            1003.3933, 
            2485.5747, 
            849.2543, 
            789.7493, 
            2688.572, 
            2301.9211, 
            2340.752, 
            2457.2934, 
            1443.8691, 
            1304.8373, 
            827.8522, 
            862.6342, 
            1730.7709, 
            1107.7393, 
            1808.39, 
            4700.7364, 
            2166.1729, 
            1139.2003, 
            1622.8861, 
            3249.3255, 
            2801.9336, 
            766.5613, 
            1477.1161, 
            2149.568, 
            824.5313, 
            670.4883, 
            2028.8024, 
            1171.7001, 
            942.1023, 
            1195.5392, 
            1337.9882, 
            1298.2541, 
            594.2824, 
            2504.8906, 
            1423.3537, 
            2287.1913, 
            655.5734, 
            5162.5028, 
            2376.4959, 
            763.2403, 
            1537.0576, 
            5376.2349, 
            2005.488, 
            635.7063, 
            1512.9369, 
            2205.8656, 
            1376.0911, 
            1891.1791, 
            1175.6618, 
            678.7614, 
            1195.5392, 
            3055.3705, 
            740.0523, 
            2058.2866, 
            1280.0182, 
            3651.9621, 
            2719.3638, 
            2826.4807, 
            779.1352, 
            2048.3237, 
            2779.3053, 
            1038.2341, 
            882.5013, 
            4147.0567, 
            1944.197, 
            1924.2299, 
            1460.5597, 
            2951.913, 
            1284.9702, 
            1276.6972, 
            1013.3562, 
            678.7614, 
            2012.1975, 
            2560.31, 
            1137.5692, 
            1142.5213, 
            1765.335, 
            615.8393, 
            1502.2119, 
            1256.3389, 
            1506.9461, 
            2636.4746, 
            4417.0292, 
            1122.6543, 
            2298.6589, 
            1703.2193, 
            1159.1261, 
            3013.4559, 
            2751.494, 
            4252.0718, 
            1369.4492, 
            963.6593, 
            847.7193, 
            1758.4738, 
            799.5573, 
            1543.3592, 
            1099.5251, 
            1946.8064, 
            1275.0661, 
            1195.5392, 
            5017.2757, 
            1142.5213, 
            3731.577, 
            1525.3999, 
            1593.274, 
            3625.5412, 
            705.2703, 
            1569.039, 
            2328.43, 
            1506.9461, 
            2541.171, 
            1180.6242, 
            1023.1642, 
            847.7193, 
            2141.295, 
            1359.5451, 
            1709.9744, 
            1960.8019, 
            986.8472, 
            1758.6093, 
            5145.2803, 
            2123.0591, 
            2287.7341, 
            3777.8062, 
            1548.7104, 
            784.7972, 
            894.0953, 
            1568.4514, 
            1275.0661, 
            937.1503, 
            1926.0683, 
            531.3604, 
            1127.6063, 
            932.1982, 
            1721.5684, 
            1125.8791, 
            2091.598, 
            2483.3381, 
            937.1503, 
            4232.2048, 
            2722.9664, 
            1318.1211, 
            1184.9251, 
            642.3483, 
            1776.9774, 
            3185.424, 
            2832.0312, 
            4129.799, 
            847.7193, 
            963.6593, 
            1304.8563, 
            849.3504, 
            3183.3519, 
            1980.4496, 
            1553.1672, 
            1596.3771, 
            986.8472, 
            731.7793, 
            3101.7465, 
            4127.4765, 
            700.3183, 
            736.7314, 
            731.7793, 
            3036.5879, 
            952.0653, 
            1606.2812, 
            2168.3833, 
            914.0211, 
            1344.53, 
            1270.0553, 
            905.6893, 
            3151.6627, 
            1194.7947, 
            2465.217, 
            2007.1191, 
            1632.7902, 
            1250.247, 
            3110.1387, 
            1147.4484, 
            4339.251, 
            2971.052, 
            736.7314, 
            1096.1453, 
            2228.385, 
            1916.487, 
            789.7493, 
            990.1682, 
            836.1253, 
            2887.301, 
            1337.9882, 
            2510.7203, 
            1525.0271, 
            1255.1153, 
            1599.9262, 
            1432.3712, 
            1704.968, 
            3262.8788, 
            2036.2374, 
            2038.4196, 
            1129.5141, 
            2439.418, 
            2156.1262, 
            847.7193, 
            4816.1876, 
            847.7193, 
            1754.0814, 
            1134.2483, 
            1144.1274, 
            2585.4058, 
            1574.7241, 
            1084.9505, 
            7196.1944, 
            6309.2203, 
            1569.8681, 
            2765.681, 
            731.7793, 
            2702.759, 
            2815.7184, 
            1944.4114, 
            960.3383, 
            2741.7271, 
            2309.4238, 
            1485.3892, 
            774.8343, 
            1642.0415, 
            852.6713, 
            2412.909, 
            1021.6292, 
            2478.9915, 
            1518.4563, 
            2248.8782, 
            2401.8943, 
            1629.5176, 
            1218.7272, 
            2889.5923, 
            1606.3988, 
            3651.8945, 
            1406.901, 
            3847.9718, 
            622.4813, 
            852.6713, 
            910.6413, 
            1492.8918, 
            5184.5385, 
            1561.5951, 
            960.3383, 
            1833.2679, 
            2190.2804, 
            1115.9162, 
            847.7193, 
            1337.2437, 
            879.1803, 
            1747.2255, 
            963.6593, 
            2176.077
        ], 
        "x": [
            1700.0, 
            800.0, 
            1800.0, 
            1500.0, 
            3900.0, 
            1200.0, 
            975.0, 
            890.0, 
            950.0, 
            1200.0, 
            2000.0, 
            900.0, 
            1000.0, 
            980.0, 
            2800.0, 
            1100.0, 
            950.0, 
            750.0, 
            2200.0, 
            500.0, 
            3240.0, 
            3300.0, 
            1100.0, 
            2300.0, 
            1150.0, 
            900.0, 
            1400.0, 
            1700.0, 
            2950.0, 
            780.0, 
            1852.0, 
            8000.0, 
            900.0, 
            1100.0, 
            1300.0, 
            1000.0, 
            4320.0, 
            3500.0, 
            1000.0, 
            2100.0, 
            2300.0, 
            760.0, 
            3950.0, 
            700.0, 
            1250.0, 
            1190.0, 
            1100.0, 
            950.0, 
            1000.0, 
            4000.0, 
            2970.0, 
            850.0, 
            1800.0, 
            1300.0, 
            900.0, 
            1100.0, 
            1300.0, 
            1300.0, 
            1200.0, 
            2250.0, 
            750.0, 
            850.0, 
            650.0, 
            575.0, 
            2700.0, 
            850.0, 
            1500.0, 
            1200.0, 
            2495.0, 
            1300.0, 
            1300.0, 
            8000.0, 
            800.0, 
            5000.0, 
            1250.0, 
            1100.0, 
            6000.0, 
            2000.0, 
            3500.0, 
            1950.0, 
            950.0, 
            3800.0, 
            840.0, 
            4100.0, 
            4000.0, 
            995.0, 
            750.0, 
            1900.0, 
            1200.0, 
            700.0, 
            1300.0, 
            825.0, 
            2000.0, 
            1400.0, 
            1200.0, 
            1300.0, 
            950.0, 
            2250.0, 
            1200.0, 
            1250.0, 
            1060.0, 
            640.0, 
            3000.0, 
            3900.0, 
            1200.0, 
            650.0, 
            925.0, 
            5000.0, 
            1290.0, 
            3600.0, 
            2900.0, 
            850.0, 
            1100.0, 
            1400.0, 
            2650.0, 
            5500.0, 
            6500.0, 
            850.0, 
            650.0, 
            675.0, 
            550.0, 
            730.0, 
            675.0, 
            700.0, 
            700.0, 
            1150.0, 
            1500.0, 
            3300.0, 
            950.0, 
            790.0, 
            1250.0, 
            600.0, 
            915.0, 
            2900.0, 
            1950.0, 
            2800.0, 
            3500.0, 
            1300.0, 
            1200.0, 
            730.0, 
            1150.0, 
            1900.0, 
            700.0, 
            2295.0, 
            4700.0, 
            2000.0, 
            3200.0, 
            500.0, 
            1600.0, 
            720.0, 
            1600.0, 
            1300.0, 
            1600.0, 
            1600.0, 
            900.0, 
            750.0, 
            800.0, 
            750.0, 
            1400.0, 
            2500.0, 
            650.0, 
            1700.0, 
            2650.0, 
            3450.0, 
            2600.0, 
            700.0, 
            2000.0, 
            1175.0, 
            1100.0, 
            710.0, 
            2430.0, 
            680.0, 
            800.0, 
            765.0, 
            2970.0, 
            1550.0, 
            7500.0, 
            1050.0, 
            1000.0, 
            950.0, 
            1600.0, 
            1550.0, 
            900.0, 
            1500.0, 
            1090.0, 
            2750.0, 
            2500.0, 
            1600.0, 
            4500.0, 
            2400.0, 
            725.0, 
            900.0, 
            940.0, 
            850.0, 
            850.0, 
            3500.0, 
            2650.0, 
            1000.0, 
            2200.0, 
            2900.0, 
            1400.0, 
            800.0, 
            1090.0, 
            1150.0, 
            1590.0, 
            1450.0, 
            1400.0, 
            690.0, 
            1850.0, 
            1100.0, 
            1200.0, 
            1500.0, 
            4500.0, 
            2200.0, 
            2500.0, 
            900.0, 
            880.0, 
            1250.0, 
            1150.0, 
            940.0, 
            1400.0, 
            800.0, 
            2800.0, 
            1500.0, 
            700.0, 
            800.0, 
            1000.0, 
            775.0, 
            1700.0, 
            1200.0, 
            850.0, 
            1600.0, 
            1699.0, 
            2500.0, 
            1215.0, 
            3000.0, 
            1200.0, 
            2400.0, 
            950.0, 
            2500.0, 
            1400.0, 
            2300.0, 
            3500.0, 
            1400.0, 
            3000.0, 
            800.0, 
            900.0, 
            1200.0, 
            850.0, 
            1000.0, 
            950.0, 
            3300.0, 
            1200.0, 
            850.0, 
            2300.0, 
            2565.0, 
            3500.0, 
            2700.0, 
            1600.0, 
            1250.0, 
            1200.0, 
            3500.0, 
            2800.0, 
            2700.0, 
            700.0, 
            3500.0, 
            950.0, 
            900.0, 
            1200.0, 
            1250.0, 
            2430.0, 
            700.0, 
            1250.0, 
            1700.0, 
            1450.0, 
            2150.0, 
            900.0, 
            750.0, 
            1300.0, 
            1300.0, 
            1600.0, 
            1100.0, 
            3375.0, 
            2800.0, 
            3149.0, 
            1700.0, 
            800.0, 
            630.0, 
            2700.0, 
            2750.0, 
            725.0, 
            780.0, 
            600.0, 
            2100.0, 
            1800.0, 
            1325.0, 
            900.0, 
            700.0, 
            4300.0, 
            750.0, 
            1000.0, 
            1300.0, 
            1700.0, 
            900.0, 
            800.0, 
            2800.0, 
            750.0, 
            680.0, 
            1800.0, 
            1900.0, 
            1400.0, 
            1500.0, 
            1300.0, 
            1200.0, 
            925.0, 
            950.0, 
            2500.0, 
            855.0, 
            1450.0, 
            5700.0, 
            1600.0, 
            750.0, 
            1500.0, 
            3000.0, 
            2500.0, 
            725.0, 
            1450.0, 
            1800.0, 
            800.0, 
            630.0, 
            1800.0, 
            1200.0, 
            1050.0, 
            1000.0, 
            1300.0, 
            800.0, 
            1440.0, 
            1800.0, 
            950.0, 
            2250.0, 
            900.0, 
            4800.0, 
            2300.0, 
            750.0, 
            1200.0, 
            4300.0, 
            1600.0, 
            925.0, 
            2500.0, 
            2300.0, 
            1850.0, 
            2500.0, 
            1400.0, 
            725.0, 
            1200.0, 
            2900.0, 
            500.0, 
            2300.0, 
            800.0, 
            3700.0, 
            2800.0, 
            3900.0, 
            800.0, 
            2300.0, 
            2800.0, 
            1100.0, 
            870.0, 
            3500.0, 
            1800.0, 
            2295.0, 
            1100.0, 
            2000.0, 
            2200.0, 
            900.0, 
            800.0, 
            750.0, 
            4300.0, 
            2950.0, 
            1750.0, 
            749.0, 
            1300.0, 
            1000.0, 
            1250.0, 
            1200.0, 
            1250.0, 
            3200.0, 
            3400.0, 
            1195.0, 
            2750.0, 
            1850.0, 
            790.0, 
            4500.0, 
            2200.0, 
            4500.0, 
            999.0, 
            630.0, 
            830.0, 
            1400.0, 
            750.0, 
            1600.0, 
            950.0, 
            1500.0, 
            1300.0, 
            1100.0, 
            5500.0, 
            950.0, 
            4000.0, 
            1300.0, 
            1050.0, 
            4000.0, 
            1175.0, 
            920.0, 
            2200.0, 
            1300.0, 
            1100.0, 
            850.0, 
            850.0, 
            850.0, 
            2500.0, 
            1650.0, 
            1700.0, 
            1550.0, 
            700.0, 
            1500.0, 
            16000.0, 
            2400.0, 
            2160.0, 
            4500.0, 
            1350.0, 
            800.0, 
            660.0, 
            2200.0, 
            1300.0, 
            640.0, 
            1300.0, 
            750.0, 
            1250.0, 
            620.0, 
            1700.0, 
            1100.0, 
            2500.0, 
            2800.0, 
            750.0, 
            3600.0, 
            2800.0, 
            1000.0, 
            1150.0, 
            900.0, 
            2430.0, 
            4800.0, 
            2750.0, 
            3800.0, 
            750.0, 
            800.0, 
            850.0, 
            690.0, 
            3500.0, 
            1150.0, 
            1500.0, 
            1600.0, 
            775.0, 
            900.0, 
            2380.0, 
            5500.0, 
            800.0, 
            590.0, 
            700.0, 
            2700.0, 
            950.0, 
            1700.0, 
            1500.0, 
            950.0, 
            1000.0, 
            1400.0, 
            950.0, 
            3000.0, 
            825.0, 
            10000.0, 
            2400.0, 
            1500.0, 
            895.0, 
            4300.0, 
            800.0, 
            6000.0, 
            3800.0, 
            800.0, 
            1000.0, 
            1500.0, 
            1240.0, 
            850.0, 
            1350.0, 
            625.0, 
            2000.0, 
            1350.0, 
            2500.0, 
            1550.0, 
            1550.0, 
            2700.0, 
            1100.0, 
            3500.0, 
            3000.0, 
            1900.0, 
            1500.0, 
            600.0, 
            2100.0, 
            3105.0, 
            800.0, 
            3000.0, 
            650.0, 
            2295.0, 
            1000.0, 
            915.0, 
            2100.0, 
            1600.0, 
            900.0, 
            7450.0, 
            9000.0, 
            1350.0, 
            3500.0, 
            825.0, 
            2900.0, 
            2800.0, 
            3780.0, 
            750.0, 
            2600.0, 
            2200.0, 
            1000.0, 
            800.0, 
            3000.0, 
            975.0, 
            2600.0, 
            1250.0, 
            3000.0, 
            1800.0, 
            3105.0, 
            1575.0, 
            2160.0, 
            900.0, 
            3250.0, 
            2565.0, 
            4300.0, 
            1400.0, 
            3900.0, 
            750.0, 
            870.0, 
            1300.0, 
            975.0, 
            7500.0, 
            1350.0, 
            950.0, 
            1600.0, 
            2700.0, 
            900.0, 
            850.0, 
            1300.0, 
            850.0, 
            2295.0, 
            1100.0, 
            1700.0
        ]
    }, 
    "processed_feature_names": [
        "Area_Almagro", 
        "Area_Arguelles", 
        "Area_Castellana", 
        "Area_Chueca-Justicia", 
        "Area_Conde Orgaz-Piovera", 
        "Area_Cuatro Caminos", 
        "Area_El Viso", 
        "Area_Goya", 
        "Area_Huertas-Cortes", 
        "Area_Ibiza", 
        "Area_Jeronimos", 
        "Area_Lavapies-Embajadores", 
        "Area_Lista", 
        "Area_Malasana-Universidad", 
        "Area_Ni\u00f1o Jesus", 
        "Area_Nueva Espana", 
        "Area_Palacio", 
        "Area_Recoletos", 
        "Area_Sol", 
        "Area_Trafalgar", 
        "Area_Vallehermoso", 
        "Floor", 
        "Sq. Mt.", 
        "num_flagonly:Outer:not_missing", 
        "num_flagonly:Cottage:not_missing", 
        "num_flagonly:Penthouse:not_missing"
    ], 
    "regression_performance": {
        "max_error": 1594.0909001742878, 
        "median_error": -74.82017821843738, 
        "error_distribution": [
            {
                "count": 30, 
                "bin_max": -719.62952388380097, 
                "bin_id": 0, 
                "bin_min": -979.28037147254201
            }, 
            {
                "count": 50, 
                "bin_max": -462.54947676623556, 
                "bin_id": 1, 
                "bin_min": -719.62952388380097
            }, 
            {
                "count": 120, 
                "bin_max": -205.46942964867014, 
                "bin_id": 2, 
                "bin_min": -462.54947676623556
            }, 
            {
                "count": 167, 
                "bin_max": 51.610617468895271, 
                "bin_id": 3, 
                "bin_min": -205.46942964867014
            }, 
            {
                "count": 93, 
                "bin_max": 308.69066458646057, 
                "bin_id": 4, 
                "bin_min": 51.610617468895271
            }, 
            {
                "count": 42, 
                "bin_max": 565.7707117040261, 
                "bin_id": 5, 
                "bin_min": 308.69066458646057
            }, 
            {
                "count": 21, 
                "bin_max": 822.85075882159163, 
                "bin_id": 6, 
                "bin_min": 565.7707117040261
            }, 
            {
                "count": 16, 
                "bin_max": 1079.9308059391569, 
                "bin_id": 7, 
                "bin_min": 822.85075882159163
            }, 
            {
                "count": 5, 
                "bin_max": 1337.0108530567222, 
                "bin_id": 8, 
                "bin_min": 1079.9308059391569
            }, 
            {
                "count": 15, 
                "bin_max": 1594.0909001742878, 
                "bin_id": 9, 
                "bin_min": 1337.0108530567222
            }
        ], 
        "min_error": -976.70957100136638, 
        "average_error": -23.631515072377756, 
        "std_error": 488.42210250485107, 
        "p75_error": 163.50520045000252, 
        "p90_error": 584.2758593667045, 
        "p25_error": -318.1965011882929
    }
}