{
  "state": "DONE",
  "preSearchDescription": {
    "gridLength": 1,
    "importantParams": []
  },
  "postSearchDescription": {
    "importantParams": []
  },
  "sampleWeightsEnabled": false,
  "modelId": "m1",
  "progress": {
    "top_level_todo": [],
    "stack": [],
    "top_level_done": [
      {
        "name": "Loading train set",
        "time": 26
      },
      {
        "name": "Loading test set",
        "time": 17
      },
      {
        "name": "Collecting statistics",
        "time": 83
      },
      {
        "name": "Preprocessing train set",
        "time": 40
      },
      {
        "name": "Preprocessing test set",
        "time": 30
      },
      {
        "name": "Fitting model",
        "time": 31
      },
      {
        "name": "Saving model",
        "time": 5
      },
      {
        "name": "Scoring model",
        "time": 94
      }
    ]
  },
  "startTime": 1562034463572,
  "endTime": 1562034463906,
  "preprocessingTime": 203,
  "trainingTime": 131
}