{
  "params": {
    "ttPolicy": "EXPLICIT_FILTERING_SINGLE_DATASET",
    "ssdSplitMode": "RANDOM",
    "splitBeforePrepare": true,
    "ssdSelection": {
      "useMemTable": false,
      "filter": {
        "distinct": false,
        "enabled": false
      },
      "partitionSelectionMethod": "ALL",
      "latestPartitionsN": 1,
      "ordering": {
        "enabled": false,
        "rules": []
      },
      "samplingMethod": "FULL",
      "maxRecords": 100000,
      "targetRatio": 0.02,
      "withinFirstN": -1,
      "maxReadUncompressedBytes": -1
    },
    "ssdTrainingRatio": 0.7,
    "ssdSeed": 1337,
    "efsdTrain": {
      "selection": {
        "useMemTable": false,
        "filter": {
          "distinct": false,
          "enabled": false
        },
        "partitionSelectionMethod": "ALL",
        "latestPartitionsN": 1,
        "ordering": {
          "enabled": false,
          "rules": []
        },
        "samplingMethod": "FULL",
        "maxRecords": 100000,
        "targetRatio": 0.02,
        "withinFirstN": -1,
        "maxReadUncompressedBytes": -1
      }
    },
    "efsdTest": {
      "selection": {
        "useMemTable": false,
        "filter": {
          "distinct": false,
          "enabled": false
        },
        "partitionSelectionMethod": "ALL",
        "latestPartitionsN": 1,
        "ordering": {
          "enabled": false,
          "rules": []
        },
        "samplingMethod": "FULL",
        "maxRecords": 100000,
        "targetRatio": 0.02,
        "withinFirstN": -1,
        "maxReadUncompressedBytes": -1
      }
    },
    "kfold": false,
    "nFolds": 5,
    "instanceIdRefresher": 0,
    "subSamplingSeed": 1337
  },
  "generationDate": 1562030291034,
  "policyId": "type\u003dEXPLICIT_FILTERING_SINGLE_DATASET,dataset\u003dnull,trainSel\u003dmethod\u003dfull,trainFilter\u003dnull,testSel\u003dmethod\u003dfull,testFilter\u003dnull",
  "instanceId": "2414632f376faebf76da952fdc81900a-0",
  "format": "csv1",
  "schema": {
    "columns": [
      {"name":"Id","type":"bigint"},
      {"name":"District","type":"string"},
      {"name":"Area","type":"string"},
      {"name":"Rent","type":"bigint"},
      {"name":"Bedrooms","type":"bigint"},
      {"name":"Sq. Mt.","type":"bigint"},
      {"name":"Floor","type":"double"},
      {"name":"Outer","type":"bigint"},
      {"name":"Elevator","type":"bigint"},
      {"name":"Penthouse","type":"bigint"},
      {"name":"Cottage","type":"bigint"},
      {"name":"Duplex","type":"bigint"},
      {"name":"Semi-detached","type":"bigint"}
    ],
    "userModified": false
  },
  "trainPath": "train-2414632f376faebf76da952fdc81900a-0.csv.gz",
  "testPath": "test-2414632f376faebf76da952fdc81900a-0.csv.gz",
  "trainRows": 1874,
  "testRows": 1874,
  "fullRows": 0
}