{
    "rawImportance": {
        "variables": [
            "Floor", 
            "Sq. Mt.", 
            "dummy:Area:Chueca-Justicia", 
            "dummy:Area:Recoletos", 
            "dummy:Area:Almagro", 
            "dummy:Area:Castellana", 
            "dummy:Area:Goya", 
            "dummy:Area:Arguelles", 
            "dummy:Area:Cuatro Caminos", 
            "dummy:Area:Nueva Espana", 
            "dummy:Area:Bernabeu-Hispanoamerica", 
            "dummy:Area:Palacio", 
            "dummy:Area:Lavapies-Embajadores", 
            "dummy:Area:Malasana-Universidad", 
            "dummy:Area:Nuevos Ministerios-Rios Rosas", 
            "dummy:Area:El Viso", 
            "dummy:Area:Cuzco-Castillejos", 
            "dummy:Area:Arapiles", 
            "dummy:Area:Sol", 
            "dummy:Area:Las Tablas", 
            "dummy:Area:Ibiza", 
            "dummy:Area:Lista", 
            "dummy:Area:Huertas-Cortes", 
            "dummy:Area:Trafalgar", 
            "dummy:Area:Castilla", 
            "dummy:Area:Vallehermoso", 
            "dummy:Area:Ciudad Jardin", 
            "dummy:Area:Aravaca", 
            "dummy:Area:San Diego", 
            "dummy:Area:Valdemarin", 
            "dummy:Area:San Isidro", 
            "dummy:Area:Valdeacederas", 
            "dummy:Area:Valdezarza", 
            "dummy:Area:Ciudad Universitaria", 
            "dummy:Area:Conde Orgaz-Piovera", 
            "dummy:Area:Jeronimos", 
            "dummy:Area:Delicias", 
            "dummy:Area:La Paz", 
            "dummy:Area:Numancia", 
            "dummy:Area:Simancas", 
            "dummy:Area:Ni\u00f1o Jesus", 
            "dummy:Area:Ventilla-Almenara", 
            "dummy:Area:Media Legua", 
            "dummy:Area:__Others__"
        ], 
        "importances": [
            0.037617990950471365, 
            0.87603518933278313, 
            0.0028112199998587056, 
            0.045598440361827669, 
            0.0083204623765811316, 
            0.0081737724961264326, 
            0.0069616861191066741, 
            0.0019481932632745835, 
            7.4027273825266174e-05, 
            0.00072571017425020635, 
            0.000775082441913415, 
            0.0007294306819013971, 
            0.00044985323285788516, 
            0.00062558969665558637, 
            3.8350080753474054e-05, 
            0.0013108513329761762, 
            6.6577089099720071e-05, 
            4.8994603887914491e-06, 
            0.00026625454142976192, 
            3.8526590531370023e-05, 
            0.00065395986989764563, 
            0.00015771857253412701, 
            0.00090644351187806093, 
            0.00072121997946698521, 
            9.1958203877664391e-06, 
            0.0012359743361428433, 
            0.00023521988158586198, 
            4.6465862581286404e-05, 
            7.9235270301959576e-05, 
            3.1244133542606567e-05, 
            6.1759507095269727e-06, 
            5.797055135528268e-05, 
            3.4668219225131755e-05, 
            3.5564214312242866e-05, 
            0.00069467631613087005, 
            0.0019178317751083135, 
            0.00010167945888017609, 
            0.00015278121993371956, 
            9.9422668511074519e-06, 
            4.1627765452985437e-06, 
            0.0001575575918048824, 
            1.0358500919685022e-05, 
            8.3379703042134101e-05, 
            8.4466720250254038e-05
        ]
    }, 
    "modelInputNRows": 1315, 
    "partialDependencies": [
        {
            "featureBins": [
                -0.50000003643027124, 
                7.9930528418259428e-08, 
                0.4999998433244901, 
                0.99999995968528976, 
                2.0000000159234701, 
                2.9999999839199409, 
                3.9999999960372667, 
                5.0000000081545926, 
                6.0000000643927729, 
                6.9999999441475342, 
                7.9999998239022956, 
                9.0000000566238949, 
                10.000000289345493, 
                10.999999816133418, 
                12.000000048855018, 
                13.000000281576618, 
                13.999999808364539, 
                15.000000041086139, 
                15.999999567874063, 
                16.999999800595663, 
                20.00000049876046, 
                22.999999785057906, 
                25.000000250501106, 
                28.000000948665907, 
                29.000001181387503
            ], 
            "data": [
                [
                    -34.15024518104383, 
                    -34.15024518104383, 
                    -26.29937794779653, 
                    -21.31850020908246, 
                    -22.000511592145358, 
                    -49.85079725312539, 
                    -23.28042653992111, 
                    9.089660682577232, 
                    54.156161882344804, 
                    126.2972074487866, 
                    120.78399903998888, 
                    105.44295579503, 
                    113.9356800897749, 
                    168.779241434484, 
                    178.40374642339998, 
                    236.76421919643371, 
                    257.8209258385691, 
                    445.171334909443, 
                    493.71721623216126, 
                    511.9278737214031, 
                    532.4193581468862, 
                    532.4193581468862, 
                    532.4193581468862, 
                    532.4193581468862, 
                    532.4193581468862
                ]
            ], 
            "feature": "Floor"
        }, 
        {
            "featureBins": [
                41.999999896310271, 
                44.404040270955534, 
                46.808080645600796, 
                49.212121020246073, 
                51.616161394891328, 
                54.020201769536591, 
                56.424242144181861, 
                58.828282518827123, 
                61.232322893472386, 
                63.636363268117648, 
                66.040403642762911, 
                68.444444017408188, 
                70.84848439205345, 
                73.252524766698713, 
                75.656565141343975, 
                78.060605515989238, 
                80.4646458906345, 
                82.868686265279763, 
                85.272726639925025, 
                87.676767014570302, 
                90.080807389215565, 
                92.484847763860827, 
                94.888888138506104, 
                97.292928513151367, 
                99.696968887796615, 
                102.10100926244188, 
                104.50504963708714, 
                106.90909001173242, 
                109.31313038637768, 
                111.71717076102294, 
                114.12121113566822, 
                116.52525151031348, 
                118.92929188495874, 
                121.33333225960399, 
                123.73737263424925, 
                126.14141300889453, 
                128.54545338353978, 
                130.94949375818507, 
                133.35353413283033, 
                135.7575745074756, 
                138.16161488212086, 
                140.56565525676612, 
                142.96969563141138, 
                145.37373600605665, 
                147.77777638070194, 
                150.1818167553472, 
                152.58585712999246, 
                154.98989750463772, 
                157.39393787928299, 
                159.79797825392825, 
                162.20201862857351, 
                164.60605900321877, 
                167.01009937786401, 
                169.4141397525093, 
                171.81818012715456, 
                174.22222050179982, 
                176.62626087644509, 
                179.03030125109035, 
                181.43434162573561, 
                183.83838200038088, 
                186.24242237502614, 
                188.6464627496714, 
                191.05050312431666, 
                193.45454349896193, 
                195.85858387360719, 
                198.26262424825245, 
                200.66666462289771, 
                203.07070499754298, 
                205.47474537218824, 
                207.87878574683353, 
                210.28282612147879, 
                212.68686649612405, 
                215.09090687076929, 
                217.49494724541461, 
                219.89898762005987, 
                222.30302799470513, 
                224.7070683693504, 
                227.11110874399566, 
                229.51514911864092, 
                231.91918949328618, 
                234.32322986793145, 
                236.72727024257671, 
                239.13131061722197, 
                241.53535099186723, 
                243.9393913665125, 
                246.34343174115776, 
                248.74747211580302, 
                251.15151249044828, 
                253.55555286509355, 
                255.95959323973881, 
                258.36363361438407, 
                260.76767398902933, 
                263.1717143636746, 
                265.57575473831986, 
                267.97979511296512, 
                270.38383548761038, 
                272.78787586225565, 
                275.19191623690091, 
                277.59595661154617, 
                279.99999698619143
            ], 
            "data": [
                [
                    -879.4762771720673, 
                    -877.402522557809, 
                    -855.414375411777, 
                    -852.2606097518938, 
                    -813.6304129795791, 
                    -791.4388031401913, 
                    -762.5080055684994, 
                    -773.1946980858515, 
                    -725.0276465273282, 
                    -707.9445061237202, 
                    -701.3299075542582, 
                    -699.1470898694388, 
                    -583.4808548227609, 
                    -573.3338954607311, 
                    -566.2238932394725, 
                    -540.2160862555772, 
                    -508.76947853010574, 
                    -509.2085750096926, 
                    -492.204443286126, 
                    -382.4166908201105, 
                    -352.4224376125894, 
                    -356.6710444998614, 
                    -352.3795202337917, 
                    -356.10191309994434, 
                    -350.2924861615736, 
                    -280.71844493530057, 
                    -185.05060247938923, 
                    -182.57824950272015, 
                    -186.86478693152617, 
                    138.6328448498041, 
                    145.85982640622547, 
                    130.5372509539584, 
                    262.4040994071929, 
                    274.4793848485406, 
                    273.4751307692868, 
                    271.70396013187474, 
                    282.2815655400709, 
                    299.64066014185573, 
                    310.073217216187, 
                    310.372045341187, 
                    307.4041922330334, 
                    313.86019463114644, 
                    311.36609971974667, 
                    320.0993269226374, 
                    315.6190996410078, 
                    342.01818048649966, 
                    358.0103310718778, 
                    502.58344266237054, 
                    556.0250361705325, 
                    573.1669074540987, 
                    593.6969688224581, 
                    736.043037271475, 
                    714.2086305553321, 
                    724.5633975377182, 
                    701.2373670872371, 
                    693.7406963475987, 
                    693.7649180246945, 
                    699.9256210453964, 
                    698.1393043769904, 
                    734.7589907105535, 
                    733.6803418823702, 
                    1062.224996474115, 
                    963.2468372081503, 
                    916.0870152207581, 
                    873.4860060341239, 
                    967.3126070943813, 
                    1150.132373544036, 
                    1148.020804600375, 
                    1145.9104416679816, 
                    1452.8044155153475, 
                    1385.6130977662338, 
                    1343.4061397065434, 
                    1345.865056439341, 
                    1411.3457761924064, 
                    1459.643498343558, 
                    1460.755442590717, 
                    1509.2093826632358, 
                    1526.1589120820436, 
                    1572.5019824656265, 
                    1585.3648492206485, 
                    1628.4704581221804, 
                    1609.2401225192998, 
                    1607.330119478279, 
                    1553.4651412424305, 
                    1551.4814677730428, 
                    1437.5748376033002, 
                    1370.1725198185063, 
                    1370.1725198185063, 
                    1278.085721697847, 
                    2328.958256229179, 
                    2415.695790757846, 
                    2200.7903340563225, 
                    2123.6350880721384, 
                    2338.4028854969374, 
                    2282.2125198541407, 
                    2208.068681332284, 
                    2184.4780378079104, 
                    2204.6302927196652, 
                    2485.341335270018, 
                    2485.341335270018
                ]
            ], 
            "feature": "Sq. Mt."
        }, 
        {
            "featureBins": [
                1.0
            ], 
            "data": [
                [
                    1.7369945212087714
                ]
            ], 
            "feature": "num_flagonly:Penthouse:not_missing"
        }, 
        {
            "featureBins": [
                1.0
            ], 
            "data": [
                [
                    1.7369945212087714
                ]
            ], 
            "feature": "num_flagonly:Outer:not_missing"
        }, 
        {
            "featureBins": [
                1.0
            ], 
            "data": [
                [
                    1.7369945212087714
                ]
            ], 
            "feature": "num_flagonly:Duplex:not_missing"
        }, 
        {
            "featureBins": [
                1.0
            ], 
            "data": [
                [
                    1.7369945212087714
                ]
            ], 
            "feature": "num_flagonly:Elevator:not_missing"
        }, 
        {
            "featureBins": [
                1.0
            ], 
            "data": [
                [
                    1.7369945212087714
                ]
            ], 
            "feature": "num_flagonly:Semi-detached:not_missing"
        }, 
        {
            "featureBins": [
                1.0
            ], 
            "data": [
                [
                    1.7369945212087714
                ]
            ], 
            "feature": "num_flagonly:Cottage:not_missing"
        }, 
        {
            "featureBins": [
                0.0, 
                1.0
            ], 
            "data": [
                [
                    -6.558293892067923, 
                    138.60725340970657
                ]
            ], 
            "feature": "dummy:Area:Chueca-Justicia"
        }, 
        {
            "featureBins": [
                0.0, 
                1.0
            ], 
            "data": [
                [
                    -45.78349117584685, 
                    791.1307638593553
                ]
            ], 
            "feature": "dummy:Area:Recoletos"
        }, 
        {
            "featureBins": [
                0.0, 
                1.0
            ], 
            "data": [
                [
                    -12.445362203344985, 
                    386.5317238101388
                ]
            ], 
            "feature": "dummy:Area:Almagro"
        }, 
        {
            "featureBins": [
                0.0, 
                1.0
            ], 
            "data": [
                [
                    -11.82030919604108, 
                    170.18446939721457
                ]
            ], 
            "feature": "dummy:Area:Castellana"
        }, 
        {
            "featureBins": [
                0.0, 
                1.0
            ], 
            "data": [
                [
                    -10.57731202546438, 
                    218.53834359557277
                ]
            ], 
            "feature": "dummy:Area:Goya"
        }, 
        {
            "featureBins": [
                0.0, 
                1.0
            ], 
            "data": [
                [
                    -1.8975729020810377, 
                    85.97418857246066
                ]
            ], 
            "feature": "dummy:Area:Arguelles"
        }, 
        {
            "featureBins": [
                0.0, 
                1.0
            ], 
            "data": [
                [
                    1.6581293441699927, 
                    3.3567008141030783
                ]
            ], 
            "feature": "dummy:Area:Cuatro Caminos"
        }, 
        {
            "featureBins": [
                0.0, 
                1.0
            ], 
            "data": [
                [
                    0.27819829987060984, 
                    40.173248497474106
                ]
            ], 
            "feature": "dummy:Area:Nueva Espana"
        }, 
        {
            "featureBins": [
                0.0, 
                1.0
            ], 
            "data": [
                [
                    0.3728452909610951, 
                    25.106814279055925
                ]
            ], 
            "feature": "dummy:Area:Bernabeu-Hispanoamerica"
        }, 
        {
            "featureBins": [
                0.0, 
                1.0
            ], 
            "data": [
                [
                    0.37484024779928404, 
                    41.601840127707874
                ]
            ], 
            "feature": "dummy:Area:Palacio"
        }, 
        {
            "featureBins": [
                0.0, 
                1.0
            ], 
            "data": [
                [
                    0.6934962192299281, 
                    32.84958077264696
                ]
            ], 
            "feature": "dummy:Area:Lavapies-Embajadores"
        }, 
        {
            "featureBins": [
                0.0, 
                1.0
            ], 
            "data": [
                [
                    0.5113647576808944, 
                    49.36236656182018
                ]
            ], 
            "feature": "dummy:Area:Malasana-Universidad"
        }, 
        {
            "featureBins": [
                0.0, 
                1.0
            ], 
            "data": [
                [
                    1.662715795687518, 
                    4.2125430123926435
                ]
            ], 
            "feature": "dummy:Area:Nuevos Ministerios-Rios Rosas"
        }, 
        {
            "featureBins": [
                0.0, 
                1.0
            ], 
            "data": [
                [
                    -0.3218988618152707, 
                    81.72942059624393
                ]
            ], 
            "feature": "dummy:Area:El Viso"
        }, 
        {
            "featureBins": [
                0.0, 
                1.0
            ], 
            "data": [
                [
                    1.6786175106758492, 
                    2.8548362155079303
                ]
            ], 
            "feature": "dummy:Area:Cuzco-Castillejos"
        }, 
        {
            "featureBins": [
                0.0, 
                1.0
            ], 
            "data": [
                [
                    1.6976390393510883, 
                    2.4074404778896223
                ]
            ], 
            "feature": "dummy:Area:Arapiles"
        }, 
        {
            "featureBins": [
                0.0, 
                1.0
            ], 
            "data": [
                [
                    1.0310576841320653, 
                    23.27794567030537
                ]
            ], 
            "feature": "dummy:Area:Sol"
        }, 
        {
            "featureBins": [
                0.0, 
                1.0
            ], 
            "data": [
                [
                    1.7369945212087714, 
                    1.7369945212087714
                ]
            ], 
            "feature": "dummy:Area:Sanchinarro"
        }, 
        {
            "featureBins": [
                0.0, 
                1.0
            ], 
            "data": [
                [
                    1.788911541924108, 
                    0.2633450249929865
                ]
            ], 
            "feature": "dummy:Area:Las Tablas"
        }, 
        {
            "featureBins": [
                0.0, 
                1.0
            ], 
            "data": [
                [
                    0.7376886833121716, 
                    15.101689550252104
                ]
            ], 
            "feature": "dummy:Area:Ibiza"
        }, 
        {
            "featureBins": [
                0.0, 
                1.0
            ], 
            "data": [
                [
                    1.459208226641067, 
                    9.167049125781205
                ]
            ], 
            "feature": "dummy:Area:Lista"
        }, 
        {
            "featureBins": [
                0.0, 
                1.0
            ], 
            "data": [
                [
                    0.421215190170642, 
                    46.285166756433455
                ]
            ], 
            "feature": "dummy:Area:Huertas-Cortes"
        }, 
        {
            "featureBins": [
                0.0, 
                1.0
            ], 
            "data": [
                [
                    0.6544158854214857, 
                    58.17023926550792
                ]
            ], 
            "feature": "dummy:Area:Trafalgar"
        }, 
        {
            "featureBins": [
                0.0, 
                1.0
            ], 
            "data": [
                [
                    1.7369945212087714, 
                    1.7369945212087714
                ]
            ], 
            "feature": "dummy:Area:Prosperidad"
        }, 
        {
            "featureBins": [
                0.0, 
                1.0
            ], 
            "data": [
                [
                    1.7596074591147044, 
                    1.1490581356604253
                ]
            ], 
            "feature": "dummy:Area:Castilla"
        }, 
        {
            "featureBins": [
                0.0, 
                1.0
            ], 
            "data": [
                [
                    1.7369945212087714, 
                    1.7369945212087714
                ]
            ], 
            "feature": "dummy:Area:Barajas"
        }, 
        {
            "featureBins": [
                0.0, 
                1.0
            ], 
            "data": [
                [
                    1.7369945212087714, 
                    1.7369945212087714
                ]
            ], 
            "feature": "dummy:Area:Rejas"
        }, 
        {
            "featureBins": [
                0.0, 
                1.0
            ], 
            "data": [
                [
                    0.06616391777811259, 
                    60.05229291963792
                ]
            ], 
            "feature": "dummy:Area:Vallehermoso"
        }, 
        {
            "featureBins": [
                0.0, 
                1.0
            ], 
            "data": [
                [
                    1.3651692426442423, 
                    19.8724964806363
                ]
            ], 
            "feature": "dummy:Area:Ciudad Jardin"
        }, 
        {
            "featureBins": [
                0.0, 
                1.0
            ], 
            "data": [
                [
                    1.6525247455836052, 
                    3.901450585187831
                ]
            ], 
            "feature": "dummy:Area:Aravaca"
        }, 
        {
            "featureBins": [
                0.0, 
                1.0
            ], 
            "data": [
                [
                    1.7369945212087714, 
                    1.7369945212087714
                ]
            ], 
            "feature": "dummy:Area:San Juan Bautista"
        }, 
        {
            "featureBins": [
                0.0, 
                1.0
            ], 
            "data": [
                [
                    2.1691186438349632, 
                    -4.337664372643076
                ]
            ], 
            "feature": "dummy:Area:San Diego"
        }, 
        {
            "featureBins": [
                0.0, 
                1.0
            ], 
            "data": [
                [
                    1.7369945212087714, 
                    1.7369945212087714
                ]
            ], 
            "feature": "dummy:Area:Gaztambide"
        }, 
        {
            "featureBins": [
                0.0, 
                1.0
            ], 
            "data": [
                [
                    1.7369945212087714, 
                    1.7369945212087714
                ]
            ], 
            "feature": "dummy:Area:Guindalera"
        }, 
        {
            "featureBins": [
                0.0, 
                1.0
            ], 
            "data": [
                [
                    1.76004650000732, 
                    1.5614813204872462
                ]
            ], 
            "feature": "dummy:Area:Valdemarin"
        }, 
        {
            "featureBins": [
                0.0, 
                1.0
            ], 
            "data": [
                [
                    1.7772205349785963, 
                    1.0026027155208794
                ]
            ], 
            "feature": "dummy:Area:San Isidro"
        }, 
        {
            "featureBins": [
                0.0, 
                1.0
            ], 
            "data": [
                [
                    1.6581837537321462, 
                    6.364032384011352
                ]
            ], 
            "feature": "dummy:Area:Valdeacederas"
        }, 
        {
            "featureBins": [
                0.0, 
                1.0
            ], 
            "data": [
                [
                    1.7369945212087714, 
                    1.7369945212087714
                ]
            ], 
            "feature": "dummy:Area:Acacias"
        }, 
        {
            "featureBins": [
                0.0, 
                1.0
            ], 
            "data": [
                [
                    1.7369945212087714, 
                    1.7369945212087714
                ]
            ], 
            "feature": "dummy:Area:Ensanche de Vallecas - La Gavia"
        }, 
        {
            "featureBins": [
                0.0, 
                1.0
            ], 
            "data": [
                [
                    1.7195846346198778, 
                    2.1247179736606085
                ]
            ], 
            "feature": "dummy:Area:Valdezarza"
        }, 
        {
            "featureBins": [
                0.0, 
                1.0
            ], 
            "data": [
                [
                    1.7369945212087714, 
                    1.7369945212087714
                ]
            ], 
            "feature": "dummy:Area:Montecarmelo"
        }, 
        {
            "featureBins": [
                0.0, 
                1.0
            ], 
            "data": [
                [
                    1.7369945212087714, 
                    1.7369945212087714
                ]
            ], 
            "feature": "dummy:Area:Concepcion"
        }, 
        {
            "featureBins": [
                0.0, 
                1.0
            ], 
            "data": [
                [
                    1.841587875137975, 
                    0.38276045685256577
                ]
            ], 
            "feature": "dummy:Area:Ciudad Universitaria"
        }, 
        {
            "featureBins": [
                0.0, 
                1.0
            ], 
            "data": [
                [
                    1.7369945212087714, 
                    1.7369945212087714
                ]
            ], 
            "feature": "dummy:Area:Costillares"
        }, 
        {
            "featureBins": [
                0.0, 
                1.0
            ], 
            "data": [
                [
                    1.7369945212087714, 
                    1.7369945212087714
                ]
            ], 
            "feature": "dummy:Area:Bellas Vistas"
        }, 
        {
            "featureBins": [
                0.0, 
                1.0
            ], 
            "data": [
                [
                    1.0961298464878837, 
                    14.879583362865333
                ]
            ], 
            "feature": "dummy:Area:Conde Orgaz-Piovera"
        }, 
        {
            "featureBins": [
                0.0, 
                1.0
            ], 
            "data": [
                [
                    -0.8223189277055099, 
                    89.29563280696698
                ]
            ], 
            "feature": "dummy:Area:Jeronimos"
        }, 
        {
            "featureBins": [
                0.0, 
                1.0
            ], 
            "data": [
                [
                    1.7369945212087714, 
                    1.7369945212087714
                ]
            ], 
            "feature": "dummy:Area:Berruguete"
        }, 
        {
            "featureBins": [
                0.0, 
                1.0
            ], 
            "data": [
                [
                    1.9553193588033082, 
                    -2.5549846380893086
                ]
            ], 
            "feature": "dummy:Area:Delicias"
        }, 
        {
            "featureBins": [
                0.0, 
                1.0
            ], 
            "data": [
                [
                    2.1240874088296096, 
                    -2.342421785309625
                ]
            ], 
            "feature": "dummy:Area:La Paz"
        }, 
        {
            "featureBins": [
                0.0, 
                1.0
            ], 
            "data": [
                [
                    1.768052558038562, 
                    0.5874309658859147
                ]
            ], 
            "feature": "dummy:Area:Numancia"
        }, 
        {
            "featureBins": [
                0.0, 
                1.0
            ], 
            "data": [
                [
                    1.7369945212087714, 
                    1.7369945212087714
                ]
            ], 
            "feature": "dummy:Area:San Pascual"
        }, 
        {
            "featureBins": [
                0.0, 
                1.0
            ], 
            "data": [
                [
                    1.7369945212087714, 
                    1.7369945212087714
                ]
            ], 
            "feature": "dummy:Area:Casco Historico de Vallecas"
        }, 
        {
            "featureBins": [
                0.0, 
                1.0
            ], 
            "data": [
                [
                    1.7369945212087714, 
                    1.7369945212087714
                ]
            ], 
            "feature": "dummy:Area:Valdebebas - Valdefuentes"
        }, 
        {
            "featureBins": [
                0.0, 
                1.0
            ], 
            "data": [
                [
                    1.7553534277276412, 
                    1.2321245919395096
                ]
            ], 
            "feature": "dummy:Area:Simancas"
        }, 
        {
            "featureBins": [
                0.0, 
                1.0
            ], 
            "data": [
                [
                    1.7369945212087714, 
                    1.7369945212087714
                ]
            ], 
            "feature": "dummy:Area:Pacifico"
        }, 
        {
            "featureBins": [
                0.0, 
                1.0
            ], 
            "data": [
                [
                    1.7369945212087714, 
                    1.7369945212087714
                ]
            ], 
            "feature": "dummy:Area:Pinar del Rey"
        }, 
        {
            "featureBins": [
                0.0, 
                1.0
            ], 
            "data": [
                [
                    1.5022625693586633, 
                    8.11062576225845
                ]
            ], 
            "feature": "dummy:Area:Ni\u00f1o Jesus"
        }, 
        {
            "featureBins": [
                0.0, 
                1.0
            ], 
            "data": [
                [
                    1.766310641913833, 
                    1.5318298722265808
                ]
            ], 
            "feature": "dummy:Area:Ventilla-Almenara"
        }, 
        {
            "featureBins": [
                0.0, 
                1.0
            ], 
            "data": [
                [
                    1.7369945212087714, 
                    1.7369945212087714
                ]
            ], 
            "feature": "dummy:Area:Penagrande"
        }, 
        {
            "featureBins": [
                0.0, 
                1.0
            ], 
            "data": [
                [
                    1.7369945212087714, 
                    1.7369945212087714
                ]
            ], 
            "feature": "dummy:Area:Pilar"
        }, 
        {
            "featureBins": [
                0.0, 
                1.0
            ], 
            "data": [
                [
                    1.7369945212087714, 
                    1.7369945212087714
                ]
            ], 
            "feature": "dummy:Area:Vista Alegre"
        }, 
        {
            "featureBins": [
                0.0, 
                1.0
            ], 
            "data": [
                [
                    1.7369945212087714, 
                    1.7369945212087714
                ]
            ], 
            "feature": "dummy:Area:Fuente del Berro"
        }, 
        {
            "featureBins": [
                0.0, 
                1.0
            ], 
            "data": [
                [
                    1.7369945212087714, 
                    1.7369945212087714
                ]
            ], 
            "feature": "dummy:Area:Quintana"
        }, 
        {
            "featureBins": [
                0.0, 
                1.0
            ], 
            "data": [
                [
                    1.7369945212087714, 
                    1.7369945212087714
                ]
            ], 
            "feature": "dummy:Area:Puerta Bonita"
        }, 
        {
            "featureBins": [
                0.0, 
                1.0
            ], 
            "data": [
                [
                    1.7369945212087714, 
                    1.7369945212087714
                ]
            ], 
            "feature": "dummy:Area:Aluche"
        }, 
        {
            "featureBins": [
                0.0, 
                1.0
            ], 
            "data": [
                [
                    1.7369945212087714, 
                    1.7369945212087714
                ]
            ], 
            "feature": "dummy:Area:Campamento"
        }, 
        {
            "featureBins": [
                0.0, 
                1.0
            ], 
            "data": [
                [
                    1.7369945212087714, 
                    1.7369945212087714
                ]
            ], 
            "feature": "dummy:Area:Imperial"
        }, 
        {
            "featureBins": [
                0.0, 
                1.0
            ], 
            "data": [
                [
                    1.7369945212087714, 
                    1.7369945212087714
                ]
            ], 
            "feature": "dummy:Area:Canillas"
        }, 
        {
            "featureBins": [
                0.0, 
                1.0
            ], 
            "data": [
                [
                    1.7369945212087714, 
                    1.7369945212087714
                ]
            ], 
            "feature": "dummy:Area:Ap\u00f3stol Santiago"
        }, 
        {
            "featureBins": [
                0.0, 
                1.0
            ], 
            "data": [
                [
                    1.7369945212087714, 
                    1.7369945212087714
                ]
            ], 
            "feature": "dummy:Area:Legazpi"
        }, 
        {
            "featureBins": [
                0.0, 
                1.0
            ], 
            "data": [
                [
                    1.7369945212087714, 
                    1.7369945212087714
                ]
            ], 
            "feature": "dummy:Area:Puerta del Angel"
        }, 
        {
            "featureBins": [
                0.0, 
                1.0
            ], 
            "data": [
                [
                    1.7369945212087714, 
                    1.7369945212087714
                ]
            ], 
            "feature": "dummy:Area:Pueblo Nuevo"
        }, 
        {
            "featureBins": [
                0.0, 
                1.0
            ], 
            "data": [
                [
                    1.7369945212087714, 
                    1.7369945212087714
                ]
            ], 
            "feature": "dummy:Area:Palomas"
        }, 
        {
            "featureBins": [
                0.0, 
                1.0
            ], 
            "data": [
                [
                    1.7369945212087714, 
                    1.7369945212087714
                ]
            ], 
            "feature": "dummy:Area:Los Angeles"
        }, 
        {
            "featureBins": [
                0.0, 
                1.0
            ], 
            "data": [
                [
                    1.876788190338175, 
                    -2.392024718258199
                ]
            ], 
            "feature": "dummy:Area:Media Legua"
        }, 
        {
            "featureBins": [
                0.0, 
                1.0
            ], 
            "data": [
                [
                    1.7369945212087714, 
                    1.7369945212087714
                ]
            ], 
            "feature": "dummy:Area:Salvador"
        }, 
        {
            "featureBins": [
                0.0, 
                1.0
            ], 
            "data": [
                [
                    1.7369945212087714, 
                    1.7369945212087714
                ]
            ], 
            "feature": "dummy:Area:Colina"
        }, 
        {
            "featureBins": [
                0.0, 
                1.0
            ], 
            "data": [
                [
                    1.7369945212087714, 
                    1.7369945212087714
                ]
            ], 
            "feature": "dummy:Area:Tres Olivos - Valverde"
        }, 
        {
            "featureBins": [
                0.0, 
                1.0
            ], 
            "data": [
                [
                    1.7369945212087714, 
                    1.7369945212087714
                ]
            ], 
            "feature": "dummy:Area:Palos de Moguer"
        }, 
        {
            "featureBins": [
                0.0, 
                1.0
            ], 
            "data": [
                [
                    1.7369945212087714, 
                    1.7369945212087714
                ]
            ], 
            "feature": "dummy:Area:Almendrales"
        }, 
        {
            "featureBins": [
                0.0, 
                1.0
            ], 
            "data": [
                [
                    1.7369945212087714, 
                    1.7369945212087714
                ]
            ], 
            "feature": "dummy:Area:Palomeras sureste"
        }, 
        {
            "featureBins": [
                0.0, 
                1.0
            ], 
            "data": [
                [
                    1.7369945212087714, 
                    1.7369945212087714
                ]
            ], 
            "feature": "dummy:Area:Butarque"
        }, 
        {
            "featureBins": [
                0.0, 
                1.0
            ], 
            "data": [
                [
                    1.7369945212087714, 
                    1.7369945212087714
                ]
            ], 
            "feature": "dummy:Area:Abrantes"
        }, 
        {
            "featureBins": [
                0.0, 
                1.0
            ], 
            "data": [
                [
                    1.7369945212087714, 
                    1.7369945212087714
                ]
            ], 
            "feature": "dummy:Area:Comillas"
        }, 
        {
            "featureBins": [
                0.0, 
                1.0
            ], 
            "data": [
                [
                    1.7369945212087714, 
                    1.7369945212087714
                ]
            ], 
            "feature": "dummy:Area:Adelfas"
        }, 
        {
            "featureBins": [
                0.0, 
                1.0
            ], 
            "data": [
                [
                    1.7369945212087714, 
                    1.7369945212087714
                ]
            ], 
            "feature": "dummy:Area:Arroyo del Fresno"
        }, 
        {
            "featureBins": [
                0.0, 
                1.0
            ], 
            "data": [
                [
                    1.7369945212087714, 
                    1.7369945212087714
                ]
            ], 
            "feature": "dummy:Area:Fuentelarreina"
        }, 
        {
            "featureBins": [
                0.0, 
                1.0
            ], 
            "data": [
                [
                    1.7369945212087714, 
                    1.7369945212087714
                ]
            ], 
            "feature": "dummy:Area:Arcos"
        }, 
        {
            "featureBins": [
                0.0, 
                1.0
            ], 
            "data": [
                [
                    1.7369945212087714, 
                    1.7369945212087714
                ]
            ], 
            "feature": "dummy:Area:San Andres"
        }, 
        {
            "featureBins": [
                0.0, 
                1.0
            ], 
            "data": [
                [
                    1.7369945212087714, 
                    1.7369945212087714
                ]
            ], 
            "feature": "dummy:Area:Mirasierra"
        }, 
        {
            "featureBins": [
                0.0, 
                1.0
            ], 
            "data": [
                [
                    1.7369945212087714, 
                    1.7369945212087714
                ]
            ], 
            "feature": "dummy:Area:Atalaya"
        }, 
        {
            "featureBins": [
                0.0, 
                1.0
            ], 
            "data": [
                [
                    1.7369945212087714, 
                    1.7369945212087714
                ]
            ], 
            "feature": "dummy:Area:Valdebernardo - Valderribas"
        }, 
        {
            "featureBins": [
                0.0, 
                1.0
            ], 
            "data": [
                [
                    1.7369945212087714, 
                    1.7369945212087714
                ]
            ], 
            "feature": "dummy:Area:Pau de Carabanchel"
        }, 
        {
            "featureBins": [
                0.0, 
                1.0
            ], 
            "data": [
                [
                    1.7369945212087714, 
                    1.7369945212087714
                ]
            ], 
            "feature": "dummy:Area:Buena Vista"
        }, 
        {
            "featureBins": [
                0.0, 
                1.0
            ], 
            "data": [
                [
                    1.7369945212087714, 
                    1.7369945212087714
                ]
            ], 
            "feature": "dummy:Area:San Fermin"
        }, 
        {
            "featureBins": [
                0.0, 
                1.0
            ], 
            "data": [
                [
                    1.7369945212087714, 
                    1.7369945212087714
                ]
            ], 
            "feature": "dummy:Area:Opanel"
        }, 
        {
            "featureBins": [
                0.0, 
                1.0
            ], 
            "data": [
                [
                    1.7369945212087714, 
                    1.7369945212087714
                ]
            ], 
            "feature": "dummy:Area:Estrella"
        }, 
        {
            "featureBins": [
                0.0, 
                1.0
            ], 
            "data": [
                [
                    1.7369945212087714, 
                    1.7369945212087714
                ]
            ], 
            "feature": "dummy:Area:Rosas"
        }, 
        {
            "featureBins": [
                0.0, 
                1.0
            ], 
            "data": [
                [
                    1.7369945212087714, 
                    1.7369945212087714
                ]
            ], 
            "feature": "dummy:Area:Palomeras Bajas"
        }, 
        {
            "featureBins": [
                0.0, 
                1.0
            ], 
            "data": [
                [
                    1.7369945212087714, 
                    1.7369945212087714
                ]
            ], 
            "feature": "dummy:Area:Zofao"
        }, 
        {
            "featureBins": [
                0.0
            ], 
            "data": [
                [
                    1.7369945212087714
                ]
            ], 
            "feature": "dummy:Area:N/A"
        }, 
        {
            "featureBins": [
                0.0, 
                1.0
            ], 
            "data": [
                [
                    1.9919186088654897, 
                    -4.246464371742377
                ]
            ], 
            "feature": "dummy:Area:__Others__"
        }
    ], 
    "modelInputNCols": 111, 
    "modelInputMemory": 1167720, 
    "modelInputIsSparse": false
}