{
    "metrics": {
        "rmse": 829.2625206190684, 
        "pearson": 0.82162636285592128, 
        "mae": 430.78732480862686, 
        "r2": 0.66784827326599472, 
        "mape": 0.24501173945699825, 
        "mse": 687676.32810349076, 
        "evs": 0.66868077447986685, 
        "rmsle": 0.2989362767537136
    }, 
    "scatterPlotData": {
        "y": [
            1916.1643, 
            1330.0555, 
            1599.8984, 
            1997.2979, 
            3455.9424, 
            1329.6434, 
            1348.6044, 
            929.5052, 
            1104.1308, 
            1870.2923, 
            1754.809, 
            1029.9754, 
            1328.4905, 
            975.261, 
            2795.5658, 
            1209.2474, 
            1082.6806, 
            934.2659, 
            2425.5815, 
            774.3716, 
            1620.3487, 
            2542.8633, 
            1048.6722, 
            2821.3247, 
            1272.4598, 
            1130.8993, 
            1270.9368, 
            1464.7589, 
            3077.6013, 
            1441.2822, 
            1034.3776, 
            4345.4536, 
            1072.3157, 
            1272.4598, 
            1275.5128, 
            1453.9684, 
            2785.3911, 
            2919.5378, 
            1179.2577, 
            2267.2807, 
            3211.8112, 
            1321.5907, 
            2343.7388, 
            915.0557, 
            909.8523, 
            1221.8602, 
            979.0967, 
            846.9943, 
            1216.8331, 
            3075.5673, 
            2142.495, 
            966.8184, 
            1994.5314, 
            1656.9892, 
            1206.4892, 
            1134.7932, 
            1225.7733, 
            1330.0555, 
            1270.9368, 
            2331.9927, 
            1020.7182, 
            1225.2854, 
            1143.5027, 
            880.3234, 
            1979.8798, 
            838.9555, 
            1943.5122, 
            1858.9665, 
            1781.7876, 
            1283.8621, 
            1047.8236, 
            3642.452, 
            934.2659, 
            4698.9213, 
            1884.4241, 
            1242.8553, 
            6160.6351, 
            2285.2571, 
            3144.0992, 
            1937.1107, 
            910.8008, 
            3795.3287, 
            1193.8912, 
            3671.9785, 
            3002.8395, 
            1321.5907, 
            1041.9894, 
            2387.6911, 
            1016.3699, 
            1148.276, 
            1052.5132, 
            948.1989, 
            1887.5443, 
            1150.3189, 
            1488.0949, 
            1295.6425, 
            1276.4752, 
            3325.4026, 
            1215.7963, 
            975.261, 
            1036.3754, 
            932.6731, 
            2994.7239, 
            3669.2683, 
            961.9208, 
            1061.5494, 
            993.9093, 
            3892.6357, 
            1153.9765, 
            4763.5101, 
            4702.2219, 
            1019.4905, 
            1333.2847, 
            1419.0514, 
            3129.3849, 
            6998.8234, 
            5395.8947, 
            863.2481, 
            915.0557, 
            1028.9439, 
            968.2882, 
            823.9037, 
            948.1989, 
            934.2659, 
            934.2659, 
            1232.8619, 
            1930.5938, 
            3016.6783, 
            1047.7394, 
            1032.0889, 
            1656.9892, 
            962.3745, 
            1333.2847, 
            3184.3453, 
            1958.1787, 
            2380.1718, 
            2932.4173, 
            1334.3602, 
            1344.7052, 
            1007.4845, 
            1743.2076, 
            1953.535, 
            864.5728, 
            1342.8246, 
            3334.9171, 
            1873.2507, 
            3023.062, 
            883.2212, 
            1213.1753, 
            975.261, 
            2807.7089, 
            1333.5426, 
            2341.345, 
            1573.2174, 
            1321.5907, 
            877.1061, 
            983.1741, 
            1127.6586, 
            1520.3537, 
            1698.1202, 
            961.3566, 
            2074.5111, 
            2960.3219, 
            2670.52, 
            2763.9995, 
            1154.7693, 
            1477.8341, 
            1208.6415, 
            1204.235, 
            917.5113, 
            1961.3895, 
            1082.3927, 
            984.1292, 
            1033.4476, 
            1707.2957, 
            1301.6456, 
            7476.9102, 
            1143.5027, 
            1216.8331, 
            1035.1232, 
            1927.9937, 
            1904.8812, 
            1044.5143, 
            3011.7384, 
            998.2432, 
            2115.4425, 
            2795.5658, 
            1030.3556, 
            1976.4492, 
            2006.3699, 
            975.261, 
            1015.3059, 
            1223.151, 
            1408.8295, 
            1075.7527, 
            2919.5378, 
            2687.0052, 
            1771.9779, 
            2457.3123, 
            4163.3232, 
            1222.2592, 
            939.6653, 
            1330.0555, 
            978.9808, 
            1902.4557, 
            1276.3868, 
            1403.3105, 
            1179.4191, 
            1968.4005, 
            1033.4476, 
            975.261, 
            1908.1498, 
            3774.1588, 
            3014.3934, 
            2895.3048, 
            1408.8295, 
            991.9835, 
            1338.0014, 
            1270.9368, 
            1190.8816, 
            1937.8645, 
            846.9943, 
            2433.7918, 
            1614.7225, 
            1130.8993, 
            1156.0818, 
            935.5906, 
            909.6926, 
            1764.8294, 
            1870.2923, 
            1326.3849, 
            1289.9751, 
            1204.235, 
            2832.2898, 
            820.7214, 
            2927.6655, 
            1153.5596, 
            2217.2803, 
            975.261, 
            2813.96, 
            1704.2724, 
            1967.8433, 
            3087.859, 
            1645.3601, 
            2407.5984, 
            1147.6895, 
            843.0647, 
            1658.8553, 
            935.5906, 
            881.8965, 
            1205.108, 
            2864.6213, 
            1338.0014, 
            1033.4476, 
            2498.2949, 
            1151.816, 
            2987.2863, 
            2254.5836, 
            1945.0617, 
            1916.5522, 
            1523.7846, 
            3665.0082, 
            3242.962, 
            1953.2427, 
            950.9561, 
            3729.5265, 
            922.4305, 
            1204.235, 
            1147.6895, 
            1208.6415, 
            997.2229, 
            1026.5308, 
            1781.99, 
            1823.7236, 
            1162.0974, 
            1298.7479, 
            1028.9439, 
            956.6993, 
            1301.7222, 
            1147.6895, 
            1355.2097, 
            1338.0014, 
            2393.5341, 
            2158.5465, 
            2811.1623, 
            2288.9669, 
            1004.9312, 
            934.2659, 
            2007.1748, 
            1817.6099, 
            935.5906, 
            976.5858, 
            813.2671, 
            1514.1626, 
            1228.3944, 
            1333.5974, 
            1090.2981, 
            975.261, 
            3469.9407, 
            934.2659, 
            1204.235, 
            1739.3316, 
            2231.2656, 
            1006.1004, 
            1174.2658, 
            2436.8501, 
            806.9822, 
            916.7657, 
            2393.5341, 
            2795.5658, 
            1576.7872, 
            1978.0268, 
            1241.8803, 
            1387.6305, 
            1001.9054, 
            996.2145, 
            1213.1753, 
            1272.4598, 
            1929.2197, 
            4468.0721, 
            2025.2357, 
            1321.5907, 
            1885.95, 
            3066.5579, 
            2451.5243, 
            906.4451, 
            1742.7545, 
            2330.8712, 
            932.6232, 
            881.8965, 
            1340.0317, 
            1109.5342, 
            1153.5596, 
            1330.0555, 
            1338.0014, 
            1441.2822, 
            850.1547, 
            1975.8598, 
            1042.7843, 
            1621.048, 
            885.0937, 
            4801.6809, 
            2436.8348, 
            934.2659, 
            1321.5907, 
            4699.7069, 
            2005.3246, 
            858.6781, 
            1347.4921, 
            1981.0268, 
            1347.0632, 
            1938.0366, 
            1034.1372, 
            910.8008, 
            1330.0555, 
            2595.7671, 
            920.1064, 
            1736.2189, 
            1338.2594, 
            3892.2992, 
            3251.5142, 
            2802.2903, 
            825.7761, 
            1711.5921, 
            2562.6988, 
            1099.8663, 
            1024.2089, 
            4254.4397, 
            1958.2113, 
            1925.4681, 
            1201.6206, 
            2873.7752, 
            1355.6017, 
            1334.3602, 
            1170.9768, 
            906.7624, 
            1602.3446, 
            3099.7068, 
            1216.8331, 
            1328.4905, 
            1961.9754, 
            855.9343, 
            1013.0056, 
            968.1431, 
            1666.2256, 
            2368.8725, 
            3752.9827, 
            1238.2901, 
            2575.4552, 
            1352.0179, 
            1283.5366, 
            3251.6377, 
            2369.645, 
            3638.1272, 
            1458.6228, 
            1136.3493, 
            949.5236, 
            1213.4454, 
            791.911, 
            1870.2923, 
            1087.2405, 
            1730.6879, 
            1453.8763, 
            1330.0555, 
            5952.8387, 
            1328.4905, 
            3418.9114, 
            1043.263, 
            1162.4999, 
            3317.7282, 
            913.7309, 
            1291.542, 
            2696.9174, 
            1666.2256, 
            1784.1985, 
            1330.0555, 
            1034.306, 
            976.5858, 
            2352.7918, 
            1529.414, 
            1334.2307, 
            1925.4791, 
            1154.9092, 
            1485.3277, 
            4544.6958, 
            2321.967, 
            1434.6651, 
            4177.8041, 
            1249.5941, 
            998.2432, 
            1025.812, 
            1368.1594, 
            1441.2822, 
            1130.8993, 
            1660.3343, 
            813.109, 
            1321.5907, 
            1042.2717, 
            1341.437, 
            1116.3941, 
            2313.8738, 
            2118.2885, 
            1130.8993, 
            3684.3005, 
            2919.1091, 
            1345.7417, 
            1136.3493, 
            907.3651, 
            1401.1375, 
            4147.9013, 
            2114.7103, 
            3795.3287, 
            976.5858, 
            1136.3493, 
            1134.7932, 
            1029.9754, 
            2912.3989, 
            1440.7086, 
            1326.3849, 
            1878.3254, 
            1151.6685, 
            915.0557, 
            2620.4771, 
            4780.118, 
            915.1597, 
            921.5257, 
            915.0557, 
            2506.4295, 
            1070.1537, 
            1948.12, 
            2066.0869, 
            1063.8536, 
            1130.8993, 
            1333.2847, 
            1036.3754, 
            3225.9555, 
            923.8769, 
            2498.2949, 
            2221.822, 
            1931.24, 
            1307.8472, 
            2927.6655, 
            979.264, 
            5401.4207, 
            2800.7324, 
            934.2659, 
            1238.2901, 
            2118.2885, 
            1338.2594, 
            935.5906, 
            1143.5027, 
            932.6232, 
            3847.0135, 
            1338.0014, 
            1933.91, 
            1330.0555, 
            1048.1838, 
            1042.3432, 
            1692.287, 
            1527.4379, 
            2827.4374, 
            1904.8812, 
            1804.4971, 
            801.7837, 
            2528.5222, 
            1927.9424, 
            949.5236, 
            4735.0292, 
            976.5858, 
            1408.8295, 
            1272.4598, 
            968.6768, 
            2306.7125, 
            1338.2594, 
            960.1122, 
            8684.5438, 
            6751.474, 
            1873.2507, 
            3096.3266, 
            915.0557, 
            3161.656, 
            2878.553, 
            2080.5471, 
            1146.2185, 
            2310.8897, 
            1951.2313, 
            1724.5093, 
            961.0498, 
            1330.0555, 
            1033.4476, 
            2550.3861, 
            1156.0818, 
            2959.3292, 
            1325.5333, 
            1933.7521, 
            2139.7211, 
            1286.8176, 
            1330.0555, 
            2107.953, 
            1892.438, 
            5294.0389, 
            1342.8246, 
            3527.8904, 
            918.8167, 
            1063.7627, 
            1130.8993, 
            1088.5569, 
            5294.0389, 
            1723.0051, 
            1149.4592, 
            1927.9937, 
            1916.1643, 
            1159.5627, 
            949.5236, 
            1007.4845, 
            1033.4476, 
            994.8633, 
            1133.1086, 
            2368.8725
        ], 
        "x": [
            1700.0, 
            800.0, 
            1800.0, 
            1500.0, 
            3900.0, 
            1200.0, 
            975.0, 
            890.0, 
            950.0, 
            1200.0, 
            2000.0, 
            900.0, 
            1000.0, 
            980.0, 
            2800.0, 
            1100.0, 
            950.0, 
            750.0, 
            2200.0, 
            500.0, 
            3240.0, 
            3300.0, 
            1100.0, 
            2300.0, 
            1150.0, 
            900.0, 
            1400.0, 
            1700.0, 
            2950.0, 
            780.0, 
            1852.0, 
            8000.0, 
            900.0, 
            1100.0, 
            1300.0, 
            1000.0, 
            4320.0, 
            3500.0, 
            1000.0, 
            2100.0, 
            2300.0, 
            760.0, 
            3950.0, 
            700.0, 
            1250.0, 
            1190.0, 
            1100.0, 
            950.0, 
            1000.0, 
            4000.0, 
            2970.0, 
            850.0, 
            1800.0, 
            1300.0, 
            900.0, 
            1100.0, 
            1300.0, 
            1300.0, 
            1200.0, 
            2250.0, 
            750.0, 
            850.0, 
            650.0, 
            575.0, 
            2700.0, 
            850.0, 
            1500.0, 
            1200.0, 
            2495.0, 
            1300.0, 
            1300.0, 
            8000.0, 
            800.0, 
            5000.0, 
            1250.0, 
            1100.0, 
            6000.0, 
            2000.0, 
            3500.0, 
            1950.0, 
            950.0, 
            3800.0, 
            840.0, 
            4100.0, 
            4000.0, 
            995.0, 
            750.0, 
            1900.0, 
            1200.0, 
            700.0, 
            1300.0, 
            825.0, 
            2000.0, 
            1400.0, 
            1200.0, 
            1300.0, 
            950.0, 
            2250.0, 
            1200.0, 
            1250.0, 
            1060.0, 
            640.0, 
            3000.0, 
            3900.0, 
            1200.0, 
            650.0, 
            925.0, 
            5000.0, 
            1290.0, 
            3600.0, 
            2900.0, 
            850.0, 
            1100.0, 
            1400.0, 
            2650.0, 
            5500.0, 
            6500.0, 
            850.0, 
            650.0, 
            675.0, 
            550.0, 
            730.0, 
            675.0, 
            700.0, 
            700.0, 
            1150.0, 
            1500.0, 
            3300.0, 
            950.0, 
            790.0, 
            1250.0, 
            600.0, 
            915.0, 
            2900.0, 
            1950.0, 
            2800.0, 
            3500.0, 
            1300.0, 
            1200.0, 
            730.0, 
            1150.0, 
            1900.0, 
            700.0, 
            2295.0, 
            4700.0, 
            2000.0, 
            3200.0, 
            500.0, 
            1600.0, 
            720.0, 
            1600.0, 
            1300.0, 
            1600.0, 
            1600.0, 
            900.0, 
            750.0, 
            800.0, 
            750.0, 
            1400.0, 
            2500.0, 
            650.0, 
            1700.0, 
            2650.0, 
            3450.0, 
            2600.0, 
            700.0, 
            2000.0, 
            1175.0, 
            1100.0, 
            710.0, 
            2430.0, 
            680.0, 
            800.0, 
            765.0, 
            2970.0, 
            1550.0, 
            7500.0, 
            1050.0, 
            1000.0, 
            950.0, 
            1600.0, 
            1550.0, 
            900.0, 
            1500.0, 
            1090.0, 
            2750.0, 
            2500.0, 
            1600.0, 
            4500.0, 
            2400.0, 
            725.0, 
            900.0, 
            940.0, 
            850.0, 
            850.0, 
            3500.0, 
            2650.0, 
            1000.0, 
            2200.0, 
            2900.0, 
            1400.0, 
            800.0, 
            1090.0, 
            1150.0, 
            1590.0, 
            1450.0, 
            1400.0, 
            690.0, 
            1850.0, 
            1100.0, 
            1200.0, 
            1500.0, 
            4500.0, 
            2200.0, 
            2500.0, 
            900.0, 
            880.0, 
            1250.0, 
            1150.0, 
            940.0, 
            1400.0, 
            800.0, 
            2800.0, 
            1500.0, 
            700.0, 
            800.0, 
            1000.0, 
            775.0, 
            1700.0, 
            1200.0, 
            850.0, 
            1600.0, 
            1699.0, 
            2500.0, 
            1215.0, 
            3000.0, 
            1200.0, 
            2400.0, 
            950.0, 
            2500.0, 
            1400.0, 
            2300.0, 
            3500.0, 
            1400.0, 
            3000.0, 
            800.0, 
            900.0, 
            1200.0, 
            850.0, 
            1000.0, 
            950.0, 
            3300.0, 
            1200.0, 
            850.0, 
            2300.0, 
            2565.0, 
            3500.0, 
            2700.0, 
            1600.0, 
            1250.0, 
            1200.0, 
            3500.0, 
            2800.0, 
            2700.0, 
            700.0, 
            3500.0, 
            950.0, 
            900.0, 
            1200.0, 
            1250.0, 
            2430.0, 
            700.0, 
            1250.0, 
            1700.0, 
            1450.0, 
            2150.0, 
            900.0, 
            750.0, 
            1300.0, 
            1300.0, 
            1600.0, 
            1100.0, 
            3375.0, 
            2800.0, 
            3149.0, 
            1700.0, 
            800.0, 
            630.0, 
            2700.0, 
            2750.0, 
            725.0, 
            780.0, 
            600.0, 
            2100.0, 
            1800.0, 
            1325.0, 
            900.0, 
            700.0, 
            4300.0, 
            750.0, 
            1000.0, 
            1300.0, 
            1700.0, 
            900.0, 
            800.0, 
            2800.0, 
            750.0, 
            680.0, 
            1800.0, 
            1900.0, 
            1400.0, 
            1500.0, 
            1300.0, 
            1200.0, 
            925.0, 
            950.0, 
            2500.0, 
            855.0, 
            1450.0, 
            5700.0, 
            1600.0, 
            750.0, 
            1500.0, 
            3000.0, 
            2500.0, 
            725.0, 
            1450.0, 
            1800.0, 
            800.0, 
            630.0, 
            1800.0, 
            1200.0, 
            1050.0, 
            1000.0, 
            1300.0, 
            800.0, 
            1440.0, 
            1800.0, 
            950.0, 
            2250.0, 
            900.0, 
            4800.0, 
            2300.0, 
            750.0, 
            1200.0, 
            4300.0, 
            1600.0, 
            925.0, 
            2500.0, 
            2300.0, 
            1850.0, 
            2500.0, 
            1400.0, 
            725.0, 
            1200.0, 
            2900.0, 
            500.0, 
            2300.0, 
            800.0, 
            3700.0, 
            2800.0, 
            3900.0, 
            800.0, 
            2300.0, 
            2800.0, 
            1100.0, 
            870.0, 
            3500.0, 
            1800.0, 
            2295.0, 
            1100.0, 
            2000.0, 
            2200.0, 
            900.0, 
            800.0, 
            750.0, 
            4300.0, 
            2950.0, 
            1750.0, 
            749.0, 
            1300.0, 
            1000.0, 
            1250.0, 
            1200.0, 
            1250.0, 
            3200.0, 
            3400.0, 
            1195.0, 
            2750.0, 
            1850.0, 
            790.0, 
            4500.0, 
            2200.0, 
            4500.0, 
            999.0, 
            630.0, 
            830.0, 
            1400.0, 
            750.0, 
            1600.0, 
            950.0, 
            1500.0, 
            1300.0, 
            1100.0, 
            5500.0, 
            950.0, 
            4000.0, 
            1300.0, 
            1050.0, 
            4000.0, 
            1175.0, 
            920.0, 
            2200.0, 
            1300.0, 
            1100.0, 
            850.0, 
            850.0, 
            850.0, 
            2500.0, 
            1650.0, 
            1700.0, 
            1550.0, 
            700.0, 
            1500.0, 
            16000.0, 
            2400.0, 
            2160.0, 
            4500.0, 
            1350.0, 
            800.0, 
            660.0, 
            2200.0, 
            1300.0, 
            640.0, 
            1300.0, 
            750.0, 
            1250.0, 
            620.0, 
            1700.0, 
            1100.0, 
            2500.0, 
            2800.0, 
            750.0, 
            3600.0, 
            2800.0, 
            1000.0, 
            1150.0, 
            900.0, 
            2430.0, 
            4800.0, 
            2750.0, 
            3800.0, 
            750.0, 
            800.0, 
            850.0, 
            690.0, 
            3500.0, 
            1150.0, 
            1500.0, 
            1600.0, 
            775.0, 
            900.0, 
            2380.0, 
            5500.0, 
            800.0, 
            590.0, 
            700.0, 
            2700.0, 
            950.0, 
            1700.0, 
            1500.0, 
            950.0, 
            1000.0, 
            1400.0, 
            950.0, 
            3000.0, 
            825.0, 
            10000.0, 
            2400.0, 
            1500.0, 
            895.0, 
            4300.0, 
            800.0, 
            6000.0, 
            3800.0, 
            800.0, 
            1000.0, 
            1500.0, 
            1240.0, 
            850.0, 
            1350.0, 
            625.0, 
            2000.0, 
            1350.0, 
            2500.0, 
            1550.0, 
            1550.0, 
            2700.0, 
            1100.0, 
            3500.0, 
            3000.0, 
            1900.0, 
            1500.0, 
            600.0, 
            2100.0, 
            3105.0, 
            800.0, 
            3000.0, 
            650.0, 
            2295.0, 
            1000.0, 
            915.0, 
            2100.0, 
            1600.0, 
            900.0, 
            7450.0, 
            9000.0, 
            1350.0, 
            3500.0, 
            825.0, 
            2900.0, 
            2800.0, 
            3780.0, 
            750.0, 
            2600.0, 
            2200.0, 
            1000.0, 
            800.0, 
            3000.0, 
            975.0, 
            2600.0, 
            1250.0, 
            3000.0, 
            1800.0, 
            3105.0, 
            1575.0, 
            2160.0, 
            900.0, 
            3250.0, 
            2565.0, 
            4300.0, 
            1400.0, 
            3900.0, 
            750.0, 
            870.0, 
            1300.0, 
            975.0, 
            7500.0, 
            1350.0, 
            950.0, 
            1600.0, 
            2700.0, 
            900.0, 
            850.0, 
            1300.0, 
            850.0, 
            2295.0, 
            1100.0, 
            1700.0
        ]
    }, 
    "processed_feature_names": [
        "Floor", 
        "Sq. Mt.", 
        "num_flagonly:Penthouse:not_missing", 
        "num_flagonly:Outer:not_missing", 
        "num_flagonly:Duplex:not_missing", 
        "num_flagonly:Elevator:not_missing", 
        "num_flagonly:Semi-detached:not_missing", 
        "num_flagonly:Cottage:not_missing", 
        "dummy:Area:Chueca-Justicia", 
        "dummy:Area:Recoletos", 
        "dummy:Area:Almagro", 
        "dummy:Area:Castellana", 
        "dummy:Area:Goya", 
        "dummy:Area:Arguelles", 
        "dummy:Area:Cuatro Caminos", 
        "dummy:Area:Nueva Espana", 
        "dummy:Area:Bernabeu-Hispanoamerica", 
        "dummy:Area:Palacio", 
        "dummy:Area:Lavapies-Embajadores", 
        "dummy:Area:Malasana-Universidad", 
        "dummy:Area:Nuevos Ministerios-Rios Rosas", 
        "dummy:Area:El Viso", 
        "dummy:Area:Cuzco-Castillejos", 
        "dummy:Area:Arapiles", 
        "dummy:Area:Sol", 
        "dummy:Area:Sanchinarro", 
        "dummy:Area:Las Tablas", 
        "dummy:Area:Ibiza", 
        "dummy:Area:Lista", 
        "dummy:Area:Huertas-Cortes", 
        "dummy:Area:Trafalgar", 
        "dummy:Area:Prosperidad", 
        "dummy:Area:Castilla", 
        "dummy:Area:Barajas", 
        "dummy:Area:Rejas", 
        "dummy:Area:Vallehermoso", 
        "dummy:Area:Ciudad Jardin", 
        "dummy:Area:Aravaca", 
        "dummy:Area:San Juan Bautista", 
        "dummy:Area:San Diego", 
        "dummy:Area:Gaztambide", 
        "dummy:Area:Guindalera", 
        "dummy:Area:Valdemarin", 
        "dummy:Area:San Isidro", 
        "dummy:Area:Valdeacederas", 
        "dummy:Area:Acacias", 
        "dummy:Area:Ensanche de Vallecas - La Gavia", 
        "dummy:Area:Valdezarza", 
        "dummy:Area:Montecarmelo", 
        "dummy:Area:Concepcion", 
        "dummy:Area:Ciudad Universitaria", 
        "dummy:Area:Costillares", 
        "dummy:Area:Bellas Vistas", 
        "dummy:Area:Conde Orgaz-Piovera", 
        "dummy:Area:Jeronimos", 
        "dummy:Area:Berruguete", 
        "dummy:Area:Delicias", 
        "dummy:Area:La Paz", 
        "dummy:Area:Numancia", 
        "dummy:Area:San Pascual", 
        "dummy:Area:Casco Historico de Vallecas", 
        "dummy:Area:Valdebebas - Valdefuentes", 
        "dummy:Area:Simancas", 
        "dummy:Area:Pacifico", 
        "dummy:Area:Pinar del Rey", 
        "dummy:Area:Ni\u00f1o Jesus", 
        "dummy:Area:Ventilla-Almenara", 
        "dummy:Area:Penagrande", 
        "dummy:Area:Pilar", 
        "dummy:Area:Vista Alegre", 
        "dummy:Area:Fuente del Berro", 
        "dummy:Area:Quintana", 
        "dummy:Area:Puerta Bonita", 
        "dummy:Area:Aluche", 
        "dummy:Area:Campamento", 
        "dummy:Area:Imperial", 
        "dummy:Area:Canillas", 
        "dummy:Area:Ap\u00f3stol Santiago", 
        "dummy:Area:Legazpi", 
        "dummy:Area:Puerta del Angel", 
        "dummy:Area:Pueblo Nuevo", 
        "dummy:Area:Palomas", 
        "dummy:Area:Los Angeles", 
        "dummy:Area:Media Legua", 
        "dummy:Area:Salvador", 
        "dummy:Area:Colina", 
        "dummy:Area:Tres Olivos - Valverde", 
        "dummy:Area:Palos de Moguer", 
        "dummy:Area:Almendrales", 
        "dummy:Area:Palomeras sureste", 
        "dummy:Area:Butarque", 
        "dummy:Area:Abrantes", 
        "dummy:Area:Comillas", 
        "dummy:Area:Adelfas", 
        "dummy:Area:Arroyo del Fresno", 
        "dummy:Area:Fuentelarreina", 
        "dummy:Area:Arcos", 
        "dummy:Area:San Andres", 
        "dummy:Area:Mirasierra", 
        "dummy:Area:Atalaya", 
        "dummy:Area:Valdebernardo - Valderribas", 
        "dummy:Area:Pau de Carabanchel", 
        "dummy:Area:Buena Vista", 
        "dummy:Area:San Fermin", 
        "dummy:Area:Opanel", 
        "dummy:Area:Estrella", 
        "dummy:Area:Rosas", 
        "dummy:Area:Palomeras Bajas", 
        "dummy:Area:Zofao", 
        "dummy:Area:N/A", 
        "dummy:Area:__Others__"
    ], 
    "regression_performance": {
        "max_error": 1651.5759043717262, 
        "median_error": -118.40047793630197, 
        "error_distribution": [
            {
                "count": 27, 
                "bin_max": -653.13315051270274, 
                "bin_id": 0, 
                "bin_min": -911.77272222751094
            }, 
            {
                "count": 67, 
                "bin_max": -397.05436663665512, 
                "bin_id": 1, 
                "bin_min": -653.13315051270274
            }, 
            {
                "count": 159, 
                "bin_max": -140.97558276060749, 
                "bin_id": 2, 
                "bin_min": -397.05436663665512
            }, 
            {
                "count": 140, 
                "bin_max": 115.10320111544024, 
                "bin_id": 3, 
                "bin_min": -140.97558276060749
            }, 
            {
                "count": 63, 
                "bin_max": 371.18198499148798, 
                "bin_id": 4, 
                "bin_min": 115.10320111544024
            }, 
            {
                "count": 36, 
                "bin_max": 627.26076886753549, 
                "bin_id": 5, 
                "bin_min": 371.18198499148798
            }, 
            {
                "count": 28, 
                "bin_max": 883.33955274358323, 
                "bin_id": 6, 
                "bin_min": 627.26076886753549
            }, 
            {
                "count": 11, 
                "bin_max": 1139.418336619631, 
                "bin_id": 7, 
                "bin_min": 883.33955274358323
            }, 
            {
                "count": 11, 
                "bin_max": 1395.4971204956785, 
                "bin_id": 8, 
                "bin_min": 1139.418336619631
            }, 
            {
                "count": 17, 
                "bin_max": 1651.5759043717262, 
                "bin_id": 9, 
                "bin_min": 1395.4971204956785
            }
        ], 
        "min_error": -909.21193438875048, 
        "average_error": 8.437569571266451, 
        "std_error": 515.3324891057745, 
        "p75_error": 222.34173671630344, 
        "p90_error": 719.9296767258057, 
        "p25_error": -308.97257533076635
    }
}