{
  "state": "DONE",
  "preSearchDescription": {
    "gridLength": 1,
    "importantParams": [
      {
        "name": "trees",
        "vals": [
          "100"
        ]
      },
      {
        "name": "depth",
        "vals": [
          "8"
        ]
      },
      {
        "name": "min_samples",
        "vals": [
          "3"
        ]
      }
    ]
  },
  "postSearchDescription": {
    "importantParams": [
      {
        "name": "trees",
        "val": "100"
      },
      {
        "name": "depth",
        "val": "8"
      },
      {
        "name": "min_samples",
        "val": "3"
      }
    ]
  },
  "sampleWeightsEnabled": false,
  "modelId": "m1",
  "progress": {
    "top_level_todo": [],
    "stack": [],
    "top_level_done": [
      {
        "name": "Loading train set",
        "time": 36
      },
      {
        "name": "Loading test set",
        "time": 24
      },
      {
        "name": "Collecting statistics",
        "time": 49
      },
      {
        "name": "Preprocessing train set",
        "time": 90
      },
      {
        "name": "Preprocessing test set",
        "time": 62
      },
      {
        "name": "Fitting model",
        "time": 1263
      },
      {
        "name": "Saving model",
        "time": 98
      },
      {
        "name": "Scoring model",
        "time": 1322
      }
    ]
  },
  "startTime": 1562028782207,
  "endTime": 1562028785157,
  "preprocessingTime": 265,
  "trainingTime": 2685
}