{
  "trainedWithDSSVersion": "5.0.3",
  "isValid": true,
  "type": "REGRESSION",
  "algorithm_name": "LINEAR",
  "columns": [
    "Cottage",
    "Floor",
    "Penthouse",
    "Sq. Mt.",
    "num_flagonly:Outer:not_missing",
    "dummy:Area:Chueca-Justicia",
    "dummy:Area:Recoletos",
    "dummy:Area:Almagro",
    "dummy:Area:Castellana",
    "dummy:Area:Goya",
    "dummy:Area:Arguelles",
    "dummy:Area:Cuatro Caminos",
    "dummy:Area:Nueva Espana",
    "dummy:Area:Bernabeu-Hispanoamerica",
    "dummy:Area:Palacio",
    "dummy:Area:Lavapies-Embajadores",
    "dummy:Area:Malasana-Universidad",
    "dummy:Area:Nuevos Ministerios-Rios Rosas",
    "dummy:Area:El Viso",
    "dummy:Area:Cuzco-Castillejos",
    "dummy:Area:Arapiles",
    "dummy:Area:Sol",
    "dummy:Area:Sanchinarro",
    "dummy:Area:Las Tablas",
    "dummy:Area:Ibiza",
    "dummy:Area:Lista",
    "dummy:Area:Huertas-Cortes",
    "dummy:Area:Trafalgar",
    "dummy:Area:Prosperidad",
    "dummy:Area:Castilla",
    "dummy:Area:Barajas",
    "dummy:Area:Rejas",
    "dummy:Area:Vallehermoso",
    "dummy:Area:Ciudad Jardin",
    "dummy:Area:Aravaca",
    "dummy:Area:San Juan Bautista",
    "dummy:Area:San Diego",
    "dummy:Area:Gaztambide",
    "dummy:Area:Guindalera",
    "dummy:Area:Valdemarin",
    "dummy:Area:San Isidro",
    "dummy:Area:Valdeacederas",
    "dummy:Area:Acacias",
    "dummy:Area:Ensanche de Vallecas - La Gavia",
    "dummy:Area:Valdezarza",
    "dummy:Area:Montecarmelo",
    "dummy:Area:Concepcion",
    "dummy:Area:Ciudad Universitaria",
    "dummy:Area:Costillares",
    "dummy:Area:Bellas Vistas",
    "dummy:Area:Conde Orgaz-Piovera",
    "dummy:Area:Jeronimos",
    "dummy:Area:Berruguete",
    "dummy:Area:Delicias",
    "dummy:Area:La Paz",
    "dummy:Area:Numancia",
    "dummy:Area:San Pascual",
    "dummy:Area:Casco Historico de Vallecas",
    "dummy:Area:Valdebebas - Valdefuentes",
    "dummy:Area:Simancas",
    "dummy:Area:Pacifico",
    "dummy:Area:Pinar del Rey",
    "dummy:Area:Niño Jesus",
    "dummy:Area:Ventilla-Almenara",
    "dummy:Area:Penagrande",
    "dummy:Area:Pilar",
    "dummy:Area:Vista Alegre",
    "dummy:Area:Fuente del Berro",
    "dummy:Area:Quintana",
    "dummy:Area:Puerta Bonita",
    "dummy:Area:Aluche",
    "dummy:Area:Campamento",
    "dummy:Area:Imperial",
    "dummy:Area:Canillas",
    "dummy:Area:Apóstol Santiago",
    "dummy:Area:Legazpi",
    "dummy:Area:Puerta del Angel",
    "dummy:Area:Pueblo Nuevo",
    "dummy:Area:Palomas",
    "dummy:Area:Los Angeles",
    "dummy:Area:Media Legua",
    "dummy:Area:Salvador",
    "dummy:Area:Colina",
    "dummy:Area:Tres Olivos - Valverde",
    "dummy:Area:Palos de Moguer",
    "dummy:Area:Almendrales",
    "dummy:Area:Palomeras sureste",
    "dummy:Area:Butarque",
    "dummy:Area:Abrantes",
    "dummy:Area:Comillas",
    "dummy:Area:Adelfas",
    "dummy:Area:Arroyo del Fresno",
    "dummy:Area:Fuentelarreina",
    "dummy:Area:Arcos",
    "dummy:Area:San Andres",
    "dummy:Area:Mirasierra",
    "dummy:Area:Atalaya",
    "dummy:Area:Valdebernardo - Valderribas",
    "dummy:Area:Pau de Carabanchel",
    "dummy:Area:Buena Vista",
    "dummy:Area:San Fermin",
    "dummy:Area:Opanel",
    "dummy:Area:Estrella",
    "dummy:Area:Rosas",
    "dummy:Area:Palomeras Bajas",
    "dummy:Area:Zofao",
    "dummy:Area:N/A",
    "dummy:Area:__Others__"
  ]
}