{
    "modelInputIsSparse": false, 
    "modelInputNRows": 1315, 
    "modelInputNCols": 108, 
    "modelInputMemory": 1136160, 
    "lmCoefficients": {
        "interceptStderr": null, 
        "interceptTstat": null, 
        "rescaledInterceptCoef": 4.686398580257534e+16, 
        "rescaledCoefs": [
            -1548.9664505870307, 
            23.690914690966576, 
            160.89459856685707, 
            11.713173364947833, 
            -56067537989546816.0, 
            9203552186972120.0, 
            9203552186972958.0, 
            9203552186972218.0, 
            9203552186972388.0, 
            9203552186972268.0, 
            9203552186972064.0, 
            9203552186971760.0, 
            9203552186971998.0, 
            9203552186972006.0, 
            9203552186972046.0, 
            9203552186971892.0, 
            9203552186972068.0, 
            9203552186971746.0, 
            9203552186972236.0, 
            9203552186971640.0, 
            9203552186971772.0, 
            9203552186971992.0, 
            9203552186971478.0, 
            9203552186971450.0, 
            9203552186971942.0, 
            9203552186971988.0, 
            9203552186972144.0, 
            9203552186972162.0, 
            9203552186971672.0, 
            9203552186971640.0, 
            9203552186971298.0, 
            9203552186971330.0, 
            9203552186972230.0, 
            9203552186971878.0, 
            9203552186971762.0, 
            9203552186971546.0, 
            9203552186971556.0, 
            9203552186971746.0, 
            9203552186971722.0, 
            9203552186971578.0, 
            9203552186971482.0, 
            9203552186971676.0, 
            9203552186971698.0, 
            9203552186971232.0, 
            9203552186971636.0, 
            9203552186971488.0, 
            9203552186971402.0, 
            9203552186971370.0, 
            9203552186971346.0, 
            9203552186971636.0, 
            9203552186972224.0, 
            9203552186973048.0, 
            9203552186971558.0, 
            9203552186971328.0, 
            9203552186971244.0, 
            9203552186971394.0, 
            9203552186971752.0, 
            9203552186971356.0, 
            9203552186971616.0, 
            9203552186971316.0, 
            9203552186971672.0, 
            9203552186971484.0, 
            9203552186972252.0, 
            9203552186971688.0, 
            9203552186971506.0, 
            9203552186971298.0, 
            9203552186971320.0, 
            9203552186971674.0, 
            9203552186971528.0, 
            9203552186971306.0, 
            9203552186971182.0, 
            9203552186971388.0, 
            9203552186971566.0, 
            9203552186971236.0, 
            9203552186971110.0, 
            9203552186971572.0, 
            9203552186971364.0, 
            9203552186971324.0, 
            9203552186971428.0, 
            9203552186971118.0, 
            9203552186971110.0, 
            9203552186971582.0, 
            9203552186971524.0, 
            9203552186971272.0, 
            9203552186971594.0, 
            9203552186971354.0, 
            9203552186971288.0, 
            9203552186971316.0, 
            9203552186971238.0, 
            9203552186971192.0, 
            9203552186971512.0, 
            9203552186971510.0, 
            9203552186970850.0, 
            9203552186971222.0, 
            9203552186971314.0, 
            9203552186971022.0, 
            9203552186971478.0, 
            9203552186971316.0, 
            9203552186971058.0, 
            9203552186971122.0, 
            9203552186971326.0, 
            9203552186971532.0, 
            9203552186971584.0, 
            9203552186971420.0, 
            9203552186971590.0, 
            9203552186971316.0, 
            9203552186971422.0
        ], 
        "variables": [
            "Cottage", 
            "Floor", 
            "Penthouse", 
            "Sq. Mt.", 
            "num_flagonly:Outer:not_missing", 
            "dummy:Area:Chueca-Justicia", 
            "dummy:Area:Recoletos", 
            "dummy:Area:Almagro", 
            "dummy:Area:Castellana", 
            "dummy:Area:Goya", 
            "dummy:Area:Arguelles", 
            "dummy:Area:Cuatro Caminos", 
            "dummy:Area:Nueva Espana", 
            "dummy:Area:Bernabeu-Hispanoamerica", 
            "dummy:Area:Palacio", 
            "dummy:Area:Lavapies-Embajadores", 
            "dummy:Area:Malasana-Universidad", 
            "dummy:Area:Nuevos Ministerios-Rios Rosas", 
            "dummy:Area:El Viso", 
            "dummy:Area:Cuzco-Castillejos", 
            "dummy:Area:Arapiles", 
            "dummy:Area:Sol", 
            "dummy:Area:Sanchinarro", 
            "dummy:Area:Las Tablas", 
            "dummy:Area:Ibiza", 
            "dummy:Area:Lista", 
            "dummy:Area:Huertas-Cortes", 
            "dummy:Area:Trafalgar", 
            "dummy:Area:Prosperidad", 
            "dummy:Area:Castilla", 
            "dummy:Area:Barajas", 
            "dummy:Area:Rejas", 
            "dummy:Area:Vallehermoso", 
            "dummy:Area:Ciudad Jardin", 
            "dummy:Area:Aravaca", 
            "dummy:Area:San Juan Bautista", 
            "dummy:Area:San Diego", 
            "dummy:Area:Gaztambide", 
            "dummy:Area:Guindalera", 
            "dummy:Area:Valdemarin", 
            "dummy:Area:San Isidro", 
            "dummy:Area:Valdeacederas", 
            "dummy:Area:Acacias", 
            "dummy:Area:Ensanche de Vallecas - La Gavia", 
            "dummy:Area:Valdezarza", 
            "dummy:Area:Montecarmelo", 
            "dummy:Area:Concepcion", 
            "dummy:Area:Ciudad Universitaria", 
            "dummy:Area:Costillares", 
            "dummy:Area:Bellas Vistas", 
            "dummy:Area:Conde Orgaz-Piovera", 
            "dummy:Area:Jeronimos", 
            "dummy:Area:Berruguete", 
            "dummy:Area:Delicias", 
            "dummy:Area:La Paz", 
            "dummy:Area:Numancia", 
            "dummy:Area:San Pascual", 
            "dummy:Area:Casco Historico de Vallecas", 
            "dummy:Area:Valdebebas - Valdefuentes", 
            "dummy:Area:Simancas", 
            "dummy:Area:Pacifico", 
            "dummy:Area:Pinar del Rey", 
            "dummy:Area:Ni\u00f1o Jesus", 
            "dummy:Area:Ventilla-Almenara", 
            "dummy:Area:Penagrande", 
            "dummy:Area:Pilar", 
            "dummy:Area:Vista Alegre", 
            "dummy:Area:Fuente del Berro", 
            "dummy:Area:Quintana", 
            "dummy:Area:Puerta Bonita", 
            "dummy:Area:Aluche", 
            "dummy:Area:Campamento", 
            "dummy:Area:Imperial", 
            "dummy:Area:Canillas", 
            "dummy:Area:Ap\u00f3stol Santiago", 
            "dummy:Area:Legazpi", 
            "dummy:Area:Puerta del Angel", 
            "dummy:Area:Pueblo Nuevo", 
            "dummy:Area:Palomas", 
            "dummy:Area:Los Angeles", 
            "dummy:Area:Media Legua", 
            "dummy:Area:Salvador", 
            "dummy:Area:Colina", 
            "dummy:Area:Tres Olivos - Valverde", 
            "dummy:Area:Palos de Moguer", 
            "dummy:Area:Almendrales", 
            "dummy:Area:Palomeras sureste", 
            "dummy:Area:Butarque", 
            "dummy:Area:Abrantes", 
            "dummy:Area:Comillas", 
            "dummy:Area:Adelfas", 
            "dummy:Area:Arroyo del Fresno", 
            "dummy:Area:Fuentelarreina", 
            "dummy:Area:Arcos", 
            "dummy:Area:San Andres", 
            "dummy:Area:Mirasierra", 
            "dummy:Area:Atalaya", 
            "dummy:Area:Valdebernardo - Valderribas", 
            "dummy:Area:Pau de Carabanchel", 
            "dummy:Area:Buena Vista", 
            "dummy:Area:San Fermin", 
            "dummy:Area:Opanel", 
            "dummy:Area:Estrella", 
            "dummy:Area:Rosas", 
            "dummy:Area:Palomeras Bajas", 
            "dummy:Area:Zofao", 
            "dummy:Area:__Others__"
        ], 
        "interceptCoef": 4.686398580257534e+16, 
        "interceptPvalue": null, 
        "coefs": [
            -1548.9664505870307, 
            23.690914690966576, 
            160.89459856685707, 
            11.713173364947833, 
            -56067537989546816.0, 
            9203552186972120.0, 
            9203552186972958.0, 
            9203552186972218.0, 
            9203552186972388.0, 
            9203552186972268.0, 
            9203552186972064.0, 
            9203552186971760.0, 
            9203552186971998.0, 
            9203552186972006.0, 
            9203552186972046.0, 
            9203552186971892.0, 
            9203552186972068.0, 
            9203552186971746.0, 
            9203552186972236.0, 
            9203552186971640.0, 
            9203552186971772.0, 
            9203552186971992.0, 
            9203552186971478.0, 
            9203552186971450.0, 
            9203552186971942.0, 
            9203552186971988.0, 
            9203552186972144.0, 
            9203552186972162.0, 
            9203552186971672.0, 
            9203552186971640.0, 
            9203552186971298.0, 
            9203552186971330.0, 
            9203552186972230.0, 
            9203552186971878.0, 
            9203552186971762.0, 
            9203552186971546.0, 
            9203552186971556.0, 
            9203552186971746.0, 
            9203552186971722.0, 
            9203552186971578.0, 
            9203552186971482.0, 
            9203552186971676.0, 
            9203552186971698.0, 
            9203552186971232.0, 
            9203552186971636.0, 
            9203552186971488.0, 
            9203552186971402.0, 
            9203552186971370.0, 
            9203552186971346.0, 
            9203552186971636.0, 
            9203552186972224.0, 
            9203552186973048.0, 
            9203552186971558.0, 
            9203552186971328.0, 
            9203552186971244.0, 
            9203552186971394.0, 
            9203552186971752.0, 
            9203552186971356.0, 
            9203552186971616.0, 
            9203552186971316.0, 
            9203552186971672.0, 
            9203552186971484.0, 
            9203552186972252.0, 
            9203552186971688.0, 
            9203552186971506.0, 
            9203552186971298.0, 
            9203552186971320.0, 
            9203552186971674.0, 
            9203552186971528.0, 
            9203552186971306.0, 
            9203552186971182.0, 
            9203552186971388.0, 
            9203552186971566.0, 
            9203552186971236.0, 
            9203552186971110.0, 
            9203552186971572.0, 
            9203552186971364.0, 
            9203552186971324.0, 
            9203552186971428.0, 
            9203552186971118.0, 
            9203552186971110.0, 
            9203552186971582.0, 
            9203552186971524.0, 
            9203552186971272.0, 
            9203552186971594.0, 
            9203552186971354.0, 
            9203552186971288.0, 
            9203552186971316.0, 
            9203552186971238.0, 
            9203552186971192.0, 
            9203552186971512.0, 
            9203552186971510.0, 
            9203552186970850.0, 
            9203552186971222.0, 
            9203552186971314.0, 
            9203552186971022.0, 
            9203552186971478.0, 
            9203552186971316.0, 
            9203552186971058.0, 
            9203552186971122.0, 
            9203552186971326.0, 
            9203552186971532.0, 
            9203552186971584.0, 
            9203552186971420.0, 
            9203552186971590.0, 
            9203552186971316.0, 
            9203552186971422.0
        ]
    }
}