{
    "metrics": {
        "rmse": 770.3095409695804, 
        "pearson": 0.84833924546532202, 
        "mae": 385.99821109123434, 
        "r2": 0.71339550747155434, 
        "mape": 0.21512947679653374, 
        "mse": 593376.78890876565, 
        "evs": 0.71356627956252527, 
        "rmsle": 0.2664991299968101
    }, 
    "scatterPlotData": {
        "y": [
            1888.0, 
            952.0, 
            1752.0, 
            2104.0, 
            3656.0, 
            1416.0, 
            1360.0, 
            1328.0, 
            1072.0, 
            1304.0, 
            2152.0, 
            840.0, 
            936.0, 
            952.0, 
            2360.0, 
            1456.0, 
            1576.0, 
            824.0, 
            2544.0, 
            400.0, 
            2200.0, 
            2296.0, 
            1416.0, 
            3000.0, 
            1176.0, 
            1144.0, 
            1432.0, 
            1696.0, 
            3248.0, 
            1040.0, 
            1152.0, 
            5320.0, 
            880.0, 
            1176.0, 
            1584.0, 
            1040.0, 
            3096.0, 
            3240.0, 
            1712.0, 
            2176.0, 
            3072.0, 
            832.0, 
            2968.0, 
            1352.0, 
            1216.0, 
            992.0, 
            1040.0, 
            696.0, 
            1176.0, 
            3328.0, 
            2632.0, 
            1208.0, 
            2512.0, 
            1232.0, 
            1040.0, 
            1320.0, 
            1760.0, 
            1600.0, 
            1432.0, 
            2624.0, 
            488.0, 
            1112.0, 
            752.0, 
            688.0, 
            2504.0, 
            984.0, 
            2184.0, 
            1408.0, 
            2312.0, 
            1672.0, 
            1208.0, 
            4496.0, 
            872.0, 
            4848.0, 
            1448.0, 
            1640.0, 
            5984.0, 
            2040.0, 
            3504.0, 
            1904.0, 
            616.0, 
            4040.0, 
            912.0, 
            4400.0, 
            3320.0, 
            896.0, 
            632.0, 
            1736.0, 
            1056.0, 
            544.0, 
            1088.0, 
            680.0, 
            1904.0, 
            880.0, 
            1760.0, 
            1616.0, 
            2088.0, 
            2352.0, 
            1520.0, 
            952.0, 
            688.0, 
            344.0, 
            3848.0, 
            4208.0, 
            1120.0, 
            568.0, 
            1240.0, 
            3960.0, 
            1424.0, 
            4544.0, 
            3472.0, 
            1016.0, 
            1048.0, 
            1488.0, 
            3336.0, 
            6456.0, 
            5760.0, 
            736.0, 
            512.0, 
            1136.0, 
            856.0, 
            568.0, 
            704.0, 
            520.0, 
            768.0, 
            1608.0, 
            1952.0, 
            3536.0, 
            1552.0, 
            584.0, 
            1328.0, 
            560.0, 
            960.0, 
            3104.0, 
            2104.0, 
            2800.0, 
            2992.0, 
            1136.0, 
            1408.0, 
            1456.0, 
            1664.0, 
            1792.0, 
            800.0, 
            1576.0, 
            3544.0, 
            2016.0, 
            2576.0, 
            800.0, 
            1656.0, 
            584.0, 
            3184.0, 
            1168.0, 
            2680.0, 
            2024.0, 
            1344.0, 
            1104.0, 
            1104.0, 
            816.0, 
            2040.0, 
            1816.0, 
            992.0, 
            1936.0, 
            2984.0, 
            3800.0, 
            2680.0, 
            1232.0, 
            1664.0, 
            1072.0, 
            1320.0, 
            488.0, 
            2280.0, 
            856.0, 
            928.0, 
            1072.0, 
            1880.0, 
            1376.0, 
            6688.0, 
            1080.0, 
            1184.0, 
            1264.0, 
            1920.0, 
            1456.0, 
            1168.0, 
            2344.0, 
            1240.0, 
            2688.0, 
            2352.0, 
            1736.0, 
            2336.0, 
            2360.0, 
            912.0, 
            1136.0, 
            1408.0, 
            1376.0, 
            1032.0, 
            3240.0, 
            2872.0, 
            1256.0, 
            3144.0, 
            4040.0, 
            1504.0, 
            680.0, 
            1392.0, 
            1352.0, 
            1808.0, 
            1480.0, 
            1584.0, 
            704.0, 
            2176.0, 
            1568.0, 
            1616.0, 
            1656.0, 
            4048.0, 
            3104.0, 
            3216.0, 
            1056.0, 
            1008.0, 
            1032.0, 
            1432.0, 
            1656.0, 
            1784.0, 
            768.0, 
            2368.0, 
            2088.0, 
            688.0, 
            1040.0, 
            992.0, 
            584.0, 
            1912.0, 
            1424.0, 
            936.0, 
            1432.0, 
            1232.0, 
            2392.0, 
            1024.0, 
            3272.0, 
            776.0, 
            2168.0, 
            848.0, 
            2736.0, 
            1640.0, 
            2160.0, 
            3160.0, 
            1648.0, 
            2712.0, 
            1144.0, 
            1064.0, 
            1576.0, 
            992.0, 
            800.0, 
            1336.0, 
            2904.0, 
            1120.0, 
            1096.0, 
            2456.0, 
            1504.0, 
            3080.0, 
            2160.0, 
            2040.0, 
            2392.0, 
            1096.0, 
            4160.0, 
            3088.0, 
            2016.0, 
            784.0, 
            4536.0, 
            992.0, 
            720.0, 
            1184.0, 
            1152.0, 
            1184.0, 
            960.0, 
            2424.0, 
            1992.0, 
            1376.0, 
            1624.0, 
            1136.0, 
            1336.0, 
            1296.0, 
            1696.0, 
            1696.0, 
            1640.0, 
            2664.0, 
            2728.0, 
            3696.0, 
            1792.0, 
            760.0, 
            752.0, 
            2336.0, 
            2448.0, 
            552.0, 
            1040.0, 
            1240.0, 
            1704.0, 
            1536.0, 
            1456.0, 
            1072.0, 
            888.0, 
            4088.0, 
            832.0, 
            880.0, 
            1552.0, 
            1792.0, 
            896.0, 
            888.0, 
            2464.0, 
            880.0, 
            664.0, 
            2664.0, 
            2176.0, 
            2312.0, 
            2440.0, 
            1472.0, 
            1248.0, 
            864.0, 
            768.0, 
            1680.0, 
            896.0, 
            1984.0, 
            4864.0, 
            1912.0, 
            920.0, 
            1848.0, 
            3392.0, 
            2776.0, 
            640.0, 
            1384.0, 
            1632.0, 
            704.0, 
            760.0, 
            1968.0, 
            1152.0, 
            1080.0, 
            968.0, 
            1248.0, 
            928.0, 
            728.0, 
            2472.0, 
            1392.0, 
            2384.0, 
            888.0, 
            5128.0, 
            1856.0, 
            896.0, 
            1528.0, 
            5376.0, 
            2368.0, 
            760.0, 
            1488.0, 
            2184.0, 
            1536.0, 
            2000.0, 
            1176.0, 
            816.0, 
            1104.0, 
            3024.0, 
            792.0, 
            2016.0, 
            1056.0, 
            3608.0, 
            3184.0, 
            2824.0, 
            768.0, 
            2016.0, 
            2768.0, 
            1256.0, 
            736.0, 
            4352.0, 
            1880.0, 
            1920.0, 
            1456.0, 
            2928.0, 
            1624.0, 
            968.0, 
            792.0, 
            560.0, 
            1968.0, 
            2512.0, 
            1016.0, 
            936.0, 
            1856.0, 
            840.0, 
            1448.0, 
            1232.0, 
            1408.0, 
            2624.0, 
            4448.0, 
            1008.0, 
            2760.0, 
            1688.0, 
            1032.0, 
            3032.0, 
            2728.0, 
            4256.0, 
            1016.0, 
            768.0, 
            728.0, 
            1720.0, 
            832.0, 
            1488.0, 
            1176.0, 
            1928.0, 
            1728.0, 
            1104.0, 
            5024.0, 
            1200.0, 
            3856.0, 
            1472.0, 
            1552.0, 
            3600.0, 
            752.0, 
            1544.0, 
            1824.0, 
            1464.0, 
            2512.0, 
            968.0, 
            1056.0, 
            704.0, 
            2320.0, 
            1664.0, 
            1680.0, 
            1656.0, 
            792.0, 
            1728.0, 
            5168.0, 
            2328.0, 
            2264.0, 
            3744.0, 
            1520.0, 
            1008.0, 
            704.0, 
            1520.0, 
            1072.0, 
            704.0, 
            1896.0, 
            680.0, 
            928.0, 
            808.0, 
            1696.0, 
            1152.0, 
            2224.0, 
            2472.0, 
            624.0, 
            4232.0, 
            2720.0, 
            1104.0, 
            1176.0, 
            840.0, 
            1752.0, 
            3176.0, 
            2984.0, 
            4288.0, 
            600.0, 
            976.0, 
            1304.0, 
            544.0, 
            3160.0, 
            1936.0, 
            1592.0, 
            1696.0, 
            864.0, 
            816.0, 
            3072.0, 
            4256.0, 
            896.0, 
            744.0, 
            512.0, 
            3016.0, 
            928.0, 
            1824.0, 
            2152.0, 
            992.0, 
            1336.0, 
            1032.0, 
            1000.0, 
            3384.0, 
            1152.0, 
            2480.0, 
            2480.0, 
            1552.0, 
            1192.0, 
            3120.0, 
            1104.0, 
            4504.0, 
            3032.0, 
            864.0, 
            1176.0, 
            2232.0, 
            1904.0, 
            576.0, 
            1080.0, 
            712.0, 
            2872.0, 
            1360.0, 
            2496.0, 
            1552.0, 
            1216.0, 
            1568.0, 
            1216.0, 
            1816.0, 
            3232.0, 
            2016.0, 
            1992.0, 
            1080.0, 
            1928.0, 
            2128.0, 
            728.0, 
            4872.0, 
            808.0, 
            1728.0, 
            928.0, 
            1104.0, 
            2544.0, 
            1600.0, 
            1048.0, 
            7216.0, 
            6312.0, 
            1704.0, 
            2768.0, 
            664.0, 
            2816.0, 
            2816.0, 
            1904.0, 
            840.0, 
            2728.0, 
            2288.0, 
            1264.0, 
            544.0, 
            1624.0, 
            888.0, 
            2528.0, 
            928.0, 
            2600.0, 
            1480.0, 
            2216.0, 
            2400.0, 
            1624.0, 
            1008.0, 
            2872.0, 
            1672.0, 
            3688.0, 
            1392.0, 
            3832.0, 
            1008.0, 
            1192.0, 
            960.0, 
            1456.0, 
            5320.0, 
            1624.0, 
            960.0, 
            1968.0, 
            2176.0, 
            1144.0, 
            728.0, 
            1296.0, 
            632.0, 
            1688.0, 
            840.0, 
            2384.0
        ], 
        "x": [
            1700.0, 
            800.0, 
            1800.0, 
            1500.0, 
            3900.0, 
            1200.0, 
            975.0, 
            890.0, 
            950.0, 
            1200.0, 
            2000.0, 
            900.0, 
            1000.0, 
            980.0, 
            2800.0, 
            1100.0, 
            950.0, 
            750.0, 
            2200.0, 
            500.0, 
            3240.0, 
            3300.0, 
            1100.0, 
            2300.0, 
            1150.0, 
            900.0, 
            1400.0, 
            1700.0, 
            2950.0, 
            780.0, 
            1852.0, 
            8000.0, 
            900.0, 
            1100.0, 
            1300.0, 
            1000.0, 
            4320.0, 
            3500.0, 
            1000.0, 
            2100.0, 
            2300.0, 
            760.0, 
            3950.0, 
            700.0, 
            1250.0, 
            1190.0, 
            1100.0, 
            950.0, 
            1000.0, 
            4000.0, 
            2970.0, 
            850.0, 
            1800.0, 
            1300.0, 
            900.0, 
            1100.0, 
            1300.0, 
            1300.0, 
            1200.0, 
            2250.0, 
            750.0, 
            850.0, 
            650.0, 
            575.0, 
            2700.0, 
            850.0, 
            1500.0, 
            1200.0, 
            2495.0, 
            1300.0, 
            1300.0, 
            8000.0, 
            800.0, 
            5000.0, 
            1250.0, 
            1100.0, 
            6000.0, 
            2000.0, 
            3500.0, 
            1950.0, 
            950.0, 
            3800.0, 
            840.0, 
            4100.0, 
            4000.0, 
            995.0, 
            750.0, 
            1900.0, 
            1200.0, 
            700.0, 
            1300.0, 
            825.0, 
            2000.0, 
            1400.0, 
            1200.0, 
            1300.0, 
            950.0, 
            2250.0, 
            1200.0, 
            1250.0, 
            1060.0, 
            640.0, 
            3000.0, 
            3900.0, 
            1200.0, 
            650.0, 
            925.0, 
            5000.0, 
            1290.0, 
            3600.0, 
            2900.0, 
            850.0, 
            1100.0, 
            1400.0, 
            2650.0, 
            5500.0, 
            6500.0, 
            850.0, 
            650.0, 
            675.0, 
            550.0, 
            730.0, 
            675.0, 
            700.0, 
            700.0, 
            1150.0, 
            1500.0, 
            3300.0, 
            950.0, 
            790.0, 
            1250.0, 
            600.0, 
            915.0, 
            2900.0, 
            1950.0, 
            2800.0, 
            3500.0, 
            1300.0, 
            1200.0, 
            730.0, 
            1150.0, 
            1900.0, 
            700.0, 
            2295.0, 
            4700.0, 
            2000.0, 
            3200.0, 
            500.0, 
            1600.0, 
            720.0, 
            1600.0, 
            1300.0, 
            1600.0, 
            1600.0, 
            900.0, 
            750.0, 
            800.0, 
            750.0, 
            1400.0, 
            2500.0, 
            650.0, 
            1700.0, 
            2650.0, 
            3450.0, 
            2600.0, 
            700.0, 
            2000.0, 
            1175.0, 
            1100.0, 
            710.0, 
            2430.0, 
            680.0, 
            800.0, 
            765.0, 
            2970.0, 
            1550.0, 
            7500.0, 
            1050.0, 
            1000.0, 
            950.0, 
            1600.0, 
            1550.0, 
            900.0, 
            1500.0, 
            1090.0, 
            2750.0, 
            2500.0, 
            1600.0, 
            4500.0, 
            2400.0, 
            725.0, 
            900.0, 
            940.0, 
            850.0, 
            850.0, 
            3500.0, 
            2650.0, 
            1000.0, 
            2200.0, 
            2900.0, 
            1400.0, 
            800.0, 
            1090.0, 
            1150.0, 
            1590.0, 
            1450.0, 
            1400.0, 
            690.0, 
            1850.0, 
            1100.0, 
            1200.0, 
            1500.0, 
            4500.0, 
            2200.0, 
            2500.0, 
            900.0, 
            880.0, 
            1250.0, 
            1150.0, 
            940.0, 
            1400.0, 
            800.0, 
            2800.0, 
            1500.0, 
            700.0, 
            800.0, 
            1000.0, 
            775.0, 
            1700.0, 
            1200.0, 
            850.0, 
            1600.0, 
            1699.0, 
            2500.0, 
            1215.0, 
            3000.0, 
            1200.0, 
            2400.0, 
            950.0, 
            2500.0, 
            1400.0, 
            2300.0, 
            3500.0, 
            1400.0, 
            3000.0, 
            800.0, 
            900.0, 
            1200.0, 
            850.0, 
            1000.0, 
            950.0, 
            3300.0, 
            1200.0, 
            850.0, 
            2300.0, 
            2565.0, 
            3500.0, 
            2700.0, 
            1600.0, 
            1250.0, 
            1200.0, 
            3500.0, 
            2800.0, 
            2700.0, 
            700.0, 
            3500.0, 
            950.0, 
            900.0, 
            1200.0, 
            1250.0, 
            2430.0, 
            700.0, 
            1250.0, 
            1700.0, 
            1450.0, 
            2150.0, 
            900.0, 
            750.0, 
            1300.0, 
            1300.0, 
            1600.0, 
            1100.0, 
            3375.0, 
            2800.0, 
            3149.0, 
            1700.0, 
            800.0, 
            630.0, 
            2700.0, 
            2750.0, 
            725.0, 
            780.0, 
            600.0, 
            2100.0, 
            1800.0, 
            1325.0, 
            900.0, 
            700.0, 
            4300.0, 
            750.0, 
            1000.0, 
            1300.0, 
            1700.0, 
            900.0, 
            800.0, 
            2800.0, 
            750.0, 
            680.0, 
            1800.0, 
            1900.0, 
            1400.0, 
            1500.0, 
            1300.0, 
            1200.0, 
            925.0, 
            950.0, 
            2500.0, 
            855.0, 
            1450.0, 
            5700.0, 
            1600.0, 
            750.0, 
            1500.0, 
            3000.0, 
            2500.0, 
            725.0, 
            1450.0, 
            1800.0, 
            800.0, 
            630.0, 
            1800.0, 
            1200.0, 
            1050.0, 
            1000.0, 
            1300.0, 
            800.0, 
            1440.0, 
            1800.0, 
            950.0, 
            2250.0, 
            900.0, 
            4800.0, 
            2300.0, 
            750.0, 
            1200.0, 
            4300.0, 
            1600.0, 
            925.0, 
            2500.0, 
            2300.0, 
            1850.0, 
            2500.0, 
            1400.0, 
            725.0, 
            1200.0, 
            2900.0, 
            500.0, 
            2300.0, 
            800.0, 
            3700.0, 
            2800.0, 
            3900.0, 
            800.0, 
            2300.0, 
            2800.0, 
            1100.0, 
            870.0, 
            3500.0, 
            1800.0, 
            2295.0, 
            1100.0, 
            2000.0, 
            2200.0, 
            900.0, 
            800.0, 
            750.0, 
            4300.0, 
            2950.0, 
            1750.0, 
            749.0, 
            1300.0, 
            1000.0, 
            1250.0, 
            1200.0, 
            1250.0, 
            3200.0, 
            3400.0, 
            1195.0, 
            2750.0, 
            1850.0, 
            790.0, 
            4500.0, 
            2200.0, 
            4500.0, 
            999.0, 
            630.0, 
            830.0, 
            1400.0, 
            750.0, 
            1600.0, 
            950.0, 
            1500.0, 
            1300.0, 
            1100.0, 
            5500.0, 
            950.0, 
            4000.0, 
            1300.0, 
            1050.0, 
            4000.0, 
            1175.0, 
            920.0, 
            2200.0, 
            1300.0, 
            1100.0, 
            850.0, 
            850.0, 
            850.0, 
            2500.0, 
            1650.0, 
            1700.0, 
            1550.0, 
            700.0, 
            1500.0, 
            16000.0, 
            2400.0, 
            2160.0, 
            4500.0, 
            1350.0, 
            800.0, 
            660.0, 
            2200.0, 
            1300.0, 
            640.0, 
            1300.0, 
            750.0, 
            1250.0, 
            620.0, 
            1700.0, 
            1100.0, 
            2500.0, 
            2800.0, 
            750.0, 
            3600.0, 
            2800.0, 
            1000.0, 
            1150.0, 
            900.0, 
            2430.0, 
            4800.0, 
            2750.0, 
            3800.0, 
            750.0, 
            800.0, 
            850.0, 
            690.0, 
            3500.0, 
            1150.0, 
            1500.0, 
            1600.0, 
            775.0, 
            900.0, 
            2380.0, 
            5500.0, 
            800.0, 
            590.0, 
            700.0, 
            2700.0, 
            950.0, 
            1700.0, 
            1500.0, 
            950.0, 
            1000.0, 
            1400.0, 
            950.0, 
            3000.0, 
            825.0, 
            10000.0, 
            2400.0, 
            1500.0, 
            895.0, 
            4300.0, 
            800.0, 
            6000.0, 
            3800.0, 
            800.0, 
            1000.0, 
            1500.0, 
            1240.0, 
            850.0, 
            1350.0, 
            625.0, 
            2000.0, 
            1350.0, 
            2500.0, 
            1550.0, 
            1550.0, 
            2700.0, 
            1100.0, 
            3500.0, 
            3000.0, 
            1900.0, 
            1500.0, 
            600.0, 
            2100.0, 
            3105.0, 
            800.0, 
            3000.0, 
            650.0, 
            2295.0, 
            1000.0, 
            915.0, 
            2100.0, 
            1600.0, 
            900.0, 
            7450.0, 
            9000.0, 
            1350.0, 
            3500.0, 
            825.0, 
            2900.0, 
            2800.0, 
            3780.0, 
            750.0, 
            2600.0, 
            2200.0, 
            1000.0, 
            800.0, 
            3000.0, 
            975.0, 
            2600.0, 
            1250.0, 
            3000.0, 
            1800.0, 
            3105.0, 
            1575.0, 
            2160.0, 
            900.0, 
            3250.0, 
            2565.0, 
            4300.0, 
            1400.0, 
            3900.0, 
            750.0, 
            870.0, 
            1300.0, 
            975.0, 
            7500.0, 
            1350.0, 
            950.0, 
            1600.0, 
            2700.0, 
            900.0, 
            850.0, 
            1300.0, 
            850.0, 
            2295.0, 
            1100.0, 
            1700.0
        ]
    }, 
    "processed_feature_names": [
        "Cottage", 
        "Floor", 
        "Penthouse", 
        "Sq. Mt.", 
        "num_flagonly:Outer:not_missing", 
        "dummy:Area:Chueca-Justicia", 
        "dummy:Area:Recoletos", 
        "dummy:Area:Almagro", 
        "dummy:Area:Castellana", 
        "dummy:Area:Goya", 
        "dummy:Area:Arguelles", 
        "dummy:Area:Cuatro Caminos", 
        "dummy:Area:Nueva Espana", 
        "dummy:Area:Bernabeu-Hispanoamerica", 
        "dummy:Area:Palacio", 
        "dummy:Area:Lavapies-Embajadores", 
        "dummy:Area:Malasana-Universidad", 
        "dummy:Area:Nuevos Ministerios-Rios Rosas", 
        "dummy:Area:El Viso", 
        "dummy:Area:Cuzco-Castillejos", 
        "dummy:Area:Arapiles", 
        "dummy:Area:Sol", 
        "dummy:Area:Sanchinarro", 
        "dummy:Area:Las Tablas", 
        "dummy:Area:Ibiza", 
        "dummy:Area:Lista", 
        "dummy:Area:Huertas-Cortes", 
        "dummy:Area:Trafalgar", 
        "dummy:Area:Prosperidad", 
        "dummy:Area:Castilla", 
        "dummy:Area:Barajas", 
        "dummy:Area:Rejas", 
        "dummy:Area:Vallehermoso", 
        "dummy:Area:Ciudad Jardin", 
        "dummy:Area:Aravaca", 
        "dummy:Area:San Juan Bautista", 
        "dummy:Area:San Diego", 
        "dummy:Area:Gaztambide", 
        "dummy:Area:Guindalera", 
        "dummy:Area:Valdemarin", 
        "dummy:Area:San Isidro", 
        "dummy:Area:Valdeacederas", 
        "dummy:Area:Acacias", 
        "dummy:Area:Ensanche de Vallecas - La Gavia", 
        "dummy:Area:Valdezarza", 
        "dummy:Area:Montecarmelo", 
        "dummy:Area:Concepcion", 
        "dummy:Area:Ciudad Universitaria", 
        "dummy:Area:Costillares", 
        "dummy:Area:Bellas Vistas", 
        "dummy:Area:Conde Orgaz-Piovera", 
        "dummy:Area:Jeronimos", 
        "dummy:Area:Berruguete", 
        "dummy:Area:Delicias", 
        "dummy:Area:La Paz", 
        "dummy:Area:Numancia", 
        "dummy:Area:San Pascual", 
        "dummy:Area:Casco Historico de Vallecas", 
        "dummy:Area:Valdebebas - Valdefuentes", 
        "dummy:Area:Simancas", 
        "dummy:Area:Pacifico", 
        "dummy:Area:Pinar del Rey", 
        "dummy:Area:Ni\u00f1o Jesus", 
        "dummy:Area:Ventilla-Almenara", 
        "dummy:Area:Penagrande", 
        "dummy:Area:Pilar", 
        "dummy:Area:Vista Alegre", 
        "dummy:Area:Fuente del Berro", 
        "dummy:Area:Quintana", 
        "dummy:Area:Puerta Bonita", 
        "dummy:Area:Aluche", 
        "dummy:Area:Campamento", 
        "dummy:Area:Imperial", 
        "dummy:Area:Canillas", 
        "dummy:Area:Ap\u00f3stol Santiago", 
        "dummy:Area:Legazpi", 
        "dummy:Area:Puerta del Angel", 
        "dummy:Area:Pueblo Nuevo", 
        "dummy:Area:Palomas", 
        "dummy:Area:Los Angeles", 
        "dummy:Area:Media Legua", 
        "dummy:Area:Salvador", 
        "dummy:Area:Colina", 
        "dummy:Area:Tres Olivos - Valverde", 
        "dummy:Area:Palos de Moguer", 
        "dummy:Area:Almendrales", 
        "dummy:Area:Palomeras sureste", 
        "dummy:Area:Butarque", 
        "dummy:Area:Abrantes", 
        "dummy:Area:Comillas", 
        "dummy:Area:Adelfas", 
        "dummy:Area:Arroyo del Fresno", 
        "dummy:Area:Fuentelarreina", 
        "dummy:Area:Arcos", 
        "dummy:Area:San Andres", 
        "dummy:Area:Mirasierra", 
        "dummy:Area:Atalaya", 
        "dummy:Area:Valdebernardo - Valderribas", 
        "dummy:Area:Pau de Carabanchel", 
        "dummy:Area:Buena Vista", 
        "dummy:Area:San Fermin", 
        "dummy:Area:Opanel", 
        "dummy:Area:Estrella", 
        "dummy:Area:Rosas", 
        "dummy:Area:Palomeras Bajas", 
        "dummy:Area:Zofao", 
        "dummy:Area:N/A", 
        "dummy:Area:__Others__"
    ], 
    "regression_performance": {
        "max_error": 1491.5200000000009, 
        "median_error": -72.0, 
        "error_distribution": [
            {
                "count": 33, 
                "bin_max": -709.51999999999987, 
                "bin_id": 0, 
                "bin_min": -956.52559999999994
            }, 
            {
                "count": 38, 
                "bin_max": -464.95999999999975, 
                "bin_id": 1, 
                "bin_min": -709.51999999999987
            }, 
            {
                "count": 102, 
                "bin_max": -220.39999999999964, 
                "bin_id": 2, 
                "bin_min": -464.95999999999975
            }, 
            {
                "count": 162, 
                "bin_max": 24.160000000000423, 
                "bin_id": 3, 
                "bin_min": -220.39999999999964
            }, 
            {
                "count": 120, 
                "bin_max": 268.72000000000048, 
                "bin_id": 4, 
                "bin_min": 24.160000000000423
            }, 
            {
                "count": 44, 
                "bin_max": 513.28000000000065, 
                "bin_id": 5, 
                "bin_min": 268.72000000000048
            }, 
            {
                "count": 25, 
                "bin_max": 757.8400000000006, 
                "bin_id": 6, 
                "bin_min": 513.28000000000065
            }, 
            {
                "count": 8, 
                "bin_max": 1002.4000000000008, 
                "bin_id": 7, 
                "bin_min": 757.8400000000006
            }, 
            {
                "count": 13, 
                "bin_max": 1246.9600000000009, 
                "bin_id": 8, 
                "bin_min": 1002.4000000000008
            }, 
            {
                "count": 14, 
                "bin_max": 1491.5200000000009, 
                "bin_id": 9, 
                "bin_min": 1246.9600000000009
            }
        ], 
        "min_error": -954.07999999999993, 
        "average_error": -16.031699463327357, 
        "std_error": 471.0360959920095, 
        "p75_error": 168.0, 
        "p90_error": 536.8, 
        "p25_error": -275.0
    }
}