{
  "state": "DONE",
  "preSearchDescription": {
    "gridLength": 1,
    "importantParams": []
  },
  "postSearchDescription": {
    "importantParams": []
  },
  "sampleWeightsEnabled": false,
  "modelId": "m1",
  "progress": {
    "top_level_todo": [],
    "stack": [],
    "top_level_done": [
      {
        "name": "Loading train set",
        "time": 29
      },
      {
        "name": "Loading test set",
        "time": 10
      },
      {
        "name": "Collecting statistics",
        "time": 42
      },
      {
        "name": "Preprocessing train set",
        "time": 65
      },
      {
        "name": "Preprocessing test set",
        "time": 48
      },
      {
        "name": "Fitting model",
        "time": 88
      },
      {
        "name": "Saving model",
        "time": 2
      },
      {
        "name": "Scoring model",
        "time": 242
      }
    ]
  },
  "startTime": 1562034693943,
  "endTime": 1562034694477,
  "preprocessingTime": 200,
  "trainingTime": 334
}