{
  "params": {
    "ttPolicy": "SPLIT_SINGLE_DATASET",
    "ssdSplitMode": "RANDOM",
    "splitBeforePrepare": true,
    "ssdSelection": {
      "useMemTable": false,
      "filter": {
        "distinct": false,
        "enabled": false
      },
      "partitionSelectionMethod": "ALL",
      "latestPartitionsN": 1,
      "ordering": {
        "enabled": false,
        "rules": []
      },
      "samplingMethod": "FULL",
      "maxRecords": 100000,
      "targetRatio": 0.02,
      "withinFirstN": -1,
      "maxReadUncompressedBytes": -1
    },
    "ssdTrainingRatio": 0.7,
    "ssdSeed": 1337,
    "kfold": false,
    "nFolds": 5,
    "instanceIdRefresher": 0,
    "subSamplingSeed": 1337
  },
  "generationDate": 1562028776478,
  "policyId": "type\u003dSPLIT_SINGLE_DATASET,split\u003dRANDOM,splitBeforePrepare\u003dtrue,ds\u003dHouses_for_rent_madrid_CleanedData_prepared,sel\u003d(method\u003dfull),r\u003d0.7,s\u003d1337",
  "instanceId": "a7a8a22f495230294aec6cbffc24d323-0",
  "format": "csv1",
  "schema": {
    "columns": [
      {"name":"Id","type":"bigint"},
      {"name":"District","type":"string"},
      {"name":"Area","type":"string"},
      {"name":"Rent","type":"bigint"},
      {"name":"Bedrooms","type":"bigint"},
      {"name":"Sq. Mt.","type":"bigint"},
      {"name":"Floor","type":"double"},
      {"name":"Outer","type":"bigint"},
      {"name":"Elevator","type":"bigint"},
      {"name":"Penthouse","type":"bigint"},
      {"name":"Cottage","type":"bigint"},
      {"name":"Duplex","type":"bigint"},
      {"name":"Semi-detached","type":"bigint"}
    ],
    "userModified": false
  },
  "trainPath": "train-a7a8a22f495230294aec6cbffc24d323-0.csv.gz",
  "testPath": "test-a7a8a22f495230294aec6cbffc24d323-0.csv.gz",
  "trainRows": 1315,
  "testRows": 559,
  "fullRows": 0
}