{
    "metrics": {
        "rmse": 800.8450679583536, 
        "pearson": 0.83377254460251027, 
        "mae": 402.87242500503993, 
        "r2": 0.69022279980094114, 
        "mape": 0.22057054482973856, 
        "mse": 641352.82287322008, 
        "evs": 0.6903492540035514, 
        "rmsle": 0.2712182458293018
    }, 
    "scatterPlotData": {
        "y": [
            1524.6005, 
            1003.3545, 
            1768.3139, 
            2102.4436, 
            3412.6551, 
            1678.3728, 
            1550.9119, 
            1064.7116, 
            898.9998, 
            1530.2723, 
            1911.7247, 
            964.6713, 
            1148.2948, 
            1326.8657, 
            2357.4545, 
            1378.3666, 
            1250.515, 
            1092.1378, 
            3041.4841, 
            628.4055, 
            1760.9545, 
            2525.9659, 
            1195.704, 
            2802.3776, 
            1469.749, 
            1388.3151, 
            1414.079, 
            1782.9666, 
            2910.01, 
            1096.443, 
            1268.3727, 
            4651.2346, 
            677.4363, 
            1469.749, 
            1458.5392, 
            1257.1451, 
            2694.6907, 
            2589.8018, 
            1384.942, 
            2249.2665, 
            3334.2727, 
            1132.2301, 
            2650.3621, 
            1019.3117, 
            1075.6672, 
            1012.6101, 
            1092.2516, 
            887.1474, 
            1535.2675, 
            3122.1824, 
            2366.3542, 
            1056.771, 
            2204.6917, 
            1332.1128, 
            1014.1343, 
            1378.6841, 
            1594.0965, 
            1320.147, 
            1414.079, 
            2331.0018, 
            835.1727, 
            989.4803, 
            941.5022, 
            662.7041, 
            2004.7247, 
            931.1725, 
            2043.642, 
            1486.8005, 
            2017.8635, 
            1642.8071, 
            1044.333, 
            3763.0384, 
            933.9701, 
            4978.9798, 
            2056.4097, 
            1553.6068, 
            6167.049, 
            2092.599, 
            3221.2821, 
            2066.6716, 
            829.8739, 
            4307.1511, 
            953.3319, 
            4064.6782, 
            3079.2887, 
            1136.9166, 
            861.0895, 
            2084.0418, 
            1116.6527, 
            939.0554, 
            1117.8241, 
            888.9109, 
            1621.7603, 
            1389.9432, 
            1624.4536, 
            1457.57, 
            1156.9967, 
            3277.9013, 
            1570.5278, 
            1346.0768, 
            892.0771, 
            709.1066, 
            3018.2731, 
            3708.0441, 
            1355.4542, 
            686.6184, 
            1166.4091, 
            3910.2275, 
            1430.2309, 
            4624.7493, 
            4653.5059, 
            1058.5182, 
            1173.2201, 
            1413.1233, 
            3043.9124, 
            7058.259, 
            5715.578, 
            871.87, 
            843.3644, 
            1013.8274, 
            651.6296, 
            714.5165, 
            691.8063, 
            697.7991, 
            713.1228, 
            1406.9785, 
            1618.5425, 
            3607.2315, 
            1377.8681, 
            866.2889, 
            1332.1128, 
            697.2143, 
            1173.2201, 
            3621.9771, 
            2144.854, 
            2597.6116, 
            2828.7365, 
            1557.062, 
            1537.2469, 
            1200.1533, 
            1643.2821, 
            1734.6695, 
            920.2211, 
            988.8561, 
            3357.0159, 
            2100.004, 
            3001.582, 
            903.4002, 
            1595.1316, 
            887.6237, 
            3167.3041, 
            959.9456, 
            2375.2854, 
            1753.0518, 
            1484.9416, 
            896.1465, 
            1336.2302, 
            793.4147, 
            1654.2776, 
            2073.5896, 
            893.8436, 
            1860.1955, 
            3050.2862, 
            2567.4739, 
            2775.4432, 
            1214.6716, 
            1580.2107, 
            1074.0472, 
            1396.798, 
            808.5321, 
            1651.2454, 
            691.6127, 
            1067.8539, 
            1339.8621, 
            1827.8662, 
            1391.296, 
            7536.1484, 
            1365.8979, 
            1561.5581, 
            1330.0739, 
            2233.8057, 
            1606.3676, 
            853.7252, 
            2622.3483, 
            1123.2204, 
            2312.08, 
            2740.9869, 
            1361.5031, 
            2221.7372, 
            2174.9982, 
            1322.509, 
            1145.918, 
            1592.0637, 
            1111.5908, 
            1392.2413, 
            2914.5739, 
            3143.3702, 
            1551.2769, 
            2649.8021, 
            4215.0623, 
            1105.2853, 
            691.1413, 
            1526.9574, 
            1131.7633, 
            2116.5295, 
            1422.5152, 
            1482.8485, 
            798.1457, 
            2117.6984, 
            889.1492, 
            1345.2057, 
            1548.0168, 
            4094.6544, 
            3098.0967, 
            3108.0233, 
            1111.6502, 
            1109.1611, 
            1168.4412, 
            1414.079, 
            1412.2833, 
            1626.4913, 
            903.5111, 
            2502.3952, 
            1757.5929, 
            934.9837, 
            1109.773, 
            1065.084, 
            826.6824, 
            2392.5043, 
            1530.2723, 
            1154.3614, 
            1409.8263, 
            1617.3996, 
            2787.8293, 
            830.266, 
            3130.837, 
            974.0975, 
            2158.4002, 
            887.6237, 
            3027.0149, 
            1461.0315, 
            2203.618, 
            3447.2629, 
            1827.9766, 
            2679.117, 
            990.5399, 
            861.6236, 
            1744.5872, 
            1096.4266, 
            817.368, 
            1407.6732, 
            3447.0689, 
            1180.1121, 
            1141.9147, 
            2658.5572, 
            959.061, 
            2926.3986, 
            2308.4132, 
            1592.7535, 
            1579.9422, 
            1088.0702, 
            3738.6043, 
            3274.161, 
            2118.2724, 
            841.9541, 
            3845.7042, 
            975.6253, 
            959.9573, 
            1384.942, 
            1036.89, 
            1218.4458, 
            1140.8706, 
            1642.5876, 
            2539.246, 
            1388.577, 
            1521.0206, 
            1013.8274, 
            1087.3366, 
            1465.6844, 
            1390.9124, 
            1713.5803, 
            1614.2569, 
            2279.8314, 
            2302.9416, 
            3125.8045, 
            2142.5944, 
            679.5889, 
            716.7634, 
            2179.0995, 
            2107.5897, 
            696.3353, 
            939.2099, 
            779.5199, 
            1610.7571, 
            1596.5959, 
            1424.0625, 
            1121.4647, 
            1059.993, 
            3405.0205, 
            933.9267, 
            956.6109, 
            1834.5891, 
            1995.8338, 
            1110.4769, 
            950.467, 
            2562.6872, 
            798.2248, 
            849.8227, 
            2274.9537, 
            2357.4545, 
            1594.5486, 
            1701.6055, 
            1595.284, 
            1239.1618, 
            860.0729, 
            880.5198, 
            1583.0368, 
            1130.4735, 
            2403.4215, 
            4430.1536, 
            1942.0623, 
            1132.2301, 
            2042.5689, 
            3441.677, 
            3687.644, 
            705.8599, 
            1290.3006, 
            2179.1382, 
            676.1478, 
            900.4262, 
            1633.7405, 
            1171.3482, 
            1374.9238, 
            1109.6694, 
            1181.2003, 
            1106.669, 
            963.9083, 
            2213.4039, 
            1406.9835, 
            1839.3918, 
            997.1664, 
            4964.1593, 
            2145.9792, 
            936.9511, 
            1337.2671, 
            4757.043, 
            2273.9075, 
            807.7364, 
            1478.6618, 
            2405.8219, 
            1380.8329, 
            2057.9627, 
            1024.4214, 
            899.1618, 
            1109.6694, 
            3057.9982, 
            713.7051, 
            1775.9084, 
            1130.5297, 
            3818.1461, 
            3244.6538, 
            2741.6048, 
            829.3973, 
            1788.413, 
            2325.4504, 
            1485.9799, 
            895.5326, 
            4466.7529, 
            1707.25, 
            2353.0632, 
            1392.2568, 
            2824.4691, 
            1598.3616, 
            1116.1548, 
            1082.5983, 
            819.6138, 
            1714.2341, 
            3043.5734, 
            1029.3279, 
            1139.4552, 
            1999.8501, 
            939.4543, 
            1408.5543, 
            1111.5027, 
            1318.5468, 
            3055.3783, 
            3953.4074, 
            1085.0055, 
            2738.6748, 
            1594.9953, 
            944.5833, 
            3163.4153, 
            2216.3944, 
            3775.8379, 
            1264.7581, 
            770.4795, 
            894.1109, 
            1379.2804, 
            797.0535, 
            1538.5083, 
            1405.8199, 
            2080.2954, 
            1693.7853, 
            1109.6694, 
            5589.9006, 
            1141.8318, 
            3547.7793, 
            1399.9833, 
            1412.6391, 
            3315.2526, 
            730.6057, 
            1453.2133, 
            2337.6936, 
            1318.5468, 
            1664.86, 
            1127.6474, 
            1124.7726, 
            895.7233, 
            3053.6028, 
            1358.1547, 
            1604.7108, 
            1629.3872, 
            1087.218, 
            1633.1824, 
            4715.5346, 
            2564.4751, 
            1573.0613, 
            4162.4576, 
            999.6163, 
            1174.7791, 
            892.633, 
            1617.2951, 
            1096.443, 
            938.2518, 
            1823.1582, 
            689.1868, 
            1129.8535, 
            681.3565, 
            1613.2791, 
            1123.838, 
            2087.9645, 
            2269.6964, 
            911.0572, 
            3756.062, 
            2519.4137, 
            1143.3623, 
            1139.9275, 
            1030.8446, 
            1647.8165, 
            3566.9354, 
            2586.953, 
            4559.124, 
            892.8237, 
            1118.5851, 
            1375.4944, 
            897.2843, 
            2954.7494, 
            1739.0215, 
            1560.2264, 
            1554.5142, 
            1080.4696, 
            922.6119, 
            3053.4846, 
            4950.8452, 
            1066.7139, 
            669.1946, 
            843.3644, 
            2726.4812, 
            906.652, 
            1639.8256, 
            2346.1332, 
            1231.2398, 
            1373.2957, 
            1169.9692, 
            1121.1249, 
            3330.7126, 
            984.8855, 
            2682.9688, 
            2314.3326, 
            1567.7049, 
            950.7625, 
            3539.7753, 
            903.7599, 
            5255.6341, 
            2984.1819, 
            1074.6966, 
            1104.2295, 
            2257.1598, 
            1133.5579, 
            846.4687, 
            1126.5482, 
            670.5934, 
            3379.5038, 
            1181.2003, 
            2267.2567, 
            1606.9483, 
            1055.2959, 
            1376.1856, 
            1270.8708, 
            1631.8022, 
            2772.8016, 
            2115.7535, 
            1888.9044, 
            758.7269, 
            2272.9534, 
            2122.0904, 
            671.2474, 
            4355.1796, 
            889.2608, 
            1338.3136, 
            1109.0229, 
            921.0249, 
            2374.3369, 
            1610.1909, 
            715.6949, 
            8658.8649, 
            6707.9123, 
            1893.8532, 
            3178.5332, 
            861.7366, 
            3086.8428, 
            2673.9729, 
            2054.9134, 
            1074.8474, 
            2645.1621, 
            2158.455, 
            1273.056, 
            843.4065, 
            1614.4667, 
            889.1492, 
            2639.388, 
            1043.7433, 
            2778.3075, 
            1420.8045, 
            2163.0035, 
            2368.424, 
            1582.2593, 
            1120.542, 
            2119.5272, 
            1828.8075, 
            4411.0831, 
            1448.3041, 
            3426.7464, 
            1083.7102, 
            1364.3062, 
            932.5369, 
            1248.928, 
            5088.3054, 
            1443.0824, 
            1110.3286, 
            2233.8057, 
            2164.2093, 
            1420.7981, 
            894.1109, 
            1194.8103, 
            893.9613, 
            1355.5934, 
            933.2749, 
            2215.7063
        ], 
        "x": [
            1700.0, 
            800.0, 
            1800.0, 
            1500.0, 
            3900.0, 
            1200.0, 
            975.0, 
            890.0, 
            950.0, 
            1200.0, 
            2000.0, 
            900.0, 
            1000.0, 
            980.0, 
            2800.0, 
            1100.0, 
            950.0, 
            750.0, 
            2200.0, 
            500.0, 
            3240.0, 
            3300.0, 
            1100.0, 
            2300.0, 
            1150.0, 
            900.0, 
            1400.0, 
            1700.0, 
            2950.0, 
            780.0, 
            1852.0, 
            8000.0, 
            900.0, 
            1100.0, 
            1300.0, 
            1000.0, 
            4320.0, 
            3500.0, 
            1000.0, 
            2100.0, 
            2300.0, 
            760.0, 
            3950.0, 
            700.0, 
            1250.0, 
            1190.0, 
            1100.0, 
            950.0, 
            1000.0, 
            4000.0, 
            2970.0, 
            850.0, 
            1800.0, 
            1300.0, 
            900.0, 
            1100.0, 
            1300.0, 
            1300.0, 
            1200.0, 
            2250.0, 
            750.0, 
            850.0, 
            650.0, 
            575.0, 
            2700.0, 
            850.0, 
            1500.0, 
            1200.0, 
            2495.0, 
            1300.0, 
            1300.0, 
            8000.0, 
            800.0, 
            5000.0, 
            1250.0, 
            1100.0, 
            6000.0, 
            2000.0, 
            3500.0, 
            1950.0, 
            950.0, 
            3800.0, 
            840.0, 
            4100.0, 
            4000.0, 
            995.0, 
            750.0, 
            1900.0, 
            1200.0, 
            700.0, 
            1300.0, 
            825.0, 
            2000.0, 
            1400.0, 
            1200.0, 
            1300.0, 
            950.0, 
            2250.0, 
            1200.0, 
            1250.0, 
            1060.0, 
            640.0, 
            3000.0, 
            3900.0, 
            1200.0, 
            650.0, 
            925.0, 
            5000.0, 
            1290.0, 
            3600.0, 
            2900.0, 
            850.0, 
            1100.0, 
            1400.0, 
            2650.0, 
            5500.0, 
            6500.0, 
            850.0, 
            650.0, 
            675.0, 
            550.0, 
            730.0, 
            675.0, 
            700.0, 
            700.0, 
            1150.0, 
            1500.0, 
            3300.0, 
            950.0, 
            790.0, 
            1250.0, 
            600.0, 
            915.0, 
            2900.0, 
            1950.0, 
            2800.0, 
            3500.0, 
            1300.0, 
            1200.0, 
            730.0, 
            1150.0, 
            1900.0, 
            700.0, 
            2295.0, 
            4700.0, 
            2000.0, 
            3200.0, 
            500.0, 
            1600.0, 
            720.0, 
            1600.0, 
            1300.0, 
            1600.0, 
            1600.0, 
            900.0, 
            750.0, 
            800.0, 
            750.0, 
            1400.0, 
            2500.0, 
            650.0, 
            1700.0, 
            2650.0, 
            3450.0, 
            2600.0, 
            700.0, 
            2000.0, 
            1175.0, 
            1100.0, 
            710.0, 
            2430.0, 
            680.0, 
            800.0, 
            765.0, 
            2970.0, 
            1550.0, 
            7500.0, 
            1050.0, 
            1000.0, 
            950.0, 
            1600.0, 
            1550.0, 
            900.0, 
            1500.0, 
            1090.0, 
            2750.0, 
            2500.0, 
            1600.0, 
            4500.0, 
            2400.0, 
            725.0, 
            900.0, 
            940.0, 
            850.0, 
            850.0, 
            3500.0, 
            2650.0, 
            1000.0, 
            2200.0, 
            2900.0, 
            1400.0, 
            800.0, 
            1090.0, 
            1150.0, 
            1590.0, 
            1450.0, 
            1400.0, 
            690.0, 
            1850.0, 
            1100.0, 
            1200.0, 
            1500.0, 
            4500.0, 
            2200.0, 
            2500.0, 
            900.0, 
            880.0, 
            1250.0, 
            1150.0, 
            940.0, 
            1400.0, 
            800.0, 
            2800.0, 
            1500.0, 
            700.0, 
            800.0, 
            1000.0, 
            775.0, 
            1700.0, 
            1200.0, 
            850.0, 
            1600.0, 
            1699.0, 
            2500.0, 
            1215.0, 
            3000.0, 
            1200.0, 
            2400.0, 
            950.0, 
            2500.0, 
            1400.0, 
            2300.0, 
            3500.0, 
            1400.0, 
            3000.0, 
            800.0, 
            900.0, 
            1200.0, 
            850.0, 
            1000.0, 
            950.0, 
            3300.0, 
            1200.0, 
            850.0, 
            2300.0, 
            2565.0, 
            3500.0, 
            2700.0, 
            1600.0, 
            1250.0, 
            1200.0, 
            3500.0, 
            2800.0, 
            2700.0, 
            700.0, 
            3500.0, 
            950.0, 
            900.0, 
            1200.0, 
            1250.0, 
            2430.0, 
            700.0, 
            1250.0, 
            1700.0, 
            1450.0, 
            2150.0, 
            900.0, 
            750.0, 
            1300.0, 
            1300.0, 
            1600.0, 
            1100.0, 
            3375.0, 
            2800.0, 
            3149.0, 
            1700.0, 
            800.0, 
            630.0, 
            2700.0, 
            2750.0, 
            725.0, 
            780.0, 
            600.0, 
            2100.0, 
            1800.0, 
            1325.0, 
            900.0, 
            700.0, 
            4300.0, 
            750.0, 
            1000.0, 
            1300.0, 
            1700.0, 
            900.0, 
            800.0, 
            2800.0, 
            750.0, 
            680.0, 
            1800.0, 
            1900.0, 
            1400.0, 
            1500.0, 
            1300.0, 
            1200.0, 
            925.0, 
            950.0, 
            2500.0, 
            855.0, 
            1450.0, 
            5700.0, 
            1600.0, 
            750.0, 
            1500.0, 
            3000.0, 
            2500.0, 
            725.0, 
            1450.0, 
            1800.0, 
            800.0, 
            630.0, 
            1800.0, 
            1200.0, 
            1050.0, 
            1000.0, 
            1300.0, 
            800.0, 
            1440.0, 
            1800.0, 
            950.0, 
            2250.0, 
            900.0, 
            4800.0, 
            2300.0, 
            750.0, 
            1200.0, 
            4300.0, 
            1600.0, 
            925.0, 
            2500.0, 
            2300.0, 
            1850.0, 
            2500.0, 
            1400.0, 
            725.0, 
            1200.0, 
            2900.0, 
            500.0, 
            2300.0, 
            800.0, 
            3700.0, 
            2800.0, 
            3900.0, 
            800.0, 
            2300.0, 
            2800.0, 
            1100.0, 
            870.0, 
            3500.0, 
            1800.0, 
            2295.0, 
            1100.0, 
            2000.0, 
            2200.0, 
            900.0, 
            800.0, 
            750.0, 
            4300.0, 
            2950.0, 
            1750.0, 
            749.0, 
            1300.0, 
            1000.0, 
            1250.0, 
            1200.0, 
            1250.0, 
            3200.0, 
            3400.0, 
            1195.0, 
            2750.0, 
            1850.0, 
            790.0, 
            4500.0, 
            2200.0, 
            4500.0, 
            999.0, 
            630.0, 
            830.0, 
            1400.0, 
            750.0, 
            1600.0, 
            950.0, 
            1500.0, 
            1300.0, 
            1100.0, 
            5500.0, 
            950.0, 
            4000.0, 
            1300.0, 
            1050.0, 
            4000.0, 
            1175.0, 
            920.0, 
            2200.0, 
            1300.0, 
            1100.0, 
            850.0, 
            850.0, 
            850.0, 
            2500.0, 
            1650.0, 
            1700.0, 
            1550.0, 
            700.0, 
            1500.0, 
            16000.0, 
            2400.0, 
            2160.0, 
            4500.0, 
            1350.0, 
            800.0, 
            660.0, 
            2200.0, 
            1300.0, 
            640.0, 
            1300.0, 
            750.0, 
            1250.0, 
            620.0, 
            1700.0, 
            1100.0, 
            2500.0, 
            2800.0, 
            750.0, 
            3600.0, 
            2800.0, 
            1000.0, 
            1150.0, 
            900.0, 
            2430.0, 
            4800.0, 
            2750.0, 
            3800.0, 
            750.0, 
            800.0, 
            850.0, 
            690.0, 
            3500.0, 
            1150.0, 
            1500.0, 
            1600.0, 
            775.0, 
            900.0, 
            2380.0, 
            5500.0, 
            800.0, 
            590.0, 
            700.0, 
            2700.0, 
            950.0, 
            1700.0, 
            1500.0, 
            950.0, 
            1000.0, 
            1400.0, 
            950.0, 
            3000.0, 
            825.0, 
            10000.0, 
            2400.0, 
            1500.0, 
            895.0, 
            4300.0, 
            800.0, 
            6000.0, 
            3800.0, 
            800.0, 
            1000.0, 
            1500.0, 
            1240.0, 
            850.0, 
            1350.0, 
            625.0, 
            2000.0, 
            1350.0, 
            2500.0, 
            1550.0, 
            1550.0, 
            2700.0, 
            1100.0, 
            3500.0, 
            3000.0, 
            1900.0, 
            1500.0, 
            600.0, 
            2100.0, 
            3105.0, 
            800.0, 
            3000.0, 
            650.0, 
            2295.0, 
            1000.0, 
            915.0, 
            2100.0, 
            1600.0, 
            900.0, 
            7450.0, 
            9000.0, 
            1350.0, 
            3500.0, 
            825.0, 
            2900.0, 
            2800.0, 
            3780.0, 
            750.0, 
            2600.0, 
            2200.0, 
            1000.0, 
            800.0, 
            3000.0, 
            975.0, 
            2600.0, 
            1250.0, 
            3000.0, 
            1800.0, 
            3105.0, 
            1575.0, 
            2160.0, 
            900.0, 
            3250.0, 
            2565.0, 
            4300.0, 
            1400.0, 
            3900.0, 
            750.0, 
            870.0, 
            1300.0, 
            975.0, 
            7500.0, 
            1350.0, 
            950.0, 
            1600.0, 
            2700.0, 
            900.0, 
            850.0, 
            1300.0, 
            850.0, 
            2295.0, 
            1100.0, 
            1700.0
        ]
    }, 
    "processed_feature_names": [
        "Cottage", 
        "Duplex", 
        "Elevator", 
        "Floor", 
        "Outer", 
        "Penthouse", 
        "Sq. Mt.", 
        "num_binarized:Penthouse:above:0.0", 
        "num_binarized:Outer:above:1.0", 
        "num_binarized:Duplex:above:0.0", 
        "num_binarized:Elevator:above:1.0", 
        "num_binarized:Cottage:above:0.0", 
        "dummy:District:Centro", 
        "dummy:District:Salamanca", 
        "dummy:District:Chamberi", 
        "dummy:District:Chamartin", 
        "dummy:District:Tetuan", 
        "dummy:District:Moncloa", 
        "dummy:District:N/A", 
        "dummy:District:__Others__", 
        "dummy:Area:Chueca-Justicia", 
        "dummy:Area:Recoletos", 
        "dummy:Area:Almagro", 
        "dummy:Area:Castellana", 
        "dummy:Area:Goya", 
        "dummy:Area:Arguelles", 
        "dummy:Area:Cuatro Caminos", 
        "dummy:Area:Nueva Espana", 
        "dummy:Area:Bernabeu-Hispanoamerica", 
        "dummy:Area:Palacio", 
        "dummy:Area:Lavapies-Embajadores", 
        "dummy:Area:Malasana-Universidad", 
        "dummy:Area:Nuevos Ministerios-Rios Rosas", 
        "dummy:Area:El Viso", 
        "dummy:Area:Cuzco-Castillejos", 
        "dummy:Area:Arapiles", 
        "dummy:Area:Sol", 
        "dummy:Area:Sanchinarro", 
        "dummy:Area:Las Tablas", 
        "dummy:Area:Ibiza", 
        "dummy:Area:Lista", 
        "dummy:Area:Huertas-Cortes", 
        "dummy:Area:Trafalgar", 
        "dummy:Area:Prosperidad", 
        "dummy:Area:Castilla", 
        "dummy:Area:Barajas", 
        "dummy:Area:Rejas", 
        "dummy:Area:Vallehermoso", 
        "dummy:Area:Ciudad Jardin", 
        "dummy:Area:Aravaca", 
        "dummy:Area:San Juan Bautista", 
        "dummy:Area:San Diego", 
        "dummy:Area:Gaztambide", 
        "dummy:Area:Guindalera", 
        "dummy:Area:Valdemarin", 
        "dummy:Area:San Isidro", 
        "dummy:Area:Valdeacederas", 
        "dummy:Area:Acacias", 
        "dummy:Area:Ensanche de Vallecas - La Gavia", 
        "dummy:Area:Valdezarza", 
        "dummy:Area:Montecarmelo", 
        "dummy:Area:Concepcion", 
        "dummy:Area:Ciudad Universitaria", 
        "dummy:Area:Costillares", 
        "dummy:Area:Bellas Vistas", 
        "dummy:Area:Conde Orgaz-Piovera", 
        "dummy:Area:Jeronimos", 
        "dummy:Area:Berruguete", 
        "dummy:Area:Delicias", 
        "dummy:Area:La Paz", 
        "dummy:Area:Numancia", 
        "dummy:Area:San Pascual", 
        "dummy:Area:Casco Historico de Vallecas", 
        "dummy:Area:Valdebebas - Valdefuentes", 
        "dummy:Area:Simancas", 
        "dummy:Area:Pacifico", 
        "dummy:Area:Pinar del Rey", 
        "dummy:Area:Ni\u00f1o Jesus", 
        "dummy:Area:Ventilla-Almenara", 
        "dummy:Area:Penagrande", 
        "dummy:Area:Pilar", 
        "dummy:Area:Vista Alegre", 
        "dummy:Area:Fuente del Berro", 
        "dummy:Area:Quintana", 
        "dummy:Area:Puerta Bonita", 
        "dummy:Area:Aluche", 
        "dummy:Area:Campamento", 
        "dummy:Area:Imperial", 
        "dummy:Area:Canillas", 
        "dummy:Area:Ap\u00f3stol Santiago", 
        "dummy:Area:Legazpi", 
        "dummy:Area:Puerta del Angel", 
        "dummy:Area:Pueblo Nuevo", 
        "dummy:Area:Palomas", 
        "dummy:Area:Los Angeles", 
        "dummy:Area:Media Legua", 
        "dummy:Area:Salvador", 
        "dummy:Area:Colina", 
        "dummy:Area:Tres Olivos - Valverde", 
        "dummy:Area:Palos de Moguer", 
        "dummy:Area:Almendrales", 
        "dummy:Area:Palomeras sureste", 
        "dummy:Area:Butarque", 
        "dummy:Area:Abrantes", 
        "dummy:Area:Comillas", 
        "dummy:Area:Adelfas", 
        "dummy:Area:Arroyo del Fresno", 
        "dummy:Area:Fuentelarreina", 
        "dummy:Area:Arcos", 
        "dummy:Area:San Andres", 
        "dummy:Area:Mirasierra", 
        "dummy:Area:Atalaya", 
        "dummy:Area:Valdebernardo - Valderribas", 
        "dummy:Area:Pau de Carabanchel", 
        "dummy:Area:Buena Vista", 
        "dummy:Area:San Fermin", 
        "dummy:Area:Opanel", 
        "dummy:Area:Estrella", 
        "dummy:Area:Rosas", 
        "dummy:Area:Palomeras Bajas", 
        "dummy:Area:Zofao", 
        "dummy:Area:N/A", 
        "dummy:Area:__Others__"
    ], 
    "regression_performance": {
        "max_error": 1585.6360285004134, 
        "median_error": -97.16644249363071, 
        "error_distribution": [
            {
                "count": 24, 
                "bin_max": -755.35929310660867, 
                "bin_id": 0, 
                "bin_min": -1018.0709903091746
            }, 
            {
                "count": 40, 
                "bin_max": -495.24870181693962, 
                "bin_id": 1, 
                "bin_min": -755.35929310660867
            }, 
            {
                "count": 116, 
                "bin_max": -235.13811052727056, 
                "bin_id": 2, 
                "bin_min": -495.24870181693962
            }, 
            {
                "count": 188, 
                "bin_max": 24.972480762398618, 
                "bin_id": 3, 
                "bin_min": -235.13811052727056
            }, 
            {
                "count": 89, 
                "bin_max": 285.08307205206779, 
                "bin_id": 4, 
                "bin_min": 24.972480762398618
            }, 
            {
                "count": 38, 
                "bin_max": 545.19366334173674, 
                "bin_id": 5, 
                "bin_min": 285.08307205206779
            }, 
            {
                "count": 25, 
                "bin_max": 805.30425463140591, 
                "bin_id": 6, 
                "bin_min": 545.19366334173674
            }, 
            {
                "count": 12, 
                "bin_max": 1065.4148459210751, 
                "bin_id": 7, 
                "bin_min": 805.30425463140591
            }, 
            {
                "count": 11, 
                "bin_max": 1325.5254372107443, 
                "bin_id": 8, 
                "bin_min": 1065.4148459210751
            }, 
            {
                "count": 16, 
                "bin_max": 1585.6360285004134, 
                "bin_id": 9, 
                "bin_min": 1325.5254372107443
            }
        ], 
        "min_error": -1015.4698843962778, 
        "average_error": -19.96084206345154, 
        "std_error": 492.6425619936753, 
        "p75_error": 156.3623728934832, 
        "p90_error": 585.7286467608536, 
        "p25_error": -296.3159038246538
    }
}