{
  "state": "DONE",
  "preSearchDescription": {
    "gridLength": 1,
    "importantParams": [
      {
        "name": "trees",
        "vals": [
          "100"
        ]
      },
      {
        "name": "depth",
        "vals": [
          "8"
        ]
      },
      {
        "name": "min_samples",
        "vals": [
          "3"
        ]
      }
    ]
  },
  "postSearchDescription": {
    "importantParams": [
      {
        "name": "trees",
        "val": "100"
      },
      {
        "name": "depth",
        "val": "8"
      },
      {
        "name": "min_samples",
        "val": "3"
      }
    ]
  },
  "sampleWeightsEnabled": false,
  "modelId": "m1",
  "progress": {
    "top_level_todo": [],
    "stack": [],
    "top_level_done": [
      {
        "name": "Loading train set",
        "time": 28
      },
      {
        "name": "Loading test set",
        "time": 22
      },
      {
        "name": "Collecting statistics",
        "time": 60
      },
      {
        "name": "Preprocessing train set",
        "time": 100
      },
      {
        "name": "Preprocessing test set",
        "time": 113
      },
      {
        "name": "Fitting model",
        "time": 1932
      },
      {
        "name": "Saving model",
        "time": 101
      },
      {
        "name": "Scoring model",
        "time": 1526
      }
    ]
  },
  "startTime": 1562030134283,
  "endTime": 1562030138171,
  "preprocessingTime": 327,
  "trainingTime": 3561
}