{
    "details": {
        "District": {
            "levels": [
                "Centro", 
                "Salamanca", 
                "Chamberi", 
                "Chamartin", 
                "Tetuan", 
                "Moncloa"
            ], 
            "with_others": true
        }, 
        "Area": {
            "levels": [
                "Chueca-Justicia", 
                "Recoletos", 
                "Almagro", 
                "Castellana", 
                "Goya", 
                "Arguelles", 
                "Cuatro Caminos", 
                "Nueva Espana", 
                "Bernabeu-Hispanoamerica", 
                "Palacio", 
                "Lavapies-Embajadores", 
                "Malasana-Universidad", 
                "Nuevos Ministerios-Rios Rosas", 
                "El Viso", 
                "Cuzco-Castillejos", 
                "Arapiles", 
                "Sol", 
                "Sanchinarro", 
                "Las Tablas", 
                "Ibiza", 
                "Lista", 
                "Huertas-Cortes", 
                "Trafalgar", 
                "Prosperidad", 
                "Castilla", 
                "Barajas", 
                "Rejas", 
                "Vallehermoso", 
                "Ciudad Jardin", 
                "Aravaca", 
                "San Juan Bautista", 
                "San Diego", 
                "Gaztambide", 
                "Guindalera", 
                "Valdemarin", 
                "San Isidro", 
                "Valdeacederas", 
                "Acacias", 
                "Ensanche de Vallecas - La Gavia", 
                "Valdezarza", 
                "Montecarmelo", 
                "Concepcion", 
                "Ciudad Universitaria", 
                "Costillares", 
                "Bellas Vistas", 
                "Conde Orgaz-Piovera", 
                "Jeronimos", 
                "Berruguete", 
                "Delicias", 
                "La Paz", 
                "Numancia", 
                "San Pascual", 
                "Casco Historico de Vallecas", 
                "Valdebebas - Valdefuentes", 
                "Simancas", 
                "Pacifico", 
                "Pinar del Rey", 
                "Ni\u00f1o Jesus", 
                "Ventilla-Almenara", 
                "Penagrande", 
                "Pilar", 
                "Vista Alegre", 
                "Fuente del Berro", 
                "Quintana", 
                "Puerta Bonita", 
                "Aluche", 
                "Campamento", 
                "Imperial", 
                "Canillas", 
                "Ap\u00f3stol Santiago", 
                "Legazpi", 
                "Puerta del Angel", 
                "Pueblo Nuevo", 
                "Palomas", 
                "Los Angeles", 
                "Media Legua", 
                "Salvador", 
                "Colina", 
                "Tres Olivos - Valverde", 
                "Palos de Moguer", 
                "Almendrales", 
                "Palomeras sureste", 
                "Butarque", 
                "Abrantes", 
                "Comillas", 
                "Adelfas", 
                "Arroyo del Fresno", 
                "Fuentelarreina", 
                "Arcos", 
                "San Andres", 
                "Mirasierra", 
                "Atalaya", 
                "Valdebernardo - Valderribas", 
                "Pau de Carabanchel", 
                "Buena Vista", 
                "San Fermin", 
                "Opanel", 
                "Estrella", 
                "Rosas", 
                "Palomeras Bajas", 
                "Zofao"
            ], 
            "with_others": true
        }
    }
}