{
    "per_feature": {
        "Outer": {
            "stats": {
                "std": 0.3592459431620705, 
                "p99": 1.0, 
                "min": 0.0, 
                "max": 1.0, 
                "average": 0.8479087452471483, 
                "median": 1.0
            }, 
            "missing_impute_with_value": 0.8479087452471483
        }, 
        "Floor": {
            "stats": {
                "std": 2.960900443682838, 
                "p99": 14.0, 
                "min": -0.5, 
                "max": 29.0, 
                "average": 3.536501901140684, 
                "median": 3.0
            }, 
            "missing_impute_with_value": 3.536501901140684
        }, 
        "Area_Nueva Espana": {
            "stats": {
                "std": 0.15414440238015045, 
                "p99": 1.0, 
                "min": 0.0, 
                "max": 1.0, 
                "average": 0.024334600760456272, 
                "median": 0.0
            }, 
            "missing_impute_with_value": 0.024334600760456272
        }, 
        "Area_Trafalgar": {
            "stats": {
                "std": 0.11623734499227008, 
                "p99": 1.0, 
                "min": 0.0, 
                "max": 1.0, 
                "average": 0.013688212927756654, 
                "median": 0.0
            }, 
            "missing_impute_with_value": 0.013688212927756654
        }, 
        "col_0": {
            "stats": {}
        }, 
        "Area_Conde Orgaz-Piovera": {
            "stats": {
                "std": 0.08690498657438603, 
                "p99": 0.0, 
                "min": 0.0, 
                "max": 1.0, 
                "average": 0.0076045627376425855, 
                "median": 0.0
            }, 
            "missing_impute_with_value": 0.0076045627376425855
        }, 
        "Area_Cuatro Caminos": {
            "stats": {
                "std": 0.16101949045038028, 
                "p99": 1.0, 
                "min": 0.0, 
                "max": 1.0, 
                "average": 0.026615969581749048, 
                "median": 0.0
            }, 
            "missing_impute_with_value": 0.026615969581749048
        }, 
        "Area_Vallehermoso": {
            "stats": {
                "std": 0.10266965604652302, 
                "p99": 0.8599999999999, 
                "min": 0.0, 
                "max": 1.0, 
                "average": 0.01064638783269962, 
                "median": 0.0
            }, 
            "missing_impute_with_value": 0.01064638783269962
        }, 
        "Area_Ibiza": {
            "stats": {
                "std": 0.12243041539490934, 
                "p99": 1.0, 
                "min": 0.0, 
                "max": 1.0, 
                "average": 0.015209125475285171, 
                "median": 0.0
            }, 
            "missing_impute_with_value": 0.015209125475285171
        }, 
        "Area_Huertas-Cortes": {
            "stats": {
                "std": 0.11623734499226906, 
                "p99": 1.0, 
                "min": 0.0, 
                "max": 1.0, 
                "average": 0.013688212927756654, 
                "median": 0.0
            }, 
            "missing_impute_with_value": 0.013688212927756654
        }, 
        "Area_Palacio": {
            "stats": {
                "std": 0.14936595919696322, 
                "p99": 1.0, 
                "min": 0.0, 
                "max": 1.0, 
                "average": 0.022813688212927757, 
                "median": 0.0
            }, 
            "missing_impute_with_value": 0.022813688212927757
        }, 
        "Area_Chueca-Justicia": {
            "stats": {
                "std": 0.20875502056404377, 
                "p99": 1.0, 
                "min": 0.0, 
                "max": 1.0, 
                "average": 0.045627376425855515, 
                "median": 0.0
            }, 
            "missing_impute_with_value": 0.045627376425855515
        }, 
        "Area_Ni\u00f1o Jesus": {
            "stats": {
                "std": 0.07279345502731603, 
                "p99": 0.0, 
                "min": 0.0, 
                "max": 1.0, 
                "average": 0.00532319391634981, 
                "median": 0.0
            }, 
            "missing_impute_with_value": 0.00532319391634981
        }, 
        "Area_Jeronimos": {
            "stats": {
                "std": 0.08690498657438628, 
                "p99": 0.0, 
                "min": 0.0, 
                "max": 1.0, 
                "average": 0.0076045627376425855, 
                "median": 0.0
            }, 
            "missing_impute_with_value": 0.0076045627376425855
        }, 
        "Cottage": {
            "stats": {}
        }, 
        "Area_Sol": {
            "stats": {
                "std": 0.13113982983997277, 
                "p99": 1.0, 
                "min": 0.0, 
                "max": 1.0, 
                "average": 0.01749049429657795, 
                "median": 0.0
            }, 
            "missing_impute_with_value": 0.01749049429657795
        }, 
        "Area_Castellana": {
            "stats": {
                "std": 0.18380154931813375, 
                "p99": 1.0, 
                "min": 0.0, 
                "max": 1.0, 
                "average": 0.0349809885931559, 
                "median": 0.0
            }, 
            "missing_impute_with_value": 0.0349809885931559
        }, 
        "Sq. Mt.": {
            "stats": {
                "std": 85.5233388512865, 
                "p99": 421.7199999999998, 
                "min": 15.0, 
                "max": 1250.0, 
                "average": 115.02281368821293, 
                "median": 90.0
            }, 
            "missing_impute_with_value": 115.02281368821293
        }, 
        "Area_Malasana-Universidad": {
            "stats": {
                "std": 0.1469125592185239, 
                "p99": 1.0, 
                "min": 0.0, 
                "max": 1.0, 
                "average": 0.022053231939163497, 
                "median": 0.0
            }, 
            "missing_impute_with_value": 0.022053231939163497
        }, 
        "Area_Lista": {
            "stats": {
                "std": 0.11937647266592154, 
                "p99": 1.0, 
                "min": 0.0, 
                "max": 1.0, 
                "average": 0.014448669201520912, 
                "median": 0.0
            }, 
            "missing_impute_with_value": 0.014448669201520912
        }, 
        "Penthouse": {
            "stats": {
                "std": 0.28260444221673475, 
                "p99": 1.0, 
                "min": 0.0, 
                "max": 1.0, 
                "average": 0.08745247148288973, 
                "median": 0.0
            }, 
            "missing_impute_with_value": 0.08745247148288973
        }, 
        "Area_Goya": {
            "stats": {
                "std": 0.1779169088249398, 
                "p99": 1.0, 
                "min": 0.0, 
                "max": 1.0, 
                "average": 0.03269961977186312, 
                "median": 0.0
            }, 
            "missing_impute_with_value": 0.03269961977186312
        }, 
        "Area_El Viso": {
            "stats": {
                "std": 0.13390851163125722, 
                "p99": 1.0, 
                "min": 0.0, 
                "max": 1.0, 
                "average": 0.018250950570342206, 
                "median": 0.0
            }, 
            "missing_impute_with_value": 0.018250950570342206
        }, 
        "Area_Recoletos": {
            "stats": {
                "std": 0.20875502056403866, 
                "p99": 1.0, 
                "min": 0.0, 
                "max": 1.0, 
                "average": 0.045627376425855515, 
                "median": 0.0
            }, 
            "missing_impute_with_value": 0.045627376425855515
        }, 
        "Area_Arguelles": {
            "stats": {
                "std": 0.16758173711785104, 
                "p99": 1.0, 
                "min": 0.0, 
                "max": 1.0, 
                "average": 0.028897338403041824, 
                "median": 0.0
            }, 
            "missing_impute_with_value": 0.028897338403041824
        }, 
        "Area_Almagro": {
            "stats": {
                "std": 0.1838015493181331, 
                "p99": 1.0, 
                "min": 0.0, 
                "max": 1.0, 
                "average": 0.0349809885931559, 
                "median": 0.0
            }, 
            "missing_impute_with_value": 0.0349809885931559
        }, 
        "Rent": {
            "stats": {}
        }, 
        "Area_Lavapies-Embajadores": {
            "stats": {
                "std": 0.14691255921852361, 
                "p99": 1.0, 
                "min": 0.0, 
                "max": 1.0, 
                "average": 0.022053231939163497, 
                "median": 0.0
            }, 
            "missing_impute_with_value": 0.022053231939163497
        }
    }, 
    "feature_order": [
        "Outer", 
        "Floor", 
        "Area_Nueva Espana", 
        "Area_Trafalgar", 
        "col_0", 
        "Area_Conde Orgaz-Piovera", 
        "Area_Cuatro Caminos", 
        "Area_Vallehermoso", 
        "Area_Ibiza", 
        "Area_Huertas-Cortes", 
        "Area_Palacio", 
        "Area_Chueca-Justicia", 
        "Area_Sol", 
        "Area_Ni\u00f1o Jesus", 
        "Area_Jeronimos", 
        "Cottage", 
        "Area_Castellana", 
        "Sq. Mt.", 
        "Area_Malasana-Universidad", 
        "Area_Lista", 
        "Penthouse", 
        "Area_Goya", 
        "Area_El Viso", 
        "Area_Recoletos", 
        "Area_Arguelles", 
        "Area_Almagro", 
        "Rent", 
        "Area_Lavapies-Embajadores"
    ]
}