{
    "per_feature": {
        "Penthouse": {
            "stats": {
                "std": 0.28260444221673475, 
                "p99": 1.0, 
                "min": 0.0, 
                "max": 1.0, 
                "average": 0.08745247148288973, 
                "median": 0.0
            }, 
            "missing_impute_with_value": 0.08745247148288973
        }, 
        "Outer": {
            "stats": {
                "std": 0.3592459431620705, 
                "p99": 1.0, 
                "min": 0.0, 
                "max": 1.0, 
                "average": 0.8479087452471483, 
                "median": 1.0
            }, 
            "missing_impute_with_value": 0.8479087452471483
        }, 
        "District": {
            "stats": {}
        }, 
        "Floor": {
            "stats": {
                "std": 2.960900443682838, 
                "p99": 14.0, 
                "min": -0.5, 
                "max": 29.0, 
                "average": 3.536501901140684, 
                "median": 3.0
            }, 
            "missing_impute_with_value": 3.536501901140684
        }, 
        "Duplex": {
            "stats": {}
        }, 
        "Bedrooms": {
            "stats": {}
        }, 
        "Elevator": {
            "stats": {}
        }, 
        "Semi-detached": {
            "stats": {}
        }, 
        "Rent": {
            "stats": {}
        }, 
        "Sq. Mt.": {
            "stats": {
                "std": 85.5233388512865, 
                "p99": 421.7199999999998, 
                "min": 15.0, 
                "max": 1250.0, 
                "average": 115.02281368821293, 
                "median": 90.0
            }, 
            "missing_impute_with_value": 115.02281368821293
        }, 
        "Cottage": {
            "stats": {
                "std": 0.04772731312588439, 
                "p99": 0.0, 
                "min": 0.0, 
                "max": 1.0, 
                "average": 0.0022813688212927757, 
                "median": 0.0
            }, 
            "missing_impute_with_value": 0.0022813688212927757
        }, 
        "Area": {
            "stats": {
                "mostFrequentValue": "Chueca-Justicia", 
                "leastFrequentValue": "Aguilas"
            }, 
            "category_possible_counts": [
                60, 
                60, 
                46, 
                46, 
                43, 
                38, 
                35, 
                32, 
                30, 
                30, 
                29, 
                29, 
                28, 
                24, 
                24, 
                23, 
                23, 
                22, 
                22, 
                20, 
                19, 
                18, 
                18, 
                18, 
                16, 
                15, 
                15, 
                14, 
                14, 
                14, 
                13, 
                13, 
                13, 
                12, 
                12, 
                11, 
                11, 
                11, 
                11, 
                11, 
                11, 
                10, 
                10, 
                10, 
                10, 
                10, 
                10, 
                9, 
                9, 
                9, 
                8, 
                8, 
                7, 
                7, 
                7, 
                7, 
                7, 
                7, 
                7, 
                7, 
                7, 
                6, 
                6, 
                6, 
                6, 
                6, 
                6, 
                5, 
                5, 
                5, 
                5, 
                5, 
                5, 
                5, 
                5, 
                4, 
                4, 
                4, 
                4, 
                4, 
                4, 
                4, 
                4, 
                4, 
                3, 
                3, 
                3, 
                3, 
                3, 
                3, 
                3, 
                3, 
                3, 
                3, 
                3, 
                3, 
                3, 
                3, 
                3, 
                2, 
                2, 
                2, 
                2, 
                2, 
                2, 
                2, 
                2, 
                2, 
                2, 
                2, 
                1, 
                1, 
                1, 
                1, 
                1, 
                1, 
                1, 
                1, 
                1, 
                1, 
                1, 
                1, 
                1, 
                1, 
                1, 
                1
            ], 
            "category_possible_values": [
                "Chueca-Justicia", 
                "Recoletos", 
                "Almagro", 
                "Castellana", 
                "Goya", 
                "Arguelles", 
                "Cuatro Caminos", 
                "Nueva Espana", 
                "Bernabeu-Hispanoamerica", 
                "Palacio", 
                "Lavapies-Embajadores", 
                "Malasana-Universidad", 
                "Nuevos Ministerios-Rios Rosas", 
                "El Viso", 
                "Cuzco-Castillejos", 
                "Arapiles", 
                "Sol", 
                "Sanchinarro", 
                "Las Tablas", 
                "Ibiza", 
                "Lista", 
                "Huertas-Cortes", 
                "Trafalgar", 
                "Prosperidad", 
                "Castilla", 
                "Barajas", 
                "Rejas", 
                "Vallehermoso", 
                "Ciudad Jardin", 
                "Aravaca", 
                "San Juan Bautista", 
                "San Diego", 
                "Gaztambide", 
                "Guindalera", 
                "Valdemarin", 
                "San Isidro", 
                "Valdeacederas", 
                "Acacias", 
                "Ensanche de Vallecas - La Gavia", 
                "Valdezarza", 
                "Montecarmelo", 
                "Concepcion", 
                "Ciudad Universitaria", 
                "Costillares", 
                "Bellas Vistas", 
                "Conde Orgaz-Piovera", 
                "Jeronimos", 
                "Berruguete", 
                "Delicias", 
                "La Paz", 
                "Numancia", 
                "San Pascual", 
                "Casco Historico de Vallecas", 
                "Valdebebas - Valdefuentes", 
                "Simancas", 
                "Pacifico", 
                "Pinar del Rey", 
                "Ni\u00f1o Jesus", 
                "Ventilla-Almenara", 
                "Penagrande", 
                "Pilar", 
                "Vista Alegre", 
                "Fuente del Berro", 
                "Quintana", 
                "Puerta Bonita", 
                "Aluche", 
                "Campamento", 
                "Imperial", 
                "Canillas", 
                "Ap\u00f3stol Santiago", 
                "Legazpi", 
                "Puerta del Angel", 
                "Pueblo Nuevo", 
                "Palomas", 
                "Los Angeles", 
                "Media Legua", 
                "Salvador", 
                "Colina", 
                "Tres Olivos - Valverde", 
                "Palos de Moguer", 
                "Almendrales", 
                "Palomeras sureste", 
                "Butarque", 
                "Abrantes", 
                "Comillas", 
                "Adelfas", 
                "Arroyo del Fresno", 
                "Fuentelarreina", 
                "Arcos", 
                "San Andres", 
                "Mirasierra", 
                "Atalaya", 
                "Valdebernardo - Valderribas", 
                "Pau de Carabanchel", 
                "Buena Vista", 
                "San Fermin", 
                "Opanel", 
                "Estrella", 
                "Rosas", 
                "Palomeras Bajas", 
                "Zofao", 
                "Ventas", 
                "Manoteras", 
                "Los Carmenes", 
                "Lucero", 
                "Vinateros", 
                "Entrevias", 
                "12 de Octubre-Orcasur", 
                "Ambroz", 
                "Moscardo", 
                "Chopera", 
                "Gasometro", 
                "Plaza de Espana", 
                "Escalinata", 
                "Portazgo", 
                "Hellan", 
                "Pradolongo", 
                "El Plantio", 
                "Los Rosales", 
                "Oriana", 
                "Horcajo", 
                "Canillejas", 
                "Sodio", 
                "Fontarron", 
                "Pena", 
                "Aguilas"
            ]
        }, 
        "Id": {
            "stats": {}
        }
    }, 
    "feature_order": [
        "Penthouse", 
        "Bedrooms", 
        "Outer", 
        "District", 
        "Floor", 
        "Duplex", 
        "Area", 
        "Elevator", 
        "Semi-detached", 
        "Rent", 
        "Sq. Mt.", 
        "Cottage", 
        "Id"
    ]
}