{
    "modelInputIsSparse": false, 
    "modelInputNRows": 1120, 
    "modelInputNCols": 108, 
    "modelInputMemory": 967680, 
    "lmCoefficients": {
        "interceptStderr": null, 
        "interceptTstat": null, 
        "rescaledInterceptCoef": -90875188174157008.0, 
        "rescaledCoefs": [
            32.45001513920333, 
            11.800453014326632, 
            86439860255588784.0, 
            -49440912963637248.0, 
            61062401717336624.0, 
            -7186160835130464.0, 
            -7186160835129669.0, 
            -7186160835130308.0, 
            -7186160835130359.0, 
            -7186160835130263.0, 
            -7186160835130579.0, 
            -7186160835130846.0, 
            -7186160835130888.0, 
            -7186160835130661.0, 
            -7186160835130646.0, 
            -7186160835130752.0, 
            -7186160835130584.0, 
            -7186160835130575.0, 
            -7186160835130323.0, 
            -7186160835131016.0, 
            -7186160835130838.0, 
            -7186160835131156.0, 
            -7186160835130683.0, 
            -7186160835130451.0, 
            -7186160835130640.0, 
            -7186160835130937.0, 
            -7186160835131100.0, 
            -7186160835130684.0, 
            -7186160835130429.0, 
            -7186160835130415.0, 
            -7186160835131317.0, 
            -7186160835131326.0, 
            -7186160835130868.0, 
            -7186160835130950.0, 
            -7186160835130763.0, 
            -7186160835130895.0, 
            -7186160835131070.0, 
            -7186160835131148.0, 
            -7186160835131407.0, 
            -7186160835130832.0, 
            -7186160835130993.0, 
            -7186160835131128.0, 
            -7186160835131109.0, 
            -7186160835130969.0, 
            -7186160835131308.0, 
            -7186160835131087.0, 
            -7186160835130883.0, 
            -7186160835131054.0, 
            -7186160835131236.0, 
            -7186160835130929.0, 
            -7186160835131269.0, 
            -7186160835131151.0, 
            -7186160835130699.0, 
            -7186160835131292.0, 
            -7186160835129587.0, 
            -7186160835131328.0, 
            -7186160835130993.0, 
            -7186160835131171.0, 
            -7186160835130966.0, 
            -7186160835131376.0, 
            -7186160835130983.0, 
            -7186160835130343.0, 
            -7186160835130970.0, 
            -7186160835131217.0, 
            -7186160835131049.0, 
            -7186160835131522.0, 
            -7186160835131362.0, 
            -7186160835131328.0, 
            -7186160835131504.0, 
            -7186160835131061.0, 
            -7186160835131338.0, 
            -7186160835131277.0, 
            -7186160835131423.0, 
            -7186160835131397.0, 
            -7186160835131262.0, 
            -7186160835131010.0, 
            -7186160835131291.0, 
            -7186160835131265.0, 
            -7186160835131243.0, 
            -7186160835131018.0, 
            -7186160835131190.0, 
            -7186160835131066.0, 
            -7186160835131358.0, 
            -7186160835131055.0, 
            -7186160835131101.0, 
            -7186160835131443.0, 
            -7186160835131346.0, 
            -7186160835131194.0, 
            -7186160835131413.0, 
            -7186160835131785.0, 
            -7186160835131672.0, 
            -7186160835131316.0, 
            -7186160835131306.0, 
            -7186160835131334.0, 
            -7186160835131320.0, 
            -7186160835131538.0, 
            -7186160835131389.0, 
            -7186160835131542.0, 
            -7186160835131147.0, 
            -7186160835131443.0, 
            -7186160835131482.0, 
            -7186160835132002.0, 
            -7186160835131116.0, 
            -7186160835131362.0, 
            -7186160835131416.0, 
            -7186160835130786.0, 
            -7186160835131183.0
        ], 
        "variables": [
            "Floor", 
            "Sq. Mt.", 
            "num_flagonly:Penthouse:not_missing", 
            "num_flagonly:Outer:not_missing", 
            "num_flagonly:Cottage:not_missing", 
            "dummy:Area:Chueca-Justicia", 
            "dummy:Area:Recoletos", 
            "dummy:Area:Castellana", 
            "dummy:Area:Almagro", 
            "dummy:Area:Goya", 
            "dummy:Area:Arguelles", 
            "dummy:Area:Cuatro Caminos", 
            "dummy:Area:Nuevos Ministerios-Rios Rosas", 
            "dummy:Area:Nueva Espana", 
            "dummy:Area:Bernabeu-Hispanoamerica", 
            "dummy:Area:Lavapies-Embajadores", 
            "dummy:Area:Palacio", 
            "dummy:Area:Malasana-Universidad", 
            "dummy:Area:El Viso", 
            "dummy:Area:Cuzco-Castillejos", 
            "dummy:Area:Arapiles", 
            "dummy:Area:Las Tablas", 
            "dummy:Area:Ibiza", 
            "dummy:Area:Huertas-Cortes", 
            "dummy:Area:Sol", 
            "dummy:Area:Prosperidad", 
            "dummy:Area:Sanchinarro", 
            "dummy:Area:Lista", 
            "dummy:Area:Trafalgar", 
            "dummy:Area:Vallehermoso", 
            "dummy:Area:Rejas", 
            "dummy:Area:Barajas", 
            "dummy:Area:Gaztambide", 
            "dummy:Area:Castilla", 
            "dummy:Area:Ciudad Jardin", 
            "dummy:Area:Guindalera", 
            "dummy:Area:San Diego", 
            "dummy:Area:San Isidro", 
            "dummy:Area:Ensanche de Vallecas - La Gavia", 
            "dummy:Area:Aravaca", 
            "dummy:Area:Valdemarin", 
            "dummy:Area:San Juan Bautista", 
            "dummy:Area:Montecarmelo", 
            "dummy:Area:Valdezarza", 
            "dummy:Area:Costillares", 
            "dummy:Area:Valdeacederas", 
            "dummy:Area:San Pascual", 
            "dummy:Area:Berruguete", 
            "dummy:Area:Concepcion", 
            "dummy:Area:Bellas Vistas", 
            "dummy:Area:Casco Historico de Vallecas", 
            "dummy:Area:Pinar del Rey", 
            "dummy:Area:Conde Orgaz-Piovera", 
            "dummy:Area:Delicias", 
            "dummy:Area:Jeronimos", 
            "dummy:Area:Ciudad Universitaria", 
            "dummy:Area:Valdebebas - Valdefuentes", 
            "dummy:Area:Ventilla-Almenara", 
            "dummy:Area:Acacias", 
            "dummy:Area:Pilar", 
            "dummy:Area:Pacifico", 
            "dummy:Area:Ni\u00f1o Jesus", 
            "dummy:Area:Fuente del Berro", 
            "dummy:Area:Numancia", 
            "dummy:Area:Penagrande", 
            "dummy:Area:Los Angeles", 
            "dummy:Area:Canillas", 
            "dummy:Area:Vista Alegre", 
            "dummy:Area:Ap\u00f3stol Santiago", 
            "dummy:Area:Quintana", 
            "dummy:Area:Simancas", 
            "dummy:Area:Pueblo Nuevo", 
            "dummy:Area:La Paz", 
            "dummy:Area:Aluche", 
            "dummy:Area:Palomas", 
            "dummy:Area:Palos de Moguer", 
            "dummy:Area:Almendrales", 
            "dummy:Area:Puerta Bonita", 
            "dummy:Area:Campamento", 
            "dummy:Area:Legazpi", 
            "dummy:Area:Puerta del Angel", 
            "dummy:Area:Imperial", 
            "dummy:Area:Tres Olivos - Valverde", 
            "dummy:Area:Estrella", 
            "dummy:Area:Colina", 
            "dummy:Area:Comillas", 
            "dummy:Area:Butarque", 
            "dummy:Area:Rosas", 
            "dummy:Area:Arcos", 
            "dummy:Area:Fuentelarreina", 
            "dummy:Area:Media Legua", 
            "dummy:Area:San Fermin", 
            "dummy:Area:San Andres", 
            "dummy:Area:Palomeras sureste", 
            "dummy:Area:Valdebernardo - Valderribas", 
            "dummy:Area:Salvador", 
            "dummy:Area:Abrantes", 
            "dummy:Area:Pau de Carabanchel", 
            "dummy:Area:Opanel", 
            "dummy:Area:Buena Vista", 
            "dummy:Area:Lucero", 
            "dummy:Area:Mirasierra", 
            "dummy:Area:Adelfas", 
            "dummy:Area:Manoteras", 
            "dummy:Area:Vinateros", 
            "dummy:Area:Atalaya", 
            "dummy:Area:__Others__"
        ], 
        "interceptCoef": -9.087518817415557e+16, 
        "interceptPvalue": null, 
        "coefs": [
            96.376468455384128, 
            935.91255961355262, 
            86439860255588784.0, 
            -49440912963637248.0, 
            61062401717336624.0, 
            -7186160835130464.0, 
            -7186160835129669.0, 
            -7186160835130308.0, 
            -7186160835130359.0, 
            -7186160835130263.0, 
            -7186160835130579.0, 
            -7186160835130846.0, 
            -7186160835130888.0, 
            -7186160835130661.0, 
            -7186160835130646.0, 
            -7186160835130752.0, 
            -7186160835130584.0, 
            -7186160835130575.0, 
            -7186160835130323.0, 
            -7186160835131016.0, 
            -7186160835130838.0, 
            -7186160835131156.0, 
            -7186160835130683.0, 
            -7186160835130451.0, 
            -7186160835130640.0, 
            -7186160835130937.0, 
            -7186160835131100.0, 
            -7186160835130684.0, 
            -7186160835130429.0, 
            -7186160835130415.0, 
            -7186160835131317.0, 
            -7186160835131326.0, 
            -7186160835130868.0, 
            -7186160835130950.0, 
            -7186160835130763.0, 
            -7186160835130895.0, 
            -7186160835131070.0, 
            -7186160835131148.0, 
            -7186160835131407.0, 
            -7186160835130832.0, 
            -7186160835130993.0, 
            -7186160835131128.0, 
            -7186160835131109.0, 
            -7186160835130969.0, 
            -7186160835131308.0, 
            -7186160835131087.0, 
            -7186160835130883.0, 
            -7186160835131054.0, 
            -7186160835131236.0, 
            -7186160835130929.0, 
            -7186160835131269.0, 
            -7186160835131151.0, 
            -7186160835130699.0, 
            -7186160835131292.0, 
            -7186160835129587.0, 
            -7186160835131328.0, 
            -7186160835130993.0, 
            -7186160835131171.0, 
            -7186160835130966.0, 
            -7186160835131376.0, 
            -7186160835130983.0, 
            -7186160835130343.0, 
            -7186160835130970.0, 
            -7186160835131217.0, 
            -7186160835131049.0, 
            -7186160835131522.0, 
            -7186160835131362.0, 
            -7186160835131328.0, 
            -7186160835131504.0, 
            -7186160835131061.0, 
            -7186160835131338.0, 
            -7186160835131277.0, 
            -7186160835131423.0, 
            -7186160835131397.0, 
            -7186160835131262.0, 
            -7186160835131010.0, 
            -7186160835131291.0, 
            -7186160835131265.0, 
            -7186160835131243.0, 
            -7186160835131018.0, 
            -7186160835131190.0, 
            -7186160835131066.0, 
            -7186160835131358.0, 
            -7186160835131055.0, 
            -7186160835131101.0, 
            -7186160835131443.0, 
            -7186160835131346.0, 
            -7186160835131194.0, 
            -7186160835131413.0, 
            -7186160835131785.0, 
            -7186160835131672.0, 
            -7186160835131316.0, 
            -7186160835131306.0, 
            -7186160835131334.0, 
            -7186160835131320.0, 
            -7186160835131538.0, 
            -7186160835131389.0, 
            -7186160835131542.0, 
            -7186160835131147.0, 
            -7186160835131443.0, 
            -7186160835131482.0, 
            -7186160835132002.0, 
            -7186160835131116.0, 
            -7186160835131362.0, 
            -7186160835131416.0, 
            -7186160835130786.0, 
            -7186160835131183.0
        ]
    }
}