{
    "metrics": {
        "rmse": 733.108766053661, 
        "pearson": 0.86803588047677716, 
        "mae": 389.41246684350131, 
        "r2": 0.75287137126705561, 
        "mape": 0.21771800398912644, 
        "mse": 537448.46286472154, 
        "evs": 0.75289543888187371, 
        "rmsle": 0.29462825219503164
    }, 
    "scatterPlotData": {
        "y": [
            688.0, 
            1264.0, 
            5600.0, 
            1392.0, 
            6208.0, 
            848.0, 
            1120.0, 
            1648.0, 
            784.0, 
            960.0, 
            2448.0, 
            1360.0, 
            752.0, 
            1232.0, 
            816.0, 
            656.0, 
            864.0, 
            2880.0, 
            3072.0, 
            1152.0, 
            3152.0, 
            1600.0, 
            896.0, 
            4192.0, 
            1200.0, 
            1392.0, 
            1072.0, 
            2048.0, 
            2320.0, 
            3280.0, 
            2864.0, 
            2448.0, 
            2128.0, 
            2144.0, 
            1616.0, 
            1952.0, 
            1008.0, 
            1472.0, 
            2336.0, 
            1488.0, 
            3120.0, 
            1072.0, 
            656.0, 
            1808.0, 
            1584.0, 
            1680.0, 
            2272.0, 
            2448.0, 
            1120.0, 
            1648.0, 
            2672.0, 
            800.0, 
            2608.0, 
            912.0, 
            1360.0, 
            1616.0, 
            1840.0, 
            2800.0, 
            896.0, 
            1744.0, 
            2512.0, 
            720.0, 
            912.0, 
            1040.0, 
            2688.0, 
            3376.0, 
            2480.0, 
            944.0, 
            3984.0, 
            1712.0, 
            1360.0, 
            1008.0, 
            1888.0, 
            3152.0, 
            1424.0, 
            768.0, 
            2544.0, 
            2928.0, 
            3600.0, 
            2288.0, 
            1040.0, 
            2128.0, 
            464.0, 
            2160.0, 
            1232.0, 
            1296.0, 
            928.0, 
            832.0, 
            6800.0, 
            688.0, 
            2032.0, 
            2240.0, 
            2496.0, 
            2192.0, 
            944.0, 
            1520.0, 
            912.0, 
            560.0, 
            3136.0, 
            1712.0, 
            912.0, 
            624.0, 
            1712.0, 
            1136.0, 
            4208.0, 
            880.0, 
            752.0, 
            2288.0, 
            2192.0, 
            1008.0, 
            3536.0, 
            976.0, 
            944.0, 
            1408.0, 
            1104.0, 
            2144.0, 
            1952.0, 
            1104.0, 
            1376.0, 
            2048.0, 
            800.0, 
            1712.0, 
            3792.0, 
            992.0, 
            1040.0, 
            1168.0, 
            880.0, 
            4272.0, 
            2224.0, 
            2960.0, 
            3328.0, 
            848.0, 
            6640.0, 
            1216.0, 
            1712.0, 
            2976.0, 
            784.0, 
            736.0, 
            960.0, 
            1040.0, 
            1808.0, 
            1520.0, 
            2528.0, 
            3680.0, 
            2000.0, 
            1936.0, 
            1680.0, 
            2256.0, 
            1792.0, 
            1104.0, 
            3168.0, 
            944.0, 
            1344.0, 
            944.0, 
            944.0, 
            1360.0, 
            2752.0, 
            1136.0, 
            1152.0, 
            1600.0, 
            1488.0, 
            1712.0, 
            1712.0, 
            2512.0, 
            3120.0, 
            912.0, 
            1392.0, 
            1264.0, 
            1120.0, 
            1216.0, 
            3280.0, 
            1968.0, 
            864.0, 
            1472.0, 
            1040.0, 
            1552.0, 
            1136.0, 
            1168.0, 
            1680.0, 
            1328.0, 
            2384.0, 
            3360.0, 
            1872.0, 
            4016.0, 
            3440.0, 
            1648.0, 
            816.0, 
            1136.0, 
            1472.0, 
            1872.0, 
            5104.0, 
            2176.0, 
            4400.0, 
            1520.0, 
            6416.0, 
            1136.0, 
            688.0, 
            656.0, 
            1360.0, 
            704.0, 
            944.0, 
            2704.0, 
            2272.0, 
            1488.0, 
            1104.0, 
            2608.0, 
            1904.0, 
            1088.0, 
            816.0, 
            3504.0, 
            2864.0, 
            656.0, 
            2800.0, 
            1280.0, 
            1200.0, 
            2368.0, 
            2032.0, 
            3024.0, 
            1296.0, 
            2096.0, 
            2576.0, 
            576.0, 
            752.0, 
            1072.0, 
            656.0, 
            816.0, 
            1584.0, 
            3392.0, 
            4560.0, 
            1616.0, 
            1840.0, 
            1264.0, 
            1984.0, 
            4592.0, 
            2160.0, 
            1120.0, 
            720.0, 
            1824.0, 
            4176.0, 
            944.0, 
            1472.0, 
            5472.0, 
            2320.0, 
            688.0, 
            2576.0, 
            1232.0, 
            2640.0, 
            1456.0, 
            400.0, 
            1008.0, 
            2416.0, 
            880.0, 
            1488.0, 
            2992.0, 
            3792.0, 
            1552.0, 
            3168.0, 
            1408.0, 
            4560.0, 
            1984.0, 
            4464.0, 
            3600.0, 
            3040.0, 
            752.0, 
            384.0, 
            3248.0, 
            2416.0, 
            736.0, 
            1104.0, 
            1408.0, 
            1632.0, 
            3184.0, 
            1136.0, 
            3280.0, 
            496.0, 
            2176.0, 
            1136.0, 
            2896.0, 
            1712.0, 
            1296.0, 
            1024.0, 
            2768.0, 
            640.0, 
            1520.0, 
            2256.0, 
            1856.0, 
            4288.0, 
            1024.0, 
            688.0, 
            4048.0, 
            1456.0, 
            1136.0, 
            1808.0, 
            2064.0, 
            1744.0, 
            640.0, 
            1616.0, 
            1232.0, 
            864.0, 
            1088.0, 
            1296.0, 
            2064.0, 
            592.0, 
            1056.0, 
            1840.0, 
            1232.0, 
            1696.0, 
            1200.0, 
            1744.0, 
            976.0, 
            736.0, 
            1120.0, 
            5152.0, 
            880.0, 
            1456.0, 
            1520.0, 
            4080.0, 
            15696.0, 
            1488.0, 
            1264.0, 
            736.0, 
            2128.0, 
            1536.0, 
            1424.0, 
            688.0, 
            528.0, 
            1296.0, 
            1680.0, 
            2096.0, 
            1936.0, 
            1648.0, 
            1520.0, 
            3200.0, 
            2240.0, 
            1600.0, 
            1104.0, 
            3184.0, 
            1808.0, 
            2736.0, 
            1424.0, 
            1328.0, 
            3120.0, 
            992.0, 
            1712.0, 
            1168.0, 
            1232.0, 
            944.0, 
            1776.0, 
            1104.0, 
            2352.0, 
            848.0, 
            1072.0, 
            1552.0, 
            1424.0, 
            2224.0, 
            992.0, 
            496.0, 
            768.0, 
            1136.0, 
            1168.0, 
            688.0, 
            3584.0, 
            560.0, 
            3248.0, 
            1120.0, 
            1264.0, 
            5168.0, 
            1744.0, 
            2912.0, 
            880.0, 
            2608.0, 
            1584.0, 
            1360.0, 
            2208.0, 
            848.0, 
            1312.0, 
            1456.0, 
            944.0, 
            1584.0, 
            1888.0, 
            928.0, 
            4944.0, 
            1712.0, 
            1104.0, 
            1296.0, 
            848.0, 
            768.0, 
            816.0, 
            1584.0, 
            880.0, 
            3024.0, 
            1168.0, 
            1008.0, 
            656.0, 
            5040.0, 
            1232.0, 
            1392.0, 
            1232.0, 
            1696.0, 
            1280.0, 
            2496.0, 
            1728.0, 
            848.0, 
            1120.0, 
            1040.0, 
            2144.0, 
            1296.0, 
            2800.0, 
            880.0, 
            1664.0, 
            1760.0, 
            656.0, 
            3696.0, 
            1408.0, 
            5264.0, 
            704.0, 
            1216.0, 
            1680.0, 
            2384.0, 
            1472.0, 
            1968.0, 
            4864.0, 
            736.0, 
            6480.0, 
            3088.0, 
            2064.0, 
            2960.0, 
            2800.0, 
            2896.0, 
            2576.0, 
            2688.0, 
            2384.0, 
            3328.0, 
            976.0, 
            1760.0, 
            624.0, 
            784.0, 
            3696.0, 
            608.0, 
            3824.0, 
            4496.0, 
            1568.0, 
            2160.0, 
            736.0, 
            2704.0, 
            2528.0, 
            2800.0, 
            1968.0, 
            5488.0, 
            976.0, 
            880.0, 
            1072.0, 
            816.0, 
            1072.0, 
            1184.0, 
            416.0, 
            5280.0, 
            1536.0, 
            2016.0, 
            1408.0, 
            2496.0, 
            1520.0, 
            3184.0, 
            832.0, 
            3120.0, 
            720.0, 
            3280.0, 
            720.0, 
            1200.0, 
            736.0, 
            1248.0, 
            176.0, 
            4208.0, 
            1024.0, 
            2352.0, 
            784.0, 
            6048.0, 
            1648.0, 
            2800.0, 
            1744.0, 
            1648.0, 
            960.0, 
            1584.0, 
            1168.0, 
            1456.0, 
            3408.0, 
            1184.0, 
            2016.0, 
            1712.0, 
            976.0, 
            1472.0, 
            1056.0, 
            464.0, 
            400.0, 
            7344.0, 
            1520.0, 
            1712.0, 
            592.0, 
            1200.0, 
            2512.0, 
            3088.0, 
            1680.0, 
            1168.0, 
            1072.0, 
            1232.0, 
            1600.0, 
            848.0, 
            880.0, 
            5040.0, 
            2560.0, 
            3072.0, 
            2496.0, 
            5872.0, 
            1920.0, 
            1936.0, 
            1776.0, 
            544.0, 
            288.0, 
            1168.0, 
            4448.0, 
            2800.0, 
            2832.0, 
            3312.0, 
            960.0, 
            1712.0, 
            1792.0, 
            1200.0, 
            1104.0, 
            880.0, 
            2768.0, 
            400.0, 
            1440.0, 
            3168.0, 
            1488.0, 
            2896.0, 
            4784.0, 
            1872.0, 
            2352.0, 
            880.0, 
            1920.0, 
            2224.0, 
            944.0, 
            1232.0, 
            416.0, 
            1200.0, 
            1584.0, 
            4944.0, 
            2608.0, 
            880.0, 
            1088.0, 
            1296.0, 
            3280.0, 
            784.0, 
            2032.0, 
            1136.0, 
            1840.0, 
            928.0, 
            720.0, 
            2224.0, 
            2320.0, 
            2160.0, 
            864.0, 
            2160.0, 
            1744.0, 
            3984.0, 
            944.0, 
            912.0, 
            2480.0, 
            4464.0, 
            2256.0, 
            1808.0, 
            1616.0, 
            1168.0, 
            1632.0, 
            1776.0, 
            2912.0, 
            2640.0, 
            1648.0, 
            1136.0, 
            1408.0, 
            1840.0, 
            3024.0, 
            1296.0, 
            976.0, 
            1216.0, 
            1424.0, 
            1840.0, 
            1792.0, 
            2064.0, 
            656.0, 
            3584.0, 
            784.0, 
            3568.0, 
            880.0, 
            1936.0, 
            1520.0, 
            1984.0, 
            864.0, 
            1008.0, 
            688.0, 
            1808.0, 
            1232.0, 
            1456.0, 
            4048.0, 
            1424.0, 
            1296.0, 
            1664.0, 
            2992.0, 
            3664.0, 
            1232.0, 
            1152.0, 
            1360.0, 
            3184.0, 
            768.0, 
            1952.0, 
            1488.0, 
            2416.0, 
            1168.0, 
            1392.0, 
            3632.0, 
            1536.0, 
            2976.0, 
            912.0, 
            2320.0, 
            2176.0, 
            3040.0, 
            1440.0, 
            1024.0, 
            3312.0, 
            1488.0, 
            2896.0, 
            1296.0, 
            1072.0, 
            784.0, 
            1296.0, 
            1232.0, 
            560.0, 
            1904.0, 
            1280.0, 
            1392.0, 
            1232.0, 
            4256.0, 
            1584.0, 
            1168.0, 
            864.0, 
            2384.0, 
            2800.0, 
            976.0, 
            1840.0, 
            496.0, 
            1088.0, 
            3536.0, 
            656.0, 
            3792.0, 
            3264.0, 
            2096.0, 
            1040.0, 
            1040.0, 
            560.0, 
            3120.0, 
            1408.0, 
            1312.0, 
            896.0, 
            1840.0, 
            1568.0, 
            1104.0, 
            768.0, 
            560.0, 
            1296.0, 
            624.0, 
            432.0, 
            2192.0, 
            1504.0, 
            3376.0, 
            864.0, 
            1168.0, 
            2416.0, 
            848.0, 
            752.0, 
            624.0, 
            1248.0, 
            1264.0, 
            192.0, 
            1712.0, 
            5904.0, 
            992.0, 
            656.0, 
            1696.0, 
            1104.0, 
            1584.0, 
            1248.0, 
            1696.0, 
            3728.0, 
            1168.0, 
            1056.0, 
            752.0, 
            1712.0, 
            1424.0, 
            1936.0, 
            1104.0, 
            2128.0, 
            1392.0, 
            1536.0, 
            1584.0, 
            1776.0, 
            1072.0, 
            624.0, 
            1776.0, 
            864.0, 
            1200.0, 
            2064.0, 
            3936.0, 
            2048.0, 
            3104.0, 
            3392.0, 
            1168.0, 
            752.0, 
            704.0, 
            944.0, 
            1712.0, 
            2544.0, 
            1456.0, 
            2032.0, 
            1520.0, 
            976.0, 
            1936.0, 
            1008.0, 
            1168.0, 
            864.0, 
            2512.0, 
            1648.0, 
            2576.0, 
            1664.0, 
            1632.0, 
            752.0, 
            1072.0, 
            1088.0, 
            2352.0, 
            2128.0, 
            2000.0, 
            1680.0, 
            1680.0, 
            880.0, 
            1520.0, 
            800.0, 
            3856.0, 
            688.0, 
            80.0, 
            2448.0, 
            1232.0, 
            2256.0, 
            624.0, 
            2640.0, 
            4496.0
        ], 
        "x": [
            950.0, 
            1350.0, 
            3690.0, 
            1450.0, 
            5000.0, 
            1000.0, 
            900.0, 
            3000.0, 
            800.0, 
            800.0, 
            2800.0, 
            1400.0, 
            850.0, 
            850.0, 
            700.0, 
            650.0, 
            1100.0, 
            3500.0, 
            4300.0, 
            1250.0, 
            2900.0, 
            1300.0, 
            900.0, 
            3800.0, 
            1150.0, 
            800.0, 
            1200.0, 
            2565.0, 
            2400.0, 
            3500.0, 
            2650.0, 
            3300.0, 
            1250.0, 
            2300.0, 
            1300.0, 
            1800.0, 
            1190.0, 
            1200.0, 
            1400.0, 
            1100.0, 
            4725.0, 
            800.0, 
            725.0, 
            1475.0, 
            1400.0, 
            950.0, 
            3105.0, 
            2200.0, 
            1300.0, 
            1400.0, 
            2250.0, 
            650.0, 
            1800.0, 
            1250.0, 
            1450.0, 
            1300.0, 
            1300.0, 
            2800.0, 
            800.0, 
            1100.0, 
            2600.0, 
            800.0, 
            840.0, 
            950.0, 
            1800.0, 
            5373.0, 
            2400.0, 
            750.0, 
            4500.0, 
            1300.0, 
            1300.0, 
            900.0, 
            2295.0, 
            2900.0, 
            1250.0, 
            800.0, 
            2800.0, 
            2950.0, 
            3500.0, 
            2000.0, 
            1250.0, 
            1500.0, 
            775.0, 
            3240.0, 
            1699.0, 
            775.0, 
            875.0, 
            950.0, 
            7500.0, 
            690.0, 
            2700.0, 
            2400.0, 
            2500.0, 
            1500.0, 
            850.0, 
            1100.0, 
            680.0, 
            750.0, 
            3500.0, 
            1600.0, 
            975.0, 
            1175.0, 
            1500.0, 
            1100.0, 
            5500.0, 
            995.0, 
            695.0, 
            1600.0, 
            2100.0, 
            2750.0, 
            3300.0, 
            1100.0, 
            950.0, 
            1200.0, 
            1300.0, 
            2300.0, 
            1750.0, 
            790.0, 
            900.0, 
            1900.0, 
            720.0, 
            1550.0, 
            4300.0, 
            1250.0, 
            1100.0, 
            870.0, 
            775.0, 
            3600.0, 
            2100.0, 
            2500.0, 
            3000.0, 
            760.0, 
            7500.0, 
            1200.0, 
            2150.0, 
            3200.0, 
            800.0, 
            590.0, 
            875.0, 
            700.0, 
            1700.0, 
            1350.0, 
            2500.0, 
            4500.0, 
            3780.0, 
            1400.0, 
            1900.0, 
            1500.0, 
            2500.0, 
            800.0, 
            4320.0, 
            900.0, 
            1300.0, 
            950.0, 
            1000.0, 
            950.0, 
            2600.0, 
            1200.0, 
            800.0, 
            1050.0, 
            1200.0, 
            1500.0, 
            2500.0, 
            1500.0, 
            2200.0, 
            749.0, 
            950.0, 
            975.0, 
            750.0, 
            925.0, 
            2950.0, 
            2250.0, 
            1000.0, 
            1100.0, 
            800.0, 
            1300.0, 
            850.0, 
            900.0, 
            1300.0, 
            990.0, 
            2100.0, 
            2100.0, 
            1400.0, 
            2900.0, 
            2500.0, 
            2700.0, 
            1000.0, 
            900.0, 
            1450.0, 
            2970.0, 
            4500.0, 
            1500.0, 
            3500.0, 
            1500.0, 
            9000.0, 
            900.0, 
            680.0, 
            800.0, 
            1100.0, 
            800.0, 
            850.0, 
            2800.0, 
            2160.0, 
            1300.0, 
            1350.0, 
            2100.0, 
            1850.0, 
            800.0, 
            700.0, 
            2900.0, 
            2500.0, 
            700.0, 
            1600.0, 
            1300.0, 
            900.0, 
            2500.0, 
            2000.0, 
            1600.0, 
            730.0, 
            2700.0, 
            1100.0, 
            750.0, 
            800.0, 
            999.0, 
            700.0, 
            875.0, 
            920.0, 
            2800.0, 
            3500.0, 
            2295.0, 
            1600.0, 
            950.0, 
            1600.0, 
            3600.0, 
            2500.0, 
            900.0, 
            800.0, 
            1500.0, 
            3000.0, 
            1000.0, 
            750.0, 
            4900.0, 
            2100.0, 
            800.0, 
            2800.0, 
            1300.0, 
            2200.0, 
            1325.0, 
            620.0, 
            980.0, 
            2700.0, 
            750.0, 
            1800.0, 
            2000.0, 
            3450.0, 
            2565.0, 
            2200.0, 
            1550.0, 
            4100.0, 
            1700.0, 
            3700.0, 
            2500.0, 
            2700.0, 
            900.0, 
            825.0, 
            3000.0, 
            2500.0, 
            625.0, 
            1300.0, 
            1350.0, 
            1240.0, 
            4800.0, 
            1300.0, 
            3500.0, 
            750.0, 
            3105.0, 
            600.0, 
            3300.0, 
            2000.0, 
            1300.0, 
            1100.0, 
            3000.0, 
            750.0, 
            1800.0, 
            2500.0, 
            2500.0, 
            3900.0, 
            700.0, 
            950.0, 
            2950.0, 
            1350.0, 
            1100.0, 
            1700.0, 
            2000.0, 
            2565.0, 
            750.0, 
            1400.0, 
            780.0, 
            930.0, 
            1000.0, 
            850.0, 
            1900.0, 
            690.0, 
            880.0, 
            1485.0, 
            990.0, 
            940.0, 
            1000.0, 
            1750.0, 
            1750.0, 
            700.0, 
            1890.0, 
            4800.0, 
            750.0, 
            1450.0, 
            1400.0, 
            3800.0, 
            15000.0, 
            2000.0, 
            1200.0, 
            640.0, 
            2100.0, 
            2300.0, 
            1200.0, 
            750.0, 
            700.0, 
            1550.0, 
            950.0, 
            950.0, 
            1600.0, 
            2160.0, 
            1400.0, 
            2380.0, 
            2000.0, 
            1600.0, 
            1175.0, 
            2600.0, 
            1400.0, 
            2200.0, 
            940.0, 
            895.0, 
            3800.0, 
            1250.0, 
            1700.0, 
            2430.0, 
            1200.0, 
            700.0, 
            1750.0, 
            850.0, 
            2275.0, 
            630.0, 
            900.0, 
            1350.0, 
            900.0, 
            2700.0, 
            800.0, 
            650.0, 
            925.0, 
            1852.0, 
            1000.0, 
            575.0, 
            3400.0, 
            720.0, 
            2800.0, 
            1100.0, 
            950.0, 
            16000.0, 
            1600.0, 
            2500.0, 
            650.0, 
            3200.0, 
            2500.0, 
            1100.0, 
            2300.0, 
            750.0, 
            1200.0, 
            1200.0, 
            1000.0, 
            1600.0, 
            2000.0, 
            1400.0, 
            3800.0, 
            1600.0, 
            1000.0, 
            1300.0, 
            750.0, 
            900.0, 
            700.0, 
            1400.0, 
            660.0, 
            3000.0, 
            950.0, 
            1215.0, 
            500.0, 
            7500.0, 
            1200.0, 
            2695.0, 
            1090.0, 
            1300.0, 
            1200.0, 
            2300.0, 
            1700.0, 
            900.0, 
            950.0, 
            800.0, 
            1950.0, 
            1000.0, 
            2750.0, 
            800.0, 
            1550.0, 
            1700.0, 
            725.0, 
            4000.0, 
            1400.0, 
            7500.0, 
            1060.0, 
            1200.0, 
            1850.0, 
            1575.0, 
            1200.0, 
            2970.0, 
            5000.0, 
            900.0, 
            5500.0, 
            3950.0, 
            1850.0, 
            3250.0, 
            2700.0, 
            1600.0, 
            1800.0, 
            3375.0, 
            2400.0, 
            2650.0, 
            1250.0, 
            1700.0, 
            999.0, 
            800.0, 
            3900.0, 
            790.0, 
            4000.0, 
            3400.0, 
            1200.0, 
            1850.0, 
            870.0, 
            2600.0, 
            3400.0, 
            2750.0, 
            1300.0, 
            4300.0, 
            900.0, 
            900.0, 
            950.0, 
            750.0, 
            1050.0, 
            825.0, 
            925.0, 
            8000.0, 
            1200.0, 
            2970.0, 
            1150.0, 
            10000.0, 
            1250.0, 
            2500.0, 
            850.0, 
            2900.0, 
            630.0, 
            2600.0, 
            825.0, 
            1150.0, 
            660.0, 
            900.0, 
            640.0, 
            3500.0, 
            850.0, 
            2300.0, 
            630.0, 
            6000.0, 
            2200.0, 
            2750.0, 
            1800.0, 
            1400.0, 
            1250.0, 
            1500.0, 
            700.0, 
            2200.0, 
            4000.0, 
            1000.0, 
            1600.0, 
            1450.0, 
            950.0, 
            1290.0, 
            800.0, 
            710.0, 
            850.0, 
            7450.0, 
            1600.0, 
            1150.0, 
            650.0, 
            1100.0, 
            2700.0, 
            4500.0, 
            1300.0, 
            675.0, 
            1300.0, 
            1000.0, 
            1500.0, 
            790.0, 
            950.0, 
            5500.0, 
            2500.0, 
            2300.0, 
            2800.0, 
            6500.0, 
            4300.0, 
            1300.0, 
            1350.0, 
            800.0, 
            450.0, 
            1400.0, 
            6000.0, 
            2900.0, 
            2800.0, 
            3000.0, 
            800.0, 
            1350.0, 
            1800.0, 
            1100.0, 
            765.0, 
            750.0, 
            3500.0, 
            780.0, 
            1090.0, 
            2380.0, 
            1400.0, 
            2800.0, 
            3000.0, 
            1700.0, 
            2800.0, 
            750.0, 
            1800.0, 
            2250.0, 
            700.0, 
            1300.0, 
            500.0, 
            1250.0, 
            2100.0, 
            4950.0, 
            3000.0, 
            900.0, 
            950.0, 
            1000.0, 
            3000.0, 
            850.0, 
            2500.0, 
            1200.0, 
            1700.0, 
            1000.0, 
            1440.0, 
            2300.0, 
            2430.0, 
            1900.0, 
            1200.0, 
            1500.0, 
            1900.0, 
            4300.0, 
            915.0, 
            900.0, 
            2600.0, 
            8000.0, 
            2600.0, 
            1500.0, 
            2200.0, 
            1100.0, 
            1200.0, 
            1300.0, 
            2750.0, 
            2750.0, 
            1100.0, 
            1300.0, 
            1200.0, 
            1400.0, 
            3200.0, 
            1100.0, 
            1300.0, 
            1000.0, 
            1200.0, 
            1000.0, 
            2100.0, 
            1600.0, 
            950.0, 
            3700.0, 
            750.0, 
            2900.0, 
            620.0, 
            1500.0, 
            1050.0, 
            3200.0, 
            550.0, 
            800.0, 
            750.0, 
            1500.0, 
            1200.0, 
            1400.0, 
            3500.0, 
            1400.0, 
            850.0, 
            2295.0, 
            2300.0, 
            4700.0, 
            1000.0, 
            850.0, 
            1850.0, 
            3500.0, 
            800.0, 
            1850.0, 
            1250.0, 
            4500.0, 
            1050.0, 
            1100.0, 
            3000.0, 
            1200.0, 
            2650.0, 
            995.0, 
            2200.0, 
            2700.0, 
            3500.0, 
            1400.0, 
            1400.0, 
            3000.0, 
            1200.0, 
            2000.0, 
            1800.0, 
            850.0, 
            800.0, 
            1200.0, 
            600.0, 
            750.0, 
            1700.0, 
            1650.0, 
            1250.0, 
            1250.0, 
            4500.0, 
            1300.0, 
            1300.0, 
            750.0, 
            2500.0, 
            3900.0, 
            1195.0, 
            1200.0, 
            700.0, 
            1100.0, 
            6500.0, 
            950.0, 
            3149.0, 
            3500.0, 
            1150.0, 
            800.0, 
            900.0, 
            730.0, 
            2800.0, 
            1155.0, 
            1300.0, 
            900.0, 
            2430.0, 
            1550.0, 
            1200.0, 
            680.0, 
            850.0, 
            700.0, 
            600.0, 
            600.0, 
            2300.0, 
            975.0, 
            4000.0, 
            900.0, 
            915.0, 
            2500.0, 
            800.0, 
            700.0, 
            850.0, 
            900.0, 
            1400.0, 
            720.0, 
            1000.0, 
            7800.0, 
            1000.0, 
            815.0, 
            1700.0, 
            900.0, 
            1300.0, 
            800.0, 
            1550.0, 
            3000.0, 
            1200.0, 
            650.0, 
            700.0, 
            1700.0, 
            1150.0, 
            1590.0, 
            1100.0, 
            2300.0, 
            890.0, 
            1600.0, 
            1100.0, 
            1700.0, 
            900.0, 
            700.0, 
            2295.0, 
            950.0, 
            1150.0, 
            1450.0, 
            5000.0, 
            1500.0, 
            2200.0, 
            2500.0, 
            900.0, 
            830.0, 
            850.0, 
            725.0, 
            3500.0, 
            1500.0, 
            1600.0, 
            1700.0, 
            1650.0, 
            850.0, 
            1500.0, 
            850.0, 
            1300.0, 
            500.0, 
            1300.0, 
            1300.0, 
            1800.0, 
            1150.0, 
            1400.0, 
            675.0, 
            1100.0, 
            900.0, 
            2400.0, 
            3500.0, 
            1950.0, 
            1400.0, 
            1200.0, 
            855.0, 
            1550.0, 
            700.0, 
            3900.0, 
            725.0, 
            1190.0, 
            1250.0, 
            1200.0, 
            2495.0, 
            540.0, 
            2970.0, 
            5700.0
        ]
    }, 
    "processed_feature_names": [
        "Floor", 
        "Sq. Mt.", 
        "num_flagonly:Penthouse:not_missing", 
        "num_flagonly:Outer:not_missing", 
        "num_flagonly:Cottage:not_missing", 
        "dummy:Area:Chueca-Justicia", 
        "dummy:Area:Recoletos", 
        "dummy:Area:Castellana", 
        "dummy:Area:Almagro", 
        "dummy:Area:Goya", 
        "dummy:Area:Arguelles", 
        "dummy:Area:Cuatro Caminos", 
        "dummy:Area:Nuevos Ministerios-Rios Rosas", 
        "dummy:Area:Nueva Espana", 
        "dummy:Area:Bernabeu-Hispanoamerica", 
        "dummy:Area:Lavapies-Embajadores", 
        "dummy:Area:Palacio", 
        "dummy:Area:Malasana-Universidad", 
        "dummy:Area:El Viso", 
        "dummy:Area:Cuzco-Castillejos", 
        "dummy:Area:Arapiles", 
        "dummy:Area:Las Tablas", 
        "dummy:Area:Ibiza", 
        "dummy:Area:Huertas-Cortes", 
        "dummy:Area:Sol", 
        "dummy:Area:Prosperidad", 
        "dummy:Area:Sanchinarro", 
        "dummy:Area:Lista", 
        "dummy:Area:Trafalgar", 
        "dummy:Area:Vallehermoso", 
        "dummy:Area:Rejas", 
        "dummy:Area:Barajas", 
        "dummy:Area:Gaztambide", 
        "dummy:Area:Castilla", 
        "dummy:Area:Ciudad Jardin", 
        "dummy:Area:Guindalera", 
        "dummy:Area:San Diego", 
        "dummy:Area:San Isidro", 
        "dummy:Area:Ensanche de Vallecas - La Gavia", 
        "dummy:Area:Aravaca", 
        "dummy:Area:Valdemarin", 
        "dummy:Area:San Juan Bautista", 
        "dummy:Area:Montecarmelo", 
        "dummy:Area:Valdezarza", 
        "dummy:Area:Costillares", 
        "dummy:Area:Valdeacederas", 
        "dummy:Area:San Pascual", 
        "dummy:Area:Berruguete", 
        "dummy:Area:Concepcion", 
        "dummy:Area:Bellas Vistas", 
        "dummy:Area:Casco Historico de Vallecas", 
        "dummy:Area:Pinar del Rey", 
        "dummy:Area:Conde Orgaz-Piovera", 
        "dummy:Area:Delicias", 
        "dummy:Area:Jeronimos", 
        "dummy:Area:Ciudad Universitaria", 
        "dummy:Area:Valdebebas - Valdefuentes", 
        "dummy:Area:Ventilla-Almenara", 
        "dummy:Area:Acacias", 
        "dummy:Area:Pilar", 
        "dummy:Area:Pacifico", 
        "dummy:Area:Ni\u00f1o Jesus", 
        "dummy:Area:Fuente del Berro", 
        "dummy:Area:Numancia", 
        "dummy:Area:Penagrande", 
        "dummy:Area:Los Angeles", 
        "dummy:Area:Canillas", 
        "dummy:Area:Vista Alegre", 
        "dummy:Area:Ap\u00f3stol Santiago", 
        "dummy:Area:Quintana", 
        "dummy:Area:Simancas", 
        "dummy:Area:Pueblo Nuevo", 
        "dummy:Area:La Paz", 
        "dummy:Area:Aluche", 
        "dummy:Area:Palomas", 
        "dummy:Area:Palos de Moguer", 
        "dummy:Area:Almendrales", 
        "dummy:Area:Puerta Bonita", 
        "dummy:Area:Campamento", 
        "dummy:Area:Legazpi", 
        "dummy:Area:Puerta del Angel", 
        "dummy:Area:Imperial", 
        "dummy:Area:Tres Olivos - Valverde", 
        "dummy:Area:Estrella", 
        "dummy:Area:Colina", 
        "dummy:Area:Comillas", 
        "dummy:Area:Butarque", 
        "dummy:Area:Rosas", 
        "dummy:Area:Arcos", 
        "dummy:Area:Fuentelarreina", 
        "dummy:Area:Media Legua", 
        "dummy:Area:San Fermin", 
        "dummy:Area:San Andres", 
        "dummy:Area:Palomeras sureste", 
        "dummy:Area:Valdebernardo - Valderribas", 
        "dummy:Area:Salvador", 
        "dummy:Area:Abrantes", 
        "dummy:Area:Pau de Carabanchel", 
        "dummy:Area:Opanel", 
        "dummy:Area:Buena Vista", 
        "dummy:Area:Lucero", 
        "dummy:Area:Mirasierra", 
        "dummy:Area:Adelfas", 
        "dummy:Area:Manoteras", 
        "dummy:Area:Vinateros", 
        "dummy:Area:Atalaya", 
        "dummy:Area:N/A", 
        "dummy:Area:__Others__"
    ], 
    "regression_performance": {
        "max_error": 1615.3399999999992, 
        "median_error": -72.5, 
        "error_distribution": [
            {
                "count": 36, 
                "bin_max": -828.35800000000017, 
                "bin_id": 0, 
                "bin_min": -1102.5952200000002
            }, 
            {
                "count": 46, 
                "bin_max": -556.83600000000024, 
                "bin_id": 1, 
                "bin_min": -828.35800000000017
            }, 
            {
                "count": 113, 
                "bin_max": -285.31400000000031, 
                "bin_id": 2, 
                "bin_min": -556.83600000000024
            }, 
            {
                "count": 240, 
                "bin_max": -13.792000000000371, 
                "bin_id": 3, 
                "bin_min": -285.31400000000031
            }, 
            {
                "count": 186, 
                "bin_max": 257.72999999999956, 
                "bin_id": 4, 
                "bin_min": -13.792000000000371
            }, 
            {
                "count": 60, 
                "bin_max": 529.2519999999995, 
                "bin_id": 5, 
                "bin_min": 257.72999999999956
            }, 
            {
                "count": 26, 
                "bin_max": 800.77399999999943, 
                "bin_id": 6, 
                "bin_min": 529.2519999999995
            }, 
            {
                "count": 15, 
                "bin_max": 1072.2959999999994, 
                "bin_id": 7, 
                "bin_min": 800.77399999999943
            }, 
            {
                "count": 11, 
                "bin_max": 1343.8179999999993, 
                "bin_id": 8, 
                "bin_min": 1072.2959999999994
            }, 
            {
                "count": 21, 
                "bin_max": 1615.3399999999992, 
                "bin_id": 9, 
                "bin_min": 1343.8179999999993
            }
        ], 
        "min_error": -1099.8800000000001, 
        "average_error": -35.13082228116713, 
        "std_error": 499.36444278108513, 
        "p75_error": 151.0, 
        "p90_error": 518.4000000000001, 
        "p25_error": -290.5
    }
}