{
  "state": "DONE",
  "preSearchDescription": {
    "gridLength": 1,
    "importantParams": []
  },
  "postSearchDescription": {
    "importantParams": []
  },
  "sampleWeightsEnabled": false,
  "modelId": "m1",
  "progress": {
    "top_level_todo": [],
    "stack": [],
    "top_level_done": [
      {
        "name": "Loading train set",
        "time": 39
      },
      {
        "name": "Loading test set",
        "time": 23
      },
      {
        "name": "Collecting statistics",
        "time": 30
      },
      {
        "name": "Preprocessing train set",
        "time": 85
      },
      {
        "name": "Preprocessing test set",
        "time": 104
      },
      {
        "name": "Fitting model",
        "time": 74
      },
      {
        "name": "Saving model",
        "time": 2
      },
      {
        "name": "Scoring model",
        "time": 207
      }
    ]
  },
  "startTime": 1562034246887,
  "endTime": 1562034247455,
  "preprocessingTime": 284,
  "trainingTime": 284
}