{
    "per_feature": {
        "Penthouse": {
            "stats": {
                "std": 0.28783918762362604, 
                "p99": 1.0, 
                "min": 0.0, 
                "max": 1.0, 
                "average": 0.09107142857142857, 
                "median": 0.0
            }, 
            "missing_impute_with_value": 0.09107142857142857
        }, 
        "Outer": {
            "stats": {
                "std": 0.3657727925002573, 
                "p99": 1.0, 
                "min": 0.0, 
                "max": 1.0, 
                "average": 0.8410714285714286, 
                "median": 1.0
            }, 
            "missing_impute_with_value": 0.8410714285714286
        }, 
        "District": {
            "stats": {}
        }, 
        "Floor": {
            "stats": {
                "std": 2.969997642279998, 
                "p99": 14.0, 
                "min": -0.5, 
                "max": 29.0, 
                "average": 3.5357142857142856, 
                "median": 3.0
            }, 
            "missing_impute_with_value": 3.5357142857142856
        }, 
        "Duplex": {
            "stats": {}
        }, 
        "Bedrooms": {
            "stats": {}
        }, 
        "Elevator": {
            "stats": {}
        }, 
        "Semi-detached": {
            "stats": {}
        }, 
        "Rent": {
            "stats": {}
        }, 
        "Sq. Mt.": {
            "stats": {
                "std": 79.31157884170081, 
                "p99": 436.1999999999989, 
                "min": 15.0, 
                "max": 557.0, 
                "average": 113.07678571428572, 
                "median": 90.0
            }, 
            "missing_impute_with_value": 113.07678571428572
        }, 
        "Cottage": {
            "stats": {
                "std": 0.05170864522309691, 
                "p99": 0.0, 
                "min": 0.0, 
                "max": 1.0, 
                "average": 0.0026785714285714286, 
                "median": 0.0
            }, 
            "missing_impute_with_value": 0.0026785714285714286
        }, 
        "Area": {
            "stats": {
                "mostFrequentValue": "Chueca-Justicia", 
                "leastFrequentValue": "Gasometro"
            }, 
            "category_possible_counts": [
                55, 
                53, 
                41, 
                39, 
                34, 
                33, 
                27, 
                27, 
                27, 
                26, 
                25, 
                25, 
                22, 
                21, 
                21, 
                20, 
                19, 
                19, 
                18, 
                18, 
                17, 
                16, 
                16, 
                16, 
                14, 
                14, 
                13, 
                12, 
                12, 
                12, 
                12, 
                11, 
                11, 
                10, 
                10, 
                10, 
                10, 
                10, 
                10, 
                9, 
                9, 
                8, 
                8, 
                8, 
                8, 
                7, 
                7, 
                7, 
                7, 
                7, 
                7, 
                6, 
                6, 
                6, 
                6, 
                6, 
                6, 
                6, 
                5, 
                5, 
                5, 
                5, 
                5, 
                5, 
                5, 
                5, 
                5, 
                5, 
                5, 
                4, 
                4, 
                4, 
                4, 
                4, 
                4, 
                4, 
                4, 
                4, 
                3, 
                3, 
                3, 
                3, 
                3, 
                3, 
                3, 
                3, 
                3, 
                3, 
                3, 
                3, 
                3, 
                3, 
                3, 
                2, 
                2, 
                2, 
                2, 
                2, 
                2, 
                2, 
                2
            ], 
            "category_possible_values": [
                "Chueca-Justicia", 
                "Recoletos", 
                "Castellana", 
                "Almagro", 
                "Goya", 
                "Arguelles", 
                "Cuatro Caminos", 
                "Nuevos Ministerios-Rios Rosas", 
                "Nueva Espana", 
                "Bernabeu-Hispanoamerica", 
                "Lavapies-Embajadores", 
                "Palacio", 
                "Malasana-Universidad", 
                "El Viso", 
                "Cuzco-Castillejos", 
                "Arapiles", 
                "Las Tablas", 
                "Ibiza", 
                "Huertas-Cortes", 
                "Sol", 
                "Prosperidad", 
                "Sanchinarro", 
                "Lista", 
                "Trafalgar", 
                "Vallehermoso", 
                "Rejas", 
                "Barajas", 
                "Gaztambide", 
                "Castilla", 
                "Ciudad Jardin", 
                "Guindalera", 
                "San Diego", 
                "San Isidro", 
                "Ensanche de Vallecas - La Gavia", 
                "Aravaca", 
                "Valdemarin", 
                "San Juan Bautista", 
                "Montecarmelo", 
                "Valdezarza", 
                "Costillares", 
                "Valdeacederas", 
                "San Pascual", 
                "Berruguete", 
                "Concepcion", 
                "Bellas Vistas", 
                "Casco Historico de Vallecas", 
                "Pinar del Rey", 
                "Conde Orgaz-Piovera", 
                "Delicias", 
                "Jeronimos", 
                "Ciudad Universitaria", 
                "Valdebebas - Valdefuentes", 
                "Ventilla-Almenara", 
                "Acacias", 
                "Pilar", 
                "Pacifico", 
                "Ni\u00f1o Jesus", 
                "Fuente del Berro", 
                "Numancia", 
                "Penagrande", 
                "Los Angeles", 
                "Canillas", 
                "Vista Alegre", 
                "Ap\u00f3stol Santiago", 
                "Quintana", 
                "Simancas", 
                "Pueblo Nuevo", 
                "La Paz", 
                "Aluche", 
                "Palomas", 
                "Palos de Moguer", 
                "Almendrales", 
                "Puerta Bonita", 
                "Campamento", 
                "Legazpi", 
                "Puerta del Angel", 
                "Imperial", 
                "Tres Olivos - Valverde", 
                "Estrella", 
                "Colina", 
                "Comillas", 
                "Butarque", 
                "Rosas", 
                "Arcos", 
                "Fuentelarreina", 
                "Media Legua", 
                "San Fermin", 
                "San Andres", 
                "Palomeras sureste", 
                "Valdebernardo - Valderribas", 
                "Salvador", 
                "Abrantes", 
                "Pau de Carabanchel", 
                "Opanel", 
                "Buena Vista", 
                "Lucero", 
                "Mirasierra", 
                "Adelfas", 
                "Manoteras", 
                "Vinateros", 
                "Atalaya"
            ]
        }, 
        "Id": {
            "stats": {}
        }
    }, 
    "feature_order": [
        "Penthouse", 
        "Bedrooms", 
        "Outer", 
        "District", 
        "Floor", 
        "Duplex", 
        "Area", 
        "Elevator", 
        "Semi-detached", 
        "Rent", 
        "Sq. Mt.", 
        "Cottage", 
        "Id"
    ]
}