{
    "metrics": {
        "rmse": 1003477676832754.4, 
        "pearson": 0.012731763620864582, 
        "mae": 42442583501853.945, 
        "r2": -4.8637122279296569e+23, 
        "mape": 30316131072.696106, 
        "mse": 1.0069674479016618e+30, 
        "evs": -4.8550114904914954e+23, 
        "rmsle": 0
    }, 
    "scatterPlotData": {
        "y": [
            1988.0, 
            852.0, 
            1760.0, 
            2128.0, 
            3716.0, 
            1516.0, 
            1416.0, 
            1316.0, 
            1128.0, 
            1312.0, 
            2164.0, 
            816.0, 
            964.0, 
            980.0, 
            2392.0, 
            1256.0, 
            1608.0, 
            912.0, 
            2600.0, 
            216.0, 
            2056.0, 
            2340.0, 
            1556.0, 
            3064.0, 
            1076.0, 
            1336.0, 
            1488.0, 
            1720.0, 
            3284.0, 
            948.0, 
            1028.0, 
            5320.0, 
            752.0, 
            1076.0, 
            1668.0, 
            928.0, 
            3156.0, 
            3108.0, 
            1764.0, 
            2060.0, 
            3180.0, 
            884.0, 
            2992.0, 
            1188.0, 
            1260.0, 
            956.0, 
            1072.0, 
            616.0, 
            1260.0, 
            3332.0, 
            2632.0, 
            1360.0, 
            2492.0, 
            1252.0, 
            1044.0, 
            1308.0, 
            1916.0, 
            1532.0, 
            1488.0, 
            2644.0, 
            508.0, 
            1080.0, 
            508.0, 
            804.0, 
            2416.0, 
            892.0, 
            2028.0, 
            1392.0, 
            2332.0, 
            1688.0, 
            1256.0, 
            4512.0, 
            944.0, 
            4832.0, 
            1376.0, 
            1704.0, 
            6028.0, 
            2120.0, 
            3456.0, 
            1864.0, 
            628.0, 
            4028.0, 
            904.0, 
            4432.0, 
            3328.0, 
            944.0, 
            640.0, 
            1740.0, 
            1028.0, 
            380.0, 
            1136.0, 
            700.0, 
            2024.0, 
            -2.3725404177315136e+16, 
            1884.0, 
            1704.0, 
            1992.0, 
            2272.0, 
            1592.0, 
            1056.0, 
            680.0, 
            320.0, 
            3768.0, 
            4256.0, 
            1148.0, 
            528.0, 
            1332.0, 
            3944.0, 
            1524.0, 
            4608.0, 
            3544.0, 
            1032.0, 
            1084.0, 
            1440.0, 
            3364.0, 
            6496.0, 
            5744.0, 
            840.0, 
            532.0, 
            1024.0, 
            956.0, 
            556.0, 
            784.0, 
            632.0, 
            544.0, 
            1552.0, 
            1936.0, 
            3584.0, 
            1592.0, 
            600.0, 
            1336.0, 
            624.0, 
            988.0, 
            3148.0, 
            2188.0, 
            2812.0, 
            3060.0, 
            1076.0, 
            1432.0, 
            1480.0, 
            1508.0, 
            1880.0, 
            640.0, 
            1496.0, 
            3548.0, 
            2004.0, 
            2584.0, 
            892.0, 
            1756.0, 
            612.0, 
            3204.0, 
            1340.0, 
            2680.0, 
            2036.0, 
            1352.0, 
            1048.0, 
            1144.0, 
            900.0, 
            1884.0, 
            1784.0, 
            936.0, 
            1928.0, 
            2836.0, 
            3920.0, 
            2676.0, 
            1300.0, 
            1792.0, 
            988.0, 
            1344.0, 
            520.0, 
            2372.0, 
            924.0, 
            1000.0, 
            1152.0, 
            1828.0, 
            1256.0, 
            6680.0, 
            1076.0, 
            1192.0, 
            1140.0, 
            1952.0, 
            1564.0, 
            1092.0, 
            2380.0, 
            1260.0, 
            2668.0, 
            2368.0, 
            1600.0, 
            2380.0, 
            2376.0, 
            948.0, 
            972.0, 
            1444.0, 
            1436.0, 
            1112.0, 
            3224.0, 
            2900.0, 
            1272.0, 
            3256.0, 
            4068.0, 
            1424.0, 
            756.0, 
            1416.0, 
            1444.0, 
            1856.0, 
            1524.0, 
            1604.0, 
            820.0, 
            2192.0, 
            1464.0, 
            1500.0, 
            1728.0, 
            4048.0, 
            3108.0, 
            3048.0, 
            1132.0, 
            952.0, 
            1036.0, 
            1488.0, 
            1636.0, 
            1776.0, 
            768.0, 
            2420.0, 
            2124.0, 
            572.0, 
            1004.0, 
            1112.0, 
            604.0, 
            1980.0, 
            1432.0, 
            988.0, 
            1496.0, 
            1184.0, 
            2524.0, 
            904.0, 
            3356.0, 
            1020.0, 
            2208.0, 
            936.0, 
            2756.0, 
            1564.0, 
            2256.0, 
            3200.0, 
            1644.0, 
            2756.0, 
            1296.0, 
            936.0, 
            1556.0, 
            1092.0, 
            920.0, 
            1116.0, 
            2960.0, 
            1128.0, 
            1192.0, 
            2460.0, 
            1600.0, 
            3084.0, 
            2164.0, 
            2160.0, 
            2356.0, 
            1096.0, 
            4224.0, 
            3092.0, 
            2092.0, 
            828.0, 
            4588.0, 
            1000.0, 
            616.0, 
            1268.0, 
            1160.0, 
            1068.0, 
            968.0, 
            2320.0, 
            2040.0, 
            1364.0, 
            1648.0, 
            1024.0, 
            1360.0, 
            1344.0, 
            1708.0, 
            1784.0, 
            1608.0, 
            2732.0, 
            2588.0, 
            3696.0, 
            1796.0, 
            836.0, 
            844.0, 
            2340.0, 
            2328.0, 
            552.0, 
            1064.0, 
            1260.0, 
            1748.0, 
            1612.0, 
            1492.0, 
            1140.0, 
            816.0, 
            4132.0, 
            872.0, 
            884.0, 
            1628.0, 
            1812.0, 
            984.0, 
            908.0, 
            2556.0, 
            744.0, 
            676.0, 
            2704.0, 
            2196.0, 
            2384.0, 
            2476.0, 
            1444.0, 
            1252.0, 
            888.0, 
            780.0, 
            1656.0, 
            924.0, 
            2052.0, 
            4804.0, 
            1908.0, 
            868.0, 
            1920.0, 
            3404.0, 
            2824.0, 
            540.0, 
            1392.0, 
            1564.0, 
            780.0, 
            856.0, 
            1828.0, 
            1176.0, 
            976.0, 
            1000.0, 
            1252.0, 
            812.0, 
            808.0, 
            2532.0, 
            1432.0, 
            2408.0, 
            812.0, 
            5124.0, 
            1776.0, 
            960.0, 
            1476.0, 
            5356.0, 
            2452.0, 
            704.0, 
            1480.0, 
            2012.0, 
            1596.0, 
            1980.0, 
            1056.0, 
            768.0, 
            1116.0, 
            3052.0, 
            940.0, 
            2060.0, 
            1100.0, 
            3624.0, 
            3172.0, 
            2892.0, 
            688.0, 
            2072.0, 
            2868.0, 
            1324.0, 
            764.0, 
            4388.0, 
            1860.0, 
            1880.0, 
            1444.0, 
            3000.0, 
            1644.0, 
            992.0, 
            816.0, 
            400.0, 
            2028.0, 
            2524.0, 
            924.0, 
            928.0, 
            1828.0, 
            756.0, 
            1540.0, 
            1308.0, 
            1408.0, 
            2672.0, 
            4388.0, 
            920.0, 
            2756.0, 
            1724.0, 
            1028.0, 
            3032.0, 
            2808.0, 
            4320.0, 
            904.0, 
            860.0, 
            736.0, 
            1784.0, 
            700.0, 
            1472.0, 
            1148.0, 
            1912.0, 
            1744.0, 
            1116.0, 
            5084.0, 
            1280.0, 
            3840.0, 
            1560.0, 
            1724.0, 
            3612.0, 
            724.0, 
            1460.0, 
            1756.0, 
            1544.0, 
            2580.0, 
            1024.0, 
            852.0, 
            732.0, 
            2388.0, 
            1648.0, 
            1636.0, 
            1624.0, 
            816.0, 
            1780.0, 
            5204.0, 
            2328.0, 
            2232.0, 
            3780.0, 
            1440.0, 
            908.0, 
            544.0, 
            1548.0, 
            1076.0, 
            656.0, 
            1828.0, 
            600.0, 
            948.0, 
            880.0, 
            1560.0, 
            996.0, 
            2320.0, 
            2492.0, 
            660.0, 
            4296.0, 
            2832.0, 
            1104.0, 
            1208.0, 
            760.0, 
            1704.0, 
            3256.0, 
            2900.0, 
            4232.0, 
            636.0, 
            948.0, 
            1364.0, 
            468.0, 
            3188.0, 
            1976.0, 
            1568.0, 
            1772.0, 
            692.0, 
            844.0, 
            3100.0, 
            4236.0, 
            996.0, 
            864.0, 
            532.0, 
            3000.0, 
            1096.0, 
            1928.0, 
            2160.0, 
            964.0, 
            1236.0, 
            1056.0, 
            1072.0, 
            3392.0, 
            1264.0, 
            2496.0, 
            2492.0, 
            1564.0, 
            1264.0, 
            3172.0, 
            1048.0, 
            4400.0, 
            3044.0, 
            968.0, 
            1256.0, 
            2216.0, 
            1912.0, 
            588.0, 
            1148.0, 
            608.0, 
            2952.0, 
            1364.0, 
            2424.0, 
            1528.0, 
            1264.0, 
            1624.0, 
            1280.0, 
            1796.0, 
            3128.0, 
            2012.0, 
            2032.0, 
            1264.0, 
            1852.0, 
            2168.0, 
            800.0, 
            4828.0, 
            908.0, 
            1648.0, 
            944.0, 
            988.0, 
            2636.0, 
            1452.0, 
            1156.0, 
            7200.0, 
            6336.0, 
            1712.0, 
            2920.0, 
            664.0, 
            2864.0, 
            2924.0, 
            1936.0, 
            856.0, 
            2744.0, 
            2360.0, 
            1292.0, 
            592.0, 
            1688.0, 
            952.0, 
            2576.0, 
            944.0, 
            2620.0, 
            1532.0, 
            2260.0, 
            2300.0, 
            1600.0, 
            1016.0, 
            2896.0, 
            1568.0, 
            3656.0, 
            1400.0, 
            3888.0, 
            896.0, 
            1040.0, 
            880.0, 
            1528.0, 
            5376.0, 
            1616.0, 
            1056.0, 
            1956.0, 
            2156.0, 
            1124.0, 
            736.0, 
            1332.0, 
            676.0, 
            1552.0, 
            852.0, 
            2192.0
        ], 
        "x": [
            1700.0, 
            800.0, 
            1800.0, 
            1500.0, 
            3900.0, 
            1200.0, 
            975.0, 
            890.0, 
            950.0, 
            1200.0, 
            2000.0, 
            900.0, 
            1000.0, 
            980.0, 
            2800.0, 
            1100.0, 
            950.0, 
            750.0, 
            2200.0, 
            500.0, 
            3240.0, 
            3300.0, 
            1100.0, 
            2300.0, 
            1150.0, 
            900.0, 
            1400.0, 
            1700.0, 
            2950.0, 
            780.0, 
            1852.0, 
            8000.0, 
            900.0, 
            1100.0, 
            1300.0, 
            1000.0, 
            4320.0, 
            3500.0, 
            1000.0, 
            2100.0, 
            2300.0, 
            760.0, 
            3950.0, 
            700.0, 
            1250.0, 
            1190.0, 
            1100.0, 
            950.0, 
            1000.0, 
            4000.0, 
            2970.0, 
            850.0, 
            1800.0, 
            1300.0, 
            900.0, 
            1100.0, 
            1300.0, 
            1300.0, 
            1200.0, 
            2250.0, 
            750.0, 
            850.0, 
            650.0, 
            575.0, 
            2700.0, 
            850.0, 
            1500.0, 
            1200.0, 
            2495.0, 
            1300.0, 
            1300.0, 
            8000.0, 
            800.0, 
            5000.0, 
            1250.0, 
            1100.0, 
            6000.0, 
            2000.0, 
            3500.0, 
            1950.0, 
            950.0, 
            3800.0, 
            840.0, 
            4100.0, 
            4000.0, 
            995.0, 
            750.0, 
            1900.0, 
            1200.0, 
            700.0, 
            1300.0, 
            825.0, 
            2000.0, 
            1400.0, 
            1200.0, 
            1300.0, 
            950.0, 
            2250.0, 
            1200.0, 
            1250.0, 
            1060.0, 
            640.0, 
            3000.0, 
            3900.0, 
            1200.0, 
            650.0, 
            925.0, 
            5000.0, 
            1290.0, 
            3600.0, 
            2900.0, 
            850.0, 
            1100.0, 
            1400.0, 
            2650.0, 
            5500.0, 
            6500.0, 
            850.0, 
            650.0, 
            675.0, 
            550.0, 
            730.0, 
            675.0, 
            700.0, 
            700.0, 
            1150.0, 
            1500.0, 
            3300.0, 
            950.0, 
            790.0, 
            1250.0, 
            600.0, 
            915.0, 
            2900.0, 
            1950.0, 
            2800.0, 
            3500.0, 
            1300.0, 
            1200.0, 
            730.0, 
            1150.0, 
            1900.0, 
            700.0, 
            2295.0, 
            4700.0, 
            2000.0, 
            3200.0, 
            500.0, 
            1600.0, 
            720.0, 
            1600.0, 
            1300.0, 
            1600.0, 
            1600.0, 
            900.0, 
            750.0, 
            800.0, 
            750.0, 
            1400.0, 
            2500.0, 
            650.0, 
            1700.0, 
            2650.0, 
            3450.0, 
            2600.0, 
            700.0, 
            2000.0, 
            1175.0, 
            1100.0, 
            710.0, 
            2430.0, 
            680.0, 
            800.0, 
            765.0, 
            2970.0, 
            1550.0, 
            7500.0, 
            1050.0, 
            1000.0, 
            950.0, 
            1600.0, 
            1550.0, 
            900.0, 
            1500.0, 
            1090.0, 
            2750.0, 
            2500.0, 
            1600.0, 
            4500.0, 
            2400.0, 
            725.0, 
            900.0, 
            940.0, 
            850.0, 
            850.0, 
            3500.0, 
            2650.0, 
            1000.0, 
            2200.0, 
            2900.0, 
            1400.0, 
            800.0, 
            1090.0, 
            1150.0, 
            1590.0, 
            1450.0, 
            1400.0, 
            690.0, 
            1850.0, 
            1100.0, 
            1200.0, 
            1500.0, 
            4500.0, 
            2200.0, 
            2500.0, 
            900.0, 
            880.0, 
            1250.0, 
            1150.0, 
            940.0, 
            1400.0, 
            800.0, 
            2800.0, 
            1500.0, 
            700.0, 
            800.0, 
            1000.0, 
            775.0, 
            1700.0, 
            1200.0, 
            850.0, 
            1600.0, 
            1699.0, 
            2500.0, 
            1215.0, 
            3000.0, 
            1200.0, 
            2400.0, 
            950.0, 
            2500.0, 
            1400.0, 
            2300.0, 
            3500.0, 
            1400.0, 
            3000.0, 
            800.0, 
            900.0, 
            1200.0, 
            850.0, 
            1000.0, 
            950.0, 
            3300.0, 
            1200.0, 
            850.0, 
            2300.0, 
            2565.0, 
            3500.0, 
            2700.0, 
            1600.0, 
            1250.0, 
            1200.0, 
            3500.0, 
            2800.0, 
            2700.0, 
            700.0, 
            3500.0, 
            950.0, 
            900.0, 
            1200.0, 
            1250.0, 
            2430.0, 
            700.0, 
            1250.0, 
            1700.0, 
            1450.0, 
            2150.0, 
            900.0, 
            750.0, 
            1300.0, 
            1300.0, 
            1600.0, 
            1100.0, 
            3375.0, 
            2800.0, 
            3149.0, 
            1700.0, 
            800.0, 
            630.0, 
            2700.0, 
            2750.0, 
            725.0, 
            780.0, 
            600.0, 
            2100.0, 
            1800.0, 
            1325.0, 
            900.0, 
            700.0, 
            4300.0, 
            750.0, 
            1000.0, 
            1300.0, 
            1700.0, 
            900.0, 
            800.0, 
            2800.0, 
            750.0, 
            680.0, 
            1800.0, 
            1900.0, 
            1400.0, 
            1500.0, 
            1300.0, 
            1200.0, 
            925.0, 
            950.0, 
            2500.0, 
            855.0, 
            1450.0, 
            5700.0, 
            1600.0, 
            750.0, 
            1500.0, 
            3000.0, 
            2500.0, 
            725.0, 
            1450.0, 
            1800.0, 
            800.0, 
            630.0, 
            1800.0, 
            1200.0, 
            1050.0, 
            1000.0, 
            1300.0, 
            800.0, 
            1440.0, 
            1800.0, 
            950.0, 
            2250.0, 
            900.0, 
            4800.0, 
            2300.0, 
            750.0, 
            1200.0, 
            4300.0, 
            1600.0, 
            925.0, 
            2500.0, 
            2300.0, 
            1850.0, 
            2500.0, 
            1400.0, 
            725.0, 
            1200.0, 
            2900.0, 
            500.0, 
            2300.0, 
            800.0, 
            3700.0, 
            2800.0, 
            3900.0, 
            800.0, 
            2300.0, 
            2800.0, 
            1100.0, 
            870.0, 
            3500.0, 
            1800.0, 
            2295.0, 
            1100.0, 
            2000.0, 
            2200.0, 
            900.0, 
            800.0, 
            750.0, 
            4300.0, 
            2950.0, 
            1750.0, 
            749.0, 
            1300.0, 
            1000.0, 
            1250.0, 
            1200.0, 
            1250.0, 
            3200.0, 
            3400.0, 
            1195.0, 
            2750.0, 
            1850.0, 
            790.0, 
            4500.0, 
            2200.0, 
            4500.0, 
            999.0, 
            630.0, 
            830.0, 
            1400.0, 
            750.0, 
            1600.0, 
            950.0, 
            1500.0, 
            1300.0, 
            1100.0, 
            5500.0, 
            950.0, 
            4000.0, 
            1300.0, 
            1050.0, 
            4000.0, 
            1175.0, 
            920.0, 
            2200.0, 
            1300.0, 
            1100.0, 
            850.0, 
            850.0, 
            850.0, 
            2500.0, 
            1650.0, 
            1700.0, 
            1550.0, 
            700.0, 
            1500.0, 
            16000.0, 
            2400.0, 
            2160.0, 
            4500.0, 
            1350.0, 
            800.0, 
            660.0, 
            2200.0, 
            1300.0, 
            640.0, 
            1300.0, 
            750.0, 
            1250.0, 
            620.0, 
            1700.0, 
            1100.0, 
            2500.0, 
            2800.0, 
            750.0, 
            3600.0, 
            2800.0, 
            1000.0, 
            1150.0, 
            900.0, 
            2430.0, 
            4800.0, 
            2750.0, 
            3800.0, 
            750.0, 
            800.0, 
            850.0, 
            690.0, 
            3500.0, 
            1150.0, 
            1500.0, 
            1600.0, 
            775.0, 
            900.0, 
            2380.0, 
            5500.0, 
            800.0, 
            590.0, 
            700.0, 
            2700.0, 
            950.0, 
            1700.0, 
            1500.0, 
            950.0, 
            1000.0, 
            1400.0, 
            950.0, 
            3000.0, 
            825.0, 
            10000.0, 
            2400.0, 
            1500.0, 
            895.0, 
            4300.0, 
            800.0, 
            6000.0, 
            3800.0, 
            800.0, 
            1000.0, 
            1500.0, 
            1240.0, 
            850.0, 
            1350.0, 
            625.0, 
            2000.0, 
            1350.0, 
            2500.0, 
            1550.0, 
            1550.0, 
            2700.0, 
            1100.0, 
            3500.0, 
            3000.0, 
            1900.0, 
            1500.0, 
            600.0, 
            2100.0, 
            3105.0, 
            800.0, 
            3000.0, 
            650.0, 
            2295.0, 
            1000.0, 
            915.0, 
            2100.0, 
            1600.0, 
            900.0, 
            7450.0, 
            9000.0, 
            1350.0, 
            3500.0, 
            825.0, 
            2900.0, 
            2800.0, 
            3780.0, 
            750.0, 
            2600.0, 
            2200.0, 
            1000.0, 
            800.0, 
            3000.0, 
            975.0, 
            2600.0, 
            1250.0, 
            3000.0, 
            1800.0, 
            3105.0, 
            1575.0, 
            2160.0, 
            900.0, 
            3250.0, 
            2565.0, 
            4300.0, 
            1400.0, 
            3900.0, 
            750.0, 
            870.0, 
            1300.0, 
            975.0, 
            7500.0, 
            1350.0, 
            950.0, 
            1600.0, 
            2700.0, 
            900.0, 
            850.0, 
            1300.0, 
            850.0, 
            2295.0, 
            1100.0, 
            1700.0
        ]
    }, 
    "processed_feature_names": [
        "Cottage", 
        "Duplex", 
        "Elevator", 
        "Floor", 
        "Outer", 
        "Penthouse", 
        "Sq. Mt.", 
        "num_binarized:Penthouse:above:0.0", 
        "num_binarized:Outer:above:1.0", 
        "num_binarized:Duplex:above:0.0", 
        "num_binarized:Elevator:above:1.0", 
        "num_binarized:Cottage:above:0.0", 
        "dummy:District:Centro", 
        "dummy:District:Salamanca", 
        "dummy:District:Chamberi", 
        "dummy:District:Chamartin", 
        "dummy:District:Tetuan", 
        "dummy:District:Moncloa", 
        "dummy:District:N/A", 
        "dummy:Area:Chueca-Justicia", 
        "dummy:Area:Recoletos", 
        "dummy:Area:Almagro", 
        "dummy:Area:Castellana", 
        "dummy:Area:Goya", 
        "dummy:Area:Arguelles", 
        "dummy:Area:Cuatro Caminos", 
        "dummy:Area:Nueva Espana", 
        "dummy:Area:Bernabeu-Hispanoamerica", 
        "dummy:Area:Palacio", 
        "dummy:Area:Lavapies-Embajadores", 
        "dummy:Area:Malasana-Universidad", 
        "dummy:Area:Nuevos Ministerios-Rios Rosas", 
        "dummy:Area:El Viso", 
        "dummy:Area:Cuzco-Castillejos", 
        "dummy:Area:Arapiles", 
        "dummy:Area:Sol", 
        "dummy:Area:Sanchinarro", 
        "dummy:Area:Las Tablas", 
        "dummy:Area:Ibiza", 
        "dummy:Area:Lista", 
        "dummy:Area:Huertas-Cortes", 
        "dummy:Area:Trafalgar", 
        "dummy:Area:Prosperidad", 
        "dummy:Area:Castilla", 
        "dummy:Area:Barajas", 
        "dummy:Area:Rejas", 
        "dummy:Area:Vallehermoso", 
        "dummy:Area:Ciudad Jardin", 
        "dummy:Area:Aravaca", 
        "dummy:Area:San Juan Bautista", 
        "dummy:Area:San Diego", 
        "dummy:Area:Gaztambide", 
        "dummy:Area:Guindalera", 
        "dummy:Area:Valdemarin", 
        "dummy:Area:San Isidro", 
        "dummy:Area:Valdeacederas", 
        "dummy:Area:Acacias", 
        "dummy:Area:Ensanche de Vallecas - La Gavia", 
        "dummy:Area:Valdezarza", 
        "dummy:Area:Montecarmelo", 
        "dummy:Area:Concepcion", 
        "dummy:Area:Ciudad Universitaria", 
        "dummy:Area:Costillares", 
        "dummy:Area:Bellas Vistas", 
        "dummy:Area:Conde Orgaz-Piovera", 
        "dummy:Area:Jeronimos", 
        "dummy:Area:Berruguete", 
        "dummy:Area:Delicias", 
        "dummy:Area:La Paz", 
        "dummy:Area:Numancia", 
        "dummy:Area:San Pascual", 
        "dummy:Area:Casco Historico de Vallecas", 
        "dummy:Area:Valdebebas - Valdefuentes", 
        "dummy:Area:Simancas", 
        "dummy:Area:Pacifico", 
        "dummy:Area:Pinar del Rey", 
        "dummy:Area:Ni\u00f1o Jesus", 
        "dummy:Area:Ventilla-Almenara", 
        "dummy:Area:Penagrande", 
        "dummy:Area:Pilar", 
        "dummy:Area:Vista Alegre", 
        "dummy:Area:Fuente del Berro", 
        "dummy:Area:Quintana", 
        "dummy:Area:Puerta Bonita", 
        "dummy:Area:Aluche", 
        "dummy:Area:Campamento", 
        "dummy:Area:Imperial", 
        "dummy:Area:Canillas", 
        "dummy:Area:Ap\u00f3stol Santiago", 
        "dummy:Area:Legazpi", 
        "dummy:Area:Puerta del Angel", 
        "dummy:Area:Pueblo Nuevo", 
        "dummy:Area:Palomas", 
        "dummy:Area:Los Angeles", 
        "dummy:Area:Media Legua", 
        "dummy:Area:Salvador", 
        "dummy:Area:Colina", 
        "dummy:Area:Tres Olivos - Valverde", 
        "dummy:Area:Palos de Moguer", 
        "dummy:Area:Almendrales", 
        "dummy:Area:Palomeras sureste", 
        "dummy:Area:Butarque", 
        "dummy:Area:Abrantes", 
        "dummy:Area:Comillas", 
        "dummy:Area:Adelfas", 
        "dummy:Area:Arroyo del Fresno", 
        "dummy:Area:Fuentelarreina", 
        "dummy:Area:Arcos", 
        "dummy:Area:San Andres", 
        "dummy:Area:Mirasierra", 
        "dummy:Area:Atalaya", 
        "dummy:Area:Valdebernardo - Valderribas", 
        "dummy:Area:Pau de Carabanchel", 
        "dummy:Area:Buena Vista", 
        "dummy:Area:San Fermin", 
        "dummy:Area:Opanel", 
        "dummy:Area:Estrella", 
        "dummy:Area:Rosas", 
        "dummy:Area:Palomeras Bajas", 
        "dummy:Area:Zofao", 
        "dummy:Area:N/A", 
        "dummy:Area:__Others__"
    ], 
    "regression_performance": {
        "max_error": 1591.0400000000018, 
        "median_error": -64.0, 
        "error_distribution": [
            {
                "count": 29, 
                "bin_max": -746.94399999999973, 
                "bin_id": 0, 
                "bin_min": -1009.3177599999999
            }, 
            {
                "count": 44, 
                "bin_max": -487.16799999999955, 
                "bin_id": 1, 
                "bin_min": -746.94399999999973
            }, 
            {
                "count": 112, 
                "bin_max": -227.39199999999937, 
                "bin_id": 2, 
                "bin_min": -487.16799999999955
            }, 
            {
                "count": 154, 
                "bin_max": 32.38400000000081, 
                "bin_id": 3, 
                "bin_min": -227.39199999999937
            }, 
            {
                "count": 122, 
                "bin_max": 292.16000000000111, 
                "bin_id": 4, 
                "bin_min": 32.38400000000081
            }, 
            {
                "count": 42, 
                "bin_max": 551.93600000000117, 
                "bin_id": 5, 
                "bin_min": 292.16000000000111
            }, 
            {
                "count": 19, 
                "bin_max": 811.71200000000124, 
                "bin_id": 6, 
                "bin_min": 551.93600000000117
            }, 
            {
                "count": 14, 
                "bin_max": 1071.4880000000016, 
                "bin_id": 7, 
                "bin_min": 811.71200000000124
            }, 
            {
                "count": 8, 
                "bin_max": 1331.2640000000019, 
                "bin_id": 8, 
                "bin_min": 1071.4880000000016
            }, 
            {
                "count": 15, 
                "bin_max": 1591.0400000000018, 
                "bin_id": 9, 
                "bin_min": 1331.2640000000019
            }
        ], 
        "min_error": -1006.7199999999999, 
        "average_error": -20.58525939177098, 
        "std_error": 491.6981189257134, 
        "p75_error": 174.0, 
        "p90_error": 546.3999999999999, 
        "p25_error": -289.0
    }
}