{
  "state": "DONE",
  "preSearchDescription": {
    "gridLength": 1,
    "importantParams": []
  },
  "postSearchDescription": {
    "importantParams": []
  },
  "sampleWeightsEnabled": false,
  "modelId": "m1",
  "progress": {
    "top_level_todo": [],
    "stack": [],
    "top_level_done": [
      {
        "name": "Loading train set",
        "time": 38
      },
      {
        "name": "Loading test set",
        "time": 10
      },
      {
        "name": "Collecting statistics",
        "time": 64
      },
      {
        "name": "Preprocessing train set",
        "time": 91
      },
      {
        "name": "Preprocessing test set",
        "time": 93
      },
      {
        "name": "Fitting model",
        "time": 138
      },
      {
        "name": "Saving model",
        "time": 3
      },
      {
        "name": "Scoring model",
        "time": 251
      }
    ]
  },
  "startTime": 1562030134204,
  "endTime": 1562030134899,
  "preprocessingTime": 302,
  "trainingTime": 393
}