{
    "metrics": {
        "rmse": 835.5619551692178, 
        "pearson": 0.83041871651775456, 
        "mae": 441.21580371195284, 
        "r2": 0.67897152986233522, 
        "mape": 0.25039393872922605, 
        "mse": 698163.78092620592, 
        "evs": 0.67911852345996682, 
        "rmsle": 0.29983685687311945
    }, 
    "scatterPlotData": {
        "y": [
            951.5124, 
            1307.0625, 
            4565.2836, 
            1213.8112, 
            6122.5921, 
            900.8073, 
            1148.5548, 
            1323.4386, 
            1009.8767, 
            1325.2399, 
            2116.2184, 
            1695.5694, 
            953.475, 
            900.8073, 
            960.3328, 
            1099.1911, 
            1127.8197, 
            3057.7443, 
            3086.4181, 
            1213.8112, 
            2704.7167, 
            1325.2399, 
            984.4679, 
            4210.5637, 
            1257.4768, 
            1012.2478, 
            952.1549, 
            1800.0416, 
            2383.7264, 
            3214.8002, 
            2635.8288, 
            2750.057, 
            1900.4308, 
            1958.553, 
            1150.1639, 
            1938.8214, 
            1211.7012, 
            1148.5548, 
            1574.8837, 
            1099.1911, 
            1949.4149, 
            1335.5249, 
            907.3962, 
            1912.8715, 
            1423.0989, 
            1302.6124, 
            1964.0387, 
            2046.0011, 
            1315.5295, 
            1359.6173, 
            2411.4394, 
            1155.4344, 
            1993.6363, 
            1275.6851, 
            1062.4195, 
            1798.1726, 
            1210.1733, 
            2877.3848, 
            1171.0423, 
            1184.1723, 
            2610.5408, 
            935.1562, 
            1201.317, 
            1303.4819, 
            2444.2878, 
            4322.4766, 
            2116.2184, 
            1279.6677, 
            3503.0045, 
            1265.7221, 
            1259.4411, 
            1324.6659, 
            1816.7656, 
            3107.52, 
            1849.3697, 
            856.1728, 
            2723.3736, 
            3202.5417, 
            3300.6307, 
            1708.2351, 
            1325.6768, 
            1895.694, 
            900.8073, 
            1645.3179, 
            1211.6563, 
            1161.1675, 
            1012.3077, 
            1027.0215, 
            6880.2117, 
            1184.9698, 
            1797.0, 
            2395.946, 
            2736.659, 
            1906.941, 
            1271.4505, 
            1035.9619, 
            1084.0202, 
            1002.9203, 
            3461.8886, 
            1106.2997, 
            1062.4195, 
            890.2963, 
            1323.4386, 
            1314.899, 
            4484.7332, 
            1276.259, 
            1175.9959, 
            2080.8, 
            2006.1396, 
            1211.6563, 
            3387.865, 
            893.472, 
            1175.9959, 
            1144.2023, 
            1177.8235, 
            1762.0498, 
            1577.639, 
            1288.8323, 
            1276.259, 
            1848.288, 
            1065.473, 
            2007.2426, 
            5098.7564, 
            1334.6678, 
            1067.2873, 
            1062.4195, 
            1158.999, 
            3937.3933, 
            1644.3472, 
            2575.635, 
            2790.0883, 
            1279.6677, 
            6828.9305, 
            1155.0024, 
            1421.5189, 
            3179.9909, 
            1213.8112, 
            915.0675, 
            1328.6485, 
            822.3761, 
            2233.7227, 
            1809.4329, 
            2957.0396, 
            4159.4342, 
            2049.903, 
            1654.1122, 
            2560.4614, 
            2116.2184, 
            1777.0713, 
            998.2518, 
            2776.6399, 
            1122.7913, 
            1371.5296, 
            1090.791, 
            1325.2399, 
            1242.7958, 
            2321.4399, 
            1314.899, 
            1085.6103, 
            1168.4817, 
            1213.8112, 
            1843.7345, 
            1213.8112, 
            3042.8616, 
            1915.002, 
            1303.0799, 
            1014.8647, 
            1334.1403, 
            859.9635, 
            935.1562, 
            3050.0276, 
            3570.7958, 
            870.8571, 
            1148.5548, 
            1202.3788, 
            1048.1849, 
            1067.2873, 
            1148.5548, 
            1175.9378, 
            1213.8112, 
            2253.6614, 
            3407.3168, 
            1277.9005, 
            4091.6919, 
            3348.4361, 
            1055.4985, 
            896.0707, 
            892.6417, 
            1150.1639, 
            1918.075, 
            4784.1211, 
            1874.5911, 
            4317.1786, 
            1784.4652, 
            6779.0352, 
            1366.2744, 
            925.7143, 
            1144.2023, 
            1148.5548, 
            944.3072, 
            841.3674, 
            3054.4687, 
            1415.963, 
            1276.5147, 
            1155.4344, 
            2163.921, 
            1644.3198, 
            995.9668, 
            1152.4779, 
            4181.7495, 
            2824.0467, 
            1011.9235, 
            2528.2177, 
            1175.9378, 
            1146.095, 
            2451.9296, 
            2477.5188, 
            2843.5524, 
            1018.8446, 
            1444.34, 
            1876.7679, 
            862.8775, 
            953.475, 
            1480.875, 
            1133.6301, 
            1090.791, 
            1168.5398, 
            3537.0786, 
            4051.0613, 
            1415.4898, 
            2027.8986, 
            1180.9484, 
            2027.8986, 
            4308.0927, 
            1895.694, 
            1176.8321, 
            934.8844, 
            1648.6904, 
            3698.9498, 
            1211.2664, 
            1009.1743, 
            5657.2024, 
            2712.3357, 
            951.5124, 
            2129.2788, 
            1325.6768, 
            2470.1983, 
            1175.9378, 
            935.1562, 
            995.9668, 
            2113.5112, 
            935.1562, 
            1210.5632, 
            2887.9593, 
            3054.4687, 
            1215.8134, 
            1923.5669, 
            1345.9374, 
            3786.8236, 
            2082.6133, 
            3950.0898, 
            3288.2669, 
            2585.0026, 
            1191.4357, 
            1000.0098, 
            3450.6028, 
            2982.1641, 
            934.8844, 
            1370.1568, 
            1337.1207, 
            1334.1403, 
            3517.8818, 
            1333.3555, 
            3214.8002, 
            1038.0369, 
            1931.49, 
            789.2335, 
            2925.2734, 
            1602.1895, 
            1337.1207, 
            1176.1322, 
            2511.0559, 
            1139.6206, 
            1440.8188, 
            2411.346, 
            1833.488, 
            3818.6839, 
            1325.2399, 
            856.1728, 
            3331.1079, 
            1808.7577, 
            1313.0978, 
            1892.2583, 
            1828.8287, 
            1912.7922, 
            1083.9971, 
            1230.2702, 
            1366.5763, 
            1314.432, 
            1471.7524, 
            998.2518, 
            1986.8597, 
            1058.9962, 
            1020.8051, 
            1798.1726, 
            900.8073, 
            1189.3223, 
            1210.5632, 
            2408.2359, 
            1212.7181, 
            1067.2873, 
            993.9725, 
            4785.1501, 
            843.8951, 
            1931.6658, 
            1889.9505, 
            4210.5637, 
            6812.2119, 
            1318.6789, 
            1695.5694, 
            1148.5548, 
            2991.7078, 
            2557.7809, 
            1779.3867, 
            816.1493, 
            935.1562, 
            1167.8176, 
            1203.3521, 
            1269.0087, 
            2083.1134, 
            1211.2664, 
            1520.8451, 
            2777.7985, 
            2310.4028, 
            1854.9397, 
            1213.8112, 
            2734.9576, 
            1885.3204, 
            2417.5148, 
            1251.0325, 
            1394.3443, 
            3126.1475, 
            1325.6768, 
            1415.4898, 
            1031.0182, 
            1450.9405, 
            811.6025, 
            1836.3696, 
            1035.9619, 
            2399.0561, 
            896.0707, 
            1213.8112, 
            1343.4167, 
            1237.7853, 
            2253.5776, 
            1150.1639, 
            913.9595, 
            860.7185, 
            1090.2458, 
            935.1562, 
            867.4665, 
            3207.542, 
            1000.0098, 
            3082.509, 
            859.9635, 
            1189.2878, 
            4766.2948, 
            1213.8112, 
            2652.9534, 
            1002.9203, 
            2415.1716, 
            1448.8688, 
            1184.1723, 
            2002.9228, 
            935.1562, 
            1776.1515, 
            1776.1515, 
            1249.0394, 
            1332.2733, 
            1796.9535, 
            1158.9408, 
            4703.8392, 
            1213.8112, 
            1340.4705, 
            1018.8446, 
            817.6034, 
            1213.8112, 
            878.073, 
            1265.3469, 
            997.0539, 
            3569.8402, 
            1177.8235, 
            802.4679, 
            892.2432, 
            3870.2571, 
            913.9595, 
            1150.1639, 
            1018.8446, 
            1155.0024, 
            1335.4644, 
            2736.659, 
            1335.4644, 
            954.1636, 
            1202.4488, 
            1018.8446, 
            1754.8842, 
            1789.5857, 
            2057.7287, 
            935.1562, 
            1912.8715, 
            2415.1716, 
            893.472, 
            3581.9586, 
            1144.2023, 
            5135.7672, 
            1066.9949, 
            1000.4788, 
            1334.1403, 
            1879.3201, 
            2090.1567, 
            1575.3169, 
            4754.0103, 
            911.5062, 
            6193.7936, 
            2331.5701, 
            1828.8287, 
            2110.3307, 
            2475.0286, 
            2538.6181, 
            1990.4785, 
            2444.2878, 
            2411.346, 
            3418.0114, 
            1004.604, 
            2007.2426, 
            768.6917, 
            811.6025, 
            3712.6895, 
            1069.3827, 
            3666.7755, 
            3632.5872, 
            1023.6053, 
            1826.6339, 
            1052.4762, 
            2419.8302, 
            2567.7836, 
            2581.7866, 
            1769.4084, 
            4874.4014, 
            1330.8112, 
            913.9595, 
            1192.9897, 
            799.1553, 
            1168.4817, 
            984.4679, 
            1042.484, 
            4266.7618, 
            1276.259, 
            1806.8041, 
            1144.2023, 
            2592.0165, 
            1025.3589, 
            1919.5925, 
            865.9978, 
            3383.402, 
            940.3048, 
            3321.5375, 
            913.9595, 
            1150.1639, 
            1049.6033, 
            1221.1002, 
            918.6163, 
            3896.8343, 
            946.6037, 
            2592.0165, 
            1126.6458, 
            6044.7113, 
            1345.6456, 
            2343.909, 
            1599.6954, 
            1306.0998, 
            1175.9378, 
            1271.4505, 
            913.9595, 
            2991.7078, 
            3206.9638, 
            1230.2725, 
            1352.2078, 
            1337.1207, 
            1066.9949, 
            1047.0488, 
            1175.9378, 
            895.256, 
            1062.4195, 
            6957.2742, 
            1695.5694, 
            1835.7672, 
            935.1562, 
            1257.4768, 
            1892.7437, 
            3442.92, 
            1895.6405, 
            1108.3948, 
            883.845, 
            1776.4936, 
            1874.5758, 
            1210.1733, 
            893.472, 
            5655.3134, 
            2024.1419, 
            3086.4181, 
            2736.659, 
            4800.9565, 
            1572.4891, 
            1982.0727, 
            1828.8287, 
            978.0458, 
            856.1728, 
            888.9044, 
            5433.0649, 
            3388.7687, 
            2967.9702, 
            3387.037, 
            1012.2478, 
            1328.4915, 
            1373.1235, 
            1779.3867, 
            1062.4195, 
            882.3239, 
            3258.306, 
            1002.9203, 
            1323.4386, 
            2663.4179, 
            1196.9237, 
            2484.9666, 
            4831.7647, 
            1834.7986, 
            3054.4687, 
            1158.999, 
            1442.0292, 
            1644.3472, 
            1000.0098, 
            1739.1165, 
            726.475, 
            906.9931, 
            2584.7601, 
            4137.0724, 
            3078.8379, 
            1014.5927, 
            1150.1639, 
            1144.2023, 
            3097.8657, 
            966.7601, 
            1885.3204, 
            978.0458, 
            1886.6494, 
            1310.4711, 
            853.5511, 
            2143.2173, 
            1985.6915, 
            3054.4687, 
            1168.4817, 
            1781.7199, 
            1911.9138, 
            3451.0983, 
            1301.4466, 
            1063.864, 
            2762.3739, 
            3686.2512, 
            2925.2734, 
            1657.7292, 
            1372.462, 
            1048.2525, 
            1754.1503, 
            1370.1568, 
            2158.105, 
            2127.0265, 
            1345.6456, 
            1337.1207, 
            1754.8842, 
            1243.3937, 
            3262.7523, 
            1000.0098, 
            1144.2023, 
            1210.5632, 
            1298.4852, 
            1199.4323, 
            1652.801, 
            1895.694, 
            1060.8037, 
            4035.1286, 
            940.3048, 
            4167.817, 
            1071.5935, 
            1797.0477, 
            1328.4915, 
            1886.6494, 
            991.7886, 
            1155.0024, 
            891.5227, 
            1919.9774, 
            1151.8579, 
            1415.4898, 
            3679.5205, 
            2113.6659, 
            1356.0368, 
            1050.7123, 
            2924.9279, 
            3640.0915, 
            1325.2399, 
            875.6528, 
            1339.6133, 
            3207.542, 
            998.2518, 
            1938.8214, 
            1771.9233, 
            2012.6857, 
            1155.4344, 
            1211.2664, 
            3233.7017, 
            1839.8936, 
            2921.2912, 
            1239.2935, 
            1846.6338, 
            1826.6339, 
            2921.3654, 
            2297.4915, 
            1303.6468, 
            3086.4181, 
            1099.1911, 
            3232.1634, 
            2399.0561, 
            1246.9638, 
            1000.0098, 
            1350.173, 
            811.6025, 
            882.961, 
            1798.1726, 
            1345.6456, 
            1739.1165, 
            902.6046, 
            3871.6689, 
            1784.4652, 
            998.2518, 
            1126.2107, 
            2707.8138, 
            3054.4687, 
            1239.2935, 
            1650.7828, 
            913.9595, 
            995.9668, 
            3624.1329, 
            893.472, 
            3126.1475, 
            2944.3711, 
            1405.2413, 
            1373.5654, 
            824.3947, 
            825.6204, 
            3107.52, 
            1144.2023, 
            1329.7558, 
            882.6277, 
            1367.4244, 
            1326.8472, 
            1575.3169, 
            1144.2023, 
            954.1636, 
            1197.8534, 
            985.7184, 
            853.5511, 
            2006.1396, 
            1069.8544, 
            3387.865, 
            1175.9378, 
            1059.0137, 
            3054.4687, 
            1178.8593, 
            1152.4972, 
            1067.2873, 
            1882.1524, 
            1310.4711, 
            998.2518, 
            1188.2002, 
            4812.1641, 
            954.1636, 
            1056.4227, 
            1324.6835, 
            1202.4424, 
            1213.8112, 
            1175.9901, 
            2009.9016, 
            3233.7017, 
            1337.1207, 
            1023.1496, 
            953.475, 
            1334.4962, 
            995.3266, 
            1985.0376, 
            1152.3321, 
            1772.945, 
            900.8009, 
            1776.1515, 
            1062.4195, 
            2476.0859, 
            1010.7586, 
            1176.1322, 
            1359.6173, 
            882.3239, 
            1394.3443, 
            1980.0359, 
            4022.4099, 
            1639.064, 
            3062.5659, 
            3144.2485, 
            1108.3948, 
            953.475, 
            1002.9203, 
            998.2518, 
            1724.1912, 
            2134.1423, 
            1373.8134, 
            2173.4444, 
            1563.5679, 
            1326.8472, 
            1912.8715, 
            954.1636, 
            1337.1207, 
            900.8854, 
            1722.0299, 
            1815.4874, 
            3058.2724, 
            1164.9221, 
            1761.4764, 
            947.4694, 
            1306.0998, 
            1108.324, 
            1885.3204, 
            1854.9397, 
            2023.8589, 
            1731.4518, 
            1606.4958, 
            1237.6652, 
            1845.2683, 
            931.5949, 
            3790.9232, 
            925.7143, 
            1175.9959, 
            1807.534, 
            931.5949, 
            1911.3385, 
            854.9076, 
            1938.8214, 
            4637.595
        ], 
        "x": [
            950.0, 
            1350.0, 
            3690.0, 
            1450.0, 
            5000.0, 
            1000.0, 
            900.0, 
            3000.0, 
            800.0, 
            800.0, 
            2800.0, 
            1400.0, 
            850.0, 
            850.0, 
            700.0, 
            650.0, 
            1100.0, 
            3500.0, 
            4300.0, 
            1250.0, 
            2900.0, 
            1300.0, 
            900.0, 
            3800.0, 
            1150.0, 
            800.0, 
            1200.0, 
            2565.0, 
            2400.0, 
            3500.0, 
            2650.0, 
            3300.0, 
            1250.0, 
            2300.0, 
            1300.0, 
            1800.0, 
            1190.0, 
            1200.0, 
            1400.0, 
            1100.0, 
            4725.0, 
            800.0, 
            725.0, 
            1475.0, 
            1400.0, 
            950.0, 
            3105.0, 
            2200.0, 
            1300.0, 
            1400.0, 
            2250.0, 
            650.0, 
            1800.0, 
            1250.0, 
            1450.0, 
            1300.0, 
            1300.0, 
            2800.0, 
            800.0, 
            1100.0, 
            2600.0, 
            800.0, 
            840.0, 
            950.0, 
            1800.0, 
            5373.0, 
            2400.0, 
            750.0, 
            4500.0, 
            1300.0, 
            1300.0, 
            900.0, 
            2295.0, 
            2900.0, 
            1250.0, 
            800.0, 
            2800.0, 
            2950.0, 
            3500.0, 
            2000.0, 
            1250.0, 
            1500.0, 
            775.0, 
            3240.0, 
            1699.0, 
            775.0, 
            875.0, 
            950.0, 
            7500.0, 
            690.0, 
            2700.0, 
            2400.0, 
            2500.0, 
            1500.0, 
            850.0, 
            1100.0, 
            680.0, 
            750.0, 
            3500.0, 
            1600.0, 
            975.0, 
            1175.0, 
            1500.0, 
            1100.0, 
            5500.0, 
            995.0, 
            695.0, 
            1600.0, 
            2100.0, 
            2750.0, 
            3300.0, 
            1100.0, 
            950.0, 
            1200.0, 
            1300.0, 
            2300.0, 
            1750.0, 
            790.0, 
            900.0, 
            1900.0, 
            720.0, 
            1550.0, 
            4300.0, 
            1250.0, 
            1100.0, 
            870.0, 
            775.0, 
            3600.0, 
            2100.0, 
            2500.0, 
            3000.0, 
            760.0, 
            7500.0, 
            1200.0, 
            2150.0, 
            3200.0, 
            800.0, 
            590.0, 
            875.0, 
            700.0, 
            1700.0, 
            1350.0, 
            2500.0, 
            4500.0, 
            3780.0, 
            1400.0, 
            1900.0, 
            1500.0, 
            2500.0, 
            800.0, 
            4320.0, 
            900.0, 
            1300.0, 
            950.0, 
            1000.0, 
            950.0, 
            2600.0, 
            1200.0, 
            800.0, 
            1050.0, 
            1200.0, 
            1500.0, 
            2500.0, 
            1500.0, 
            2200.0, 
            749.0, 
            950.0, 
            975.0, 
            750.0, 
            925.0, 
            2950.0, 
            2250.0, 
            1000.0, 
            1100.0, 
            800.0, 
            1300.0, 
            850.0, 
            900.0, 
            1300.0, 
            990.0, 
            2100.0, 
            2100.0, 
            1400.0, 
            2900.0, 
            2500.0, 
            2700.0, 
            1000.0, 
            900.0, 
            1450.0, 
            2970.0, 
            4500.0, 
            1500.0, 
            3500.0, 
            1500.0, 
            9000.0, 
            900.0, 
            680.0, 
            800.0, 
            1100.0, 
            800.0, 
            850.0, 
            2800.0, 
            2160.0, 
            1300.0, 
            1350.0, 
            2100.0, 
            1850.0, 
            800.0, 
            700.0, 
            2900.0, 
            2500.0, 
            700.0, 
            1600.0, 
            1300.0, 
            900.0, 
            2500.0, 
            2000.0, 
            1600.0, 
            730.0, 
            2700.0, 
            1100.0, 
            750.0, 
            800.0, 
            999.0, 
            700.0, 
            875.0, 
            920.0, 
            2800.0, 
            3500.0, 
            2295.0, 
            1600.0, 
            950.0, 
            1600.0, 
            3600.0, 
            2500.0, 
            900.0, 
            800.0, 
            1500.0, 
            3000.0, 
            1000.0, 
            750.0, 
            4900.0, 
            2100.0, 
            800.0, 
            2800.0, 
            1300.0, 
            2200.0, 
            1325.0, 
            620.0, 
            980.0, 
            2700.0, 
            750.0, 
            1800.0, 
            2000.0, 
            3450.0, 
            2565.0, 
            2200.0, 
            1550.0, 
            4100.0, 
            1700.0, 
            3700.0, 
            2500.0, 
            2700.0, 
            900.0, 
            825.0, 
            3000.0, 
            2500.0, 
            625.0, 
            1300.0, 
            1350.0, 
            1240.0, 
            4800.0, 
            1300.0, 
            3500.0, 
            750.0, 
            3105.0, 
            600.0, 
            3300.0, 
            2000.0, 
            1300.0, 
            1100.0, 
            3000.0, 
            750.0, 
            1800.0, 
            2500.0, 
            2500.0, 
            3900.0, 
            700.0, 
            950.0, 
            2950.0, 
            1350.0, 
            1100.0, 
            1700.0, 
            2000.0, 
            2565.0, 
            750.0, 
            1400.0, 
            780.0, 
            930.0, 
            1000.0, 
            850.0, 
            1900.0, 
            690.0, 
            880.0, 
            1485.0, 
            990.0, 
            940.0, 
            1000.0, 
            1750.0, 
            1750.0, 
            700.0, 
            1890.0, 
            4800.0, 
            750.0, 
            1450.0, 
            1400.0, 
            3800.0, 
            15000.0, 
            2000.0, 
            1200.0, 
            640.0, 
            2100.0, 
            2300.0, 
            1200.0, 
            750.0, 
            700.0, 
            1550.0, 
            950.0, 
            950.0, 
            1600.0, 
            2160.0, 
            1400.0, 
            2380.0, 
            2000.0, 
            1600.0, 
            1175.0, 
            2600.0, 
            1400.0, 
            2200.0, 
            940.0, 
            895.0, 
            3800.0, 
            1250.0, 
            1700.0, 
            2430.0, 
            1200.0, 
            700.0, 
            1750.0, 
            850.0, 
            2275.0, 
            630.0, 
            900.0, 
            1350.0, 
            900.0, 
            2700.0, 
            800.0, 
            650.0, 
            925.0, 
            1852.0, 
            1000.0, 
            575.0, 
            3400.0, 
            720.0, 
            2800.0, 
            1100.0, 
            950.0, 
            16000.0, 
            1600.0, 
            2500.0, 
            650.0, 
            3200.0, 
            2500.0, 
            1100.0, 
            2300.0, 
            750.0, 
            1200.0, 
            1200.0, 
            1000.0, 
            1600.0, 
            2000.0, 
            1400.0, 
            3800.0, 
            1600.0, 
            1000.0, 
            1300.0, 
            750.0, 
            900.0, 
            700.0, 
            1400.0, 
            660.0, 
            3000.0, 
            950.0, 
            1215.0, 
            500.0, 
            7500.0, 
            1200.0, 
            2695.0, 
            1090.0, 
            1300.0, 
            1200.0, 
            2300.0, 
            1700.0, 
            900.0, 
            950.0, 
            800.0, 
            1950.0, 
            1000.0, 
            2750.0, 
            800.0, 
            1550.0, 
            1700.0, 
            725.0, 
            4000.0, 
            1400.0, 
            7500.0, 
            1060.0, 
            1200.0, 
            1850.0, 
            1575.0, 
            1200.0, 
            2970.0, 
            5000.0, 
            900.0, 
            5500.0, 
            3950.0, 
            1850.0, 
            3250.0, 
            2700.0, 
            1600.0, 
            1800.0, 
            3375.0, 
            2400.0, 
            2650.0, 
            1250.0, 
            1700.0, 
            999.0, 
            800.0, 
            3900.0, 
            790.0, 
            4000.0, 
            3400.0, 
            1200.0, 
            1850.0, 
            870.0, 
            2600.0, 
            3400.0, 
            2750.0, 
            1300.0, 
            4300.0, 
            900.0, 
            900.0, 
            950.0, 
            750.0, 
            1050.0, 
            825.0, 
            925.0, 
            8000.0, 
            1200.0, 
            2970.0, 
            1150.0, 
            10000.0, 
            1250.0, 
            2500.0, 
            850.0, 
            2900.0, 
            630.0, 
            2600.0, 
            825.0, 
            1150.0, 
            660.0, 
            900.0, 
            640.0, 
            3500.0, 
            850.0, 
            2300.0, 
            630.0, 
            6000.0, 
            2200.0, 
            2750.0, 
            1800.0, 
            1400.0, 
            1250.0, 
            1500.0, 
            700.0, 
            2200.0, 
            4000.0, 
            1000.0, 
            1600.0, 
            1450.0, 
            950.0, 
            1290.0, 
            800.0, 
            710.0, 
            850.0, 
            7450.0, 
            1600.0, 
            1150.0, 
            650.0, 
            1100.0, 
            2700.0, 
            4500.0, 
            1300.0, 
            675.0, 
            1300.0, 
            1000.0, 
            1500.0, 
            790.0, 
            950.0, 
            5500.0, 
            2500.0, 
            2300.0, 
            2800.0, 
            6500.0, 
            4300.0, 
            1300.0, 
            1350.0, 
            800.0, 
            450.0, 
            1400.0, 
            6000.0, 
            2900.0, 
            2800.0, 
            3000.0, 
            800.0, 
            1350.0, 
            1800.0, 
            1100.0, 
            765.0, 
            750.0, 
            3500.0, 
            780.0, 
            1090.0, 
            2380.0, 
            1400.0, 
            2800.0, 
            3000.0, 
            1700.0, 
            2800.0, 
            750.0, 
            1800.0, 
            2250.0, 
            700.0, 
            1300.0, 
            500.0, 
            1250.0, 
            2100.0, 
            4950.0, 
            3000.0, 
            900.0, 
            950.0, 
            1000.0, 
            3000.0, 
            850.0, 
            2500.0, 
            1200.0, 
            1700.0, 
            1000.0, 
            1440.0, 
            2300.0, 
            2430.0, 
            1900.0, 
            1200.0, 
            1500.0, 
            1900.0, 
            4300.0, 
            915.0, 
            900.0, 
            2600.0, 
            8000.0, 
            2600.0, 
            1500.0, 
            2200.0, 
            1100.0, 
            1200.0, 
            1300.0, 
            2750.0, 
            2750.0, 
            1100.0, 
            1300.0, 
            1200.0, 
            1400.0, 
            3200.0, 
            1100.0, 
            1300.0, 
            1000.0, 
            1200.0, 
            1000.0, 
            2100.0, 
            1600.0, 
            950.0, 
            3700.0, 
            750.0, 
            2900.0, 
            620.0, 
            1500.0, 
            1050.0, 
            3200.0, 
            550.0, 
            800.0, 
            750.0, 
            1500.0, 
            1200.0, 
            1400.0, 
            3500.0, 
            1400.0, 
            850.0, 
            2295.0, 
            2300.0, 
            4700.0, 
            1000.0, 
            850.0, 
            1850.0, 
            3500.0, 
            800.0, 
            1850.0, 
            1250.0, 
            4500.0, 
            1050.0, 
            1100.0, 
            3000.0, 
            1200.0, 
            2650.0, 
            995.0, 
            2200.0, 
            2700.0, 
            3500.0, 
            1400.0, 
            1400.0, 
            3000.0, 
            1200.0, 
            2000.0, 
            1800.0, 
            850.0, 
            800.0, 
            1200.0, 
            600.0, 
            750.0, 
            1700.0, 
            1650.0, 
            1250.0, 
            1250.0, 
            4500.0, 
            1300.0, 
            1300.0, 
            750.0, 
            2500.0, 
            3900.0, 
            1195.0, 
            1200.0, 
            700.0, 
            1100.0, 
            6500.0, 
            950.0, 
            3149.0, 
            3500.0, 
            1150.0, 
            800.0, 
            900.0, 
            730.0, 
            2800.0, 
            1155.0, 
            1300.0, 
            900.0, 
            2430.0, 
            1550.0, 
            1200.0, 
            680.0, 
            850.0, 
            700.0, 
            600.0, 
            600.0, 
            2300.0, 
            975.0, 
            4000.0, 
            900.0, 
            915.0, 
            2500.0, 
            800.0, 
            700.0, 
            850.0, 
            900.0, 
            1400.0, 
            720.0, 
            1000.0, 
            7800.0, 
            1000.0, 
            815.0, 
            1700.0, 
            900.0, 
            1300.0, 
            800.0, 
            1550.0, 
            3000.0, 
            1200.0, 
            650.0, 
            700.0, 
            1700.0, 
            1150.0, 
            1590.0, 
            1100.0, 
            2300.0, 
            890.0, 
            1600.0, 
            1100.0, 
            1700.0, 
            900.0, 
            700.0, 
            2295.0, 
            950.0, 
            1150.0, 
            1450.0, 
            5000.0, 
            1500.0, 
            2200.0, 
            2500.0, 
            900.0, 
            830.0, 
            850.0, 
            725.0, 
            3500.0, 
            1500.0, 
            1600.0, 
            1700.0, 
            1650.0, 
            850.0, 
            1500.0, 
            850.0, 
            1300.0, 
            500.0, 
            1300.0, 
            1300.0, 
            1800.0, 
            1150.0, 
            1400.0, 
            675.0, 
            1100.0, 
            900.0, 
            2400.0, 
            3500.0, 
            1950.0, 
            1400.0, 
            1200.0, 
            855.0, 
            1550.0, 
            700.0, 
            3900.0, 
            725.0, 
            1190.0, 
            1250.0, 
            1200.0, 
            2495.0, 
            540.0, 
            2970.0, 
            5700.0
        ]
    }, 
    "processed_feature_names": [
        "Sq. Mt.", 
        "Floor", 
        "dummy:Area:Chueca-Justicia", 
        "dummy:Area:Recoletos", 
        "dummy:Area:Castellana", 
        "dummy:Area:Almagro", 
        "dummy:Area:Goya", 
        "dummy:Area:Lavapies-Embajadores", 
        "dummy:Area:El Viso", 
        "dummy:Area:Las Tablas", 
        "dummy:Area:Rejas", 
        "dummy:Area:Guindalera", 
        "dummy:Area:San Diego", 
        "dummy:Area:San Isidro", 
        "dummy:Area:Ensanche de Vallecas - La Gavia", 
        "dummy:Area:Valdeacederas", 
        "dummy:Area:Berruguete", 
        "dummy:Area:Casco Historico de Vallecas", 
        "dummy:Area:Jeronimos", 
        "dummy:Area:Ni\u00f1o Jesus", 
        "dummy:Area:Numancia", 
        "dummy:Area:Los Angeles", 
        "dummy:Area:Vista Alegre", 
        "dummy:Area:Mirasierra", 
        "dummy:Area:__Others__"
    ], 
    "regression_performance": {
        "max_error": 1697.694602635321, 
        "median_error": -133.87980957329, 
        "error_distribution": [
            {
                "count": 49, 
                "bin_max": -643.34308394633331, 
                "bin_id": 0, 
                "bin_min": -906.0595354404968
            }, 
            {
                "count": 113, 
                "bin_max": -383.22778543726065, 
                "bin_id": 1, 
                "bin_min": -643.34308394633331
            }, 
            {
                "count": 220, 
                "bin_max": -123.11248692818799, 
                "bin_id": 2, 
                "bin_min": -383.22778543726065
            }, 
            {
                "count": 169, 
                "bin_max": 137.00281158088478, 
                "bin_id": 3, 
                "bin_min": -123.11248692818799
            }, 
            {
                "count": 85, 
                "bin_max": 397.11811008995755, 
                "bin_id": 4, 
                "bin_min": 137.00281158088478
            }, 
            {
                "count": 42, 
                "bin_max": 657.2334085990301, 
                "bin_id": 5, 
                "bin_min": 397.11811008995755
            }, 
            {
                "count": 25, 
                "bin_max": 917.34870710810287, 
                "bin_id": 6, 
                "bin_min": 657.2334085990301
            }, 
            {
                "count": 18, 
                "bin_max": 1177.4640056171756, 
                "bin_id": 7, 
                "bin_min": 917.34870710810287
            }, 
            {
                "count": 9, 
                "bin_max": 1437.5793041262482, 
                "bin_id": 8, 
                "bin_min": 1177.4640056171756
            }, 
            {
                "count": 24, 
                "bin_max": 1697.694602635321, 
                "bin_id": 9, 
                "bin_min": 1437.5793041262482
            }
        ], 
        "min_error": -903.45838245540608, 
        "average_error": -21.82181486179614, 
        "std_error": 526.44275519741, 
        "p75_error": 179.2677321736919, 
        "p90_error": 662.2207615503285, 
        "p25_error": -342.91850621106283
    }
}