{
    "per_feature": {
        "Penthouse": {
            "stats": {
                "std": 0.2722559817301552, 
                "p99": 1.0, 
                "min": 0.0, 
                "max": 1.0, 
                "average": 0.08057630736392743, 
                "median": 0.0
            }, 
            "missing_impute_with_value": 0.08057630736392743
        }, 
        "Outer": {
            "stats": {
                "std": 0.36378813193045306, 
                "p99": 1.0, 
                "min": 0.0, 
                "max": 1.0, 
                "average": 0.8431163287086446, 
                "median": 1.0
            }, 
            "missing_impute_with_value": 0.8431163287086446
        }, 
        "District": {
            "stats": {}
        }, 
        "Floor": {
            "stats": {
                "std": 2.954656884452883, 
                "p99": 14.0, 
                "min": -0.5, 
                "max": 29.0, 
                "average": 3.550160085378869, 
                "median": 3.0
            }, 
            "missing_impute_with_value": 3.550160085378869
        }, 
        "Duplex": {
            "stats": {
                "std": 0.17322805808939945, 
                "p99": 1.0, 
                "min": 0.0, 
                "max": 1.0, 
                "average": 0.030949839914621132, 
                "median": 0.0
            }, 
            "missing_impute_with_value": 0.030949839914621132
        }, 
        "Bedrooms": {
            "stats": {}
        }, 
        "Elevator": {
            "stats": {
                "std": 0.33543940437272607, 
                "p99": 1.0, 
                "min": 0.0, 
                "max": 1.0, 
                "average": 0.8708644610458911, 
                "median": 1.0
            }, 
            "missing_impute_with_value": 0.8708644610458911
        }, 
        "Semi-detached": {
            "stats": {}
        }, 
        "Rent": {
            "stats": {}
        }, 
        "Sq. Mt.": {
            "stats": {
                "std": 82.8691305174046, 
                "p99": 420.0, 
                "min": 15.0, 
                "max": 1250.0, 
                "average": 114.73906083244397, 
                "median": 90.0
            }, 
            "missing_impute_with_value": 114.73906083244397
        }, 
        "Cottage": {
            "stats": {
                "std": 0.03998930341918831, 
                "p99": 0.0, 
                "min": 0.0, 
                "max": 1.0, 
                "average": 0.0016008537886872999, 
                "median": 0.0
            }, 
            "missing_impute_with_value": 0.0016008537886872999
        }, 
        "Area": {
            "stats": {
                "mostFrequentValue": "Recoletos", 
                "leastFrequentValue": "Sodio"
            }, 
            "category_possible_counts": [
                89, 
                82, 
                65, 
                61, 
                57, 
                56, 
                51, 
                45, 
                44, 
                43, 
                42, 
                39, 
                37, 
                36, 
                36, 
                34, 
                34, 
                33, 
                32, 
                31, 
                29, 
                29, 
                28, 
                28, 
                24, 
                24, 
                21, 
                20, 
                20, 
                19, 
                18, 
                18, 
                18, 
                17, 
                17, 
                17, 
                16, 
                16, 
                14, 
                14, 
                14, 
                14, 
                13, 
                13, 
                13, 
                13, 
                12, 
                12, 
                12, 
                12, 
                11, 
                11, 
                11, 
                11, 
                11, 
                10, 
                10, 
                10, 
                10, 
                9, 
                9, 
                9, 
                9, 
                8, 
                8, 
                8, 
                7, 
                7, 
                7, 
                7, 
                7, 
                7, 
                7, 
                7, 
                6, 
                6, 
                6, 
                6, 
                6, 
                6, 
                6, 
                5, 
                5, 
                5, 
                5, 
                5, 
                5, 
                5, 
                5, 
                4, 
                4, 
                4, 
                4, 
                4, 
                4, 
                4, 
                4, 
                3, 
                3, 
                3, 
                3
            ], 
            "category_possible_values": [
                "Recoletos", 
                "Chueca-Justicia", 
                "Castellana", 
                "Goya", 
                "Almagro", 
                "Arguelles", 
                "Cuatro Caminos", 
                "Bernabeu-Hispanoamerica", 
                "Nueva Espana", 
                "Lavapies-Embajadores", 
                "Malasana-Universidad", 
                "Palacio", 
                "El Viso", 
                "Ibiza", 
                "Lista", 
                "Cuzco-Castillejos", 
                "Nuevos Ministerios-Rios Rosas", 
                "Sol", 
                "Las Tablas", 
                "Huertas-Cortes", 
                "Sanchinarro", 
                "Arapiles", 
                "Rejas", 
                "Trafalgar", 
                "Castilla", 
                "Prosperidad", 
                "Barajas", 
                "Vallehermoso", 
                "Guindalera", 
                "Aravaca", 
                "Ciudad Jardin", 
                "San Juan Bautista", 
                "Gaztambide", 
                "San Diego", 
                "Valdeacederas", 
                "Valdemarin", 
                "Ensanche de Vallecas - La Gavia", 
                "Bellas Vistas", 
                "Valdezarza", 
                "Acacias", 
                "Montecarmelo", 
                "Concepcion", 
                "Jeronimos", 
                "Conde Orgaz-Piovera", 
                "La Paz", 
                "Berruguete", 
                "Costillares", 
                "Simancas", 
                "Ciudad Universitaria", 
                "Pacifico", 
                "Pilar", 
                "San Isidro", 
                "Ventilla-Almenara", 
                "Penagrande", 
                "Aluche", 
                "Casco Historico de Vallecas", 
                "Ni\u00f1o Jesus", 
                "Valdebebas - Valdefuentes", 
                "Delicias", 
                "Colina", 
                "Pueblo Nuevo", 
                "Fuente del Berro", 
                "San Pascual", 
                "Vista Alegre", 
                "Numancia", 
                "Mirasierra", 
                "Salvador", 
                "Palomas", 
                "Palomeras Bajas", 
                "Palos de Moguer", 
                "Pinar del Rey", 
                "Puerta Bonita", 
                "Abrantes", 
                "Imperial", 
                "Puerta del Angel", 
                "San Andres", 
                "Quintana", 
                "Canillas", 
                "Campamento", 
                "Ventas", 
                "Legazpi", 
                "Ap\u00f3stol Santiago", 
                "Media Legua", 
                "Estrella", 
                "Los Angeles", 
                "Atalaya", 
                "Rosas", 
                "Almendrales", 
                "Palomeras sureste", 
                "Tres Olivos - Valverde", 
                "Opanel", 
                "Zofao", 
                "San Fermin", 
                "Pau de Carabanchel", 
                "Butarque", 
                "Ambroz", 
                "Valdebernardo - Valderribas", 
                "Arroyo del Fresno", 
                "Arcos", 
                "Buena Vista", 
                "Fuentelarreina"
            ]
        }, 
        "Id": {
            "stats": {}
        }
    }, 
    "feature_order": [
        "Penthouse", 
        "Bedrooms", 
        "Outer", 
        "District", 
        "Floor", 
        "Duplex", 
        "Area", 
        "Elevator", 
        "Semi-detached", 
        "Rent", 
        "Sq. Mt.", 
        "Cottage", 
        "Id"
    ]
}