{
  "state": "DONE",
  "preSearchDescription": {
    "gridLength": 1,
    "importantParams": [
      {
        "name": "trees",
        "vals": [
          "100"
        ]
      },
      {
        "name": "depth",
        "vals": [
          "8"
        ]
      },
      {
        "name": "min_samples",
        "vals": [
          "3"
        ]
      }
    ]
  },
  "postSearchDescription": {
    "importantParams": [
      {
        "name": "trees",
        "val": "100"
      },
      {
        "name": "depth",
        "val": "8"
      },
      {
        "name": "min_samples",
        "val": "3"
      }
    ]
  },
  "sampleWeightsEnabled": false,
  "modelId": "m1",
  "progress": {
    "top_level_todo": [],
    "stack": [],
    "top_level_done": [
      {
        "name": "Loading train set",
        "time": 26
      },
      {
        "name": "Loading test set",
        "time": 36
      },
      {
        "name": "Collecting statistics",
        "time": 59
      },
      {
        "name": "Preprocessing train set",
        "time": 65
      },
      {
        "name": "Preprocessing test set",
        "time": 46
      },
      {
        "name": "Fitting model",
        "time": 1189
      },
      {
        "name": "Saving model",
        "time": 87
      },
      {
        "name": "Scoring model",
        "time": 1553
      }
    ]
  },
  "startTime": 1562034601332,
  "endTime": 1562034604400,
  "preprocessingTime": 238,
  "trainingTime": 2830
}