{
    "rawImportance": {
        "variables": [
            "Area_Almagro", 
            "Area_Arguelles", 
            "Area_Castellana", 
            "Area_Chueca-Justicia", 
            "Area_Conde Orgaz-Piovera", 
            "Area_Cuatro Caminos", 
            "Area_El Viso", 
            "Area_Goya", 
            "Area_Huertas-Cortes", 
            "Area_Ibiza", 
            "Area_Jeronimos", 
            "Area_Lavapies-Embajadores", 
            "Area_Lista", 
            "Area_Malasana-Universidad", 
            "Area_Ni\u00f1o Jesus", 
            "Area_Nueva Espana", 
            "Area_Palacio", 
            "Area_Recoletos", 
            "Area_Sol", 
            "Area_Trafalgar", 
            "Area_Vallehermoso", 
            "Floor", 
            "Sq. Mt."
        ], 
        "importances": [
            0.0083626807494696937, 
            0.0019410156082904331, 
            0.0082171341171216796, 
            0.0030079166906045248, 
            0.00069446163961046654, 
            7.2056989677130533e-05, 
            0.0013362620057125317, 
            0.0070056718940528151, 
            0.00093567619296629342, 
            0.00061923382257235188, 
            0.0019328670611914217, 
            0.00047248431366901639, 
            0.00019016538768606563, 
            0.00065790243262054922, 
            0.00015675515699833524, 
            0.00077436637727657551, 
            0.00076049930673647225, 
            0.045543151404657659, 
            0.00027147571272186343, 
            0.00073487806577794679, 
            0.001269899110138003, 
            0.037860405644518896, 
            0.8771830403159292
        ]
    }, 
    "modelInputNRows": 1315, 
    "partialDependencies": [
        {
            "featureBins": [
                9.6583116504511679e-10, 
                1.0000000346822275
            ], 
            "data": [
                [
                    -12.561272435740648, 
                    388.437063700429
                ]
            ], 
            "feature": "Area_Almagro"
        }, 
        {
            "featureBins": [
                -5.9303134278265723e-10, 
                1.0000000358319563
            ], 
            "data": [
                [
                    -1.9459824659093101, 
                    85.95373873388507
                ]
            ], 
            "feature": "Area_Arguelles"
        }, 
        {
            "featureBins": [
                9.6583104014502652e-10, 
                1.0000000346822311
            ], 
            "data": [
                [
                    -12.016483227242816, 
                    173.20976918149518
                ]
            ], 
            "feature": "Area_Castellana"
        }, 
        {
            "featureBins": [
                1.2557634168630649e-09, 
                0.999999990583198
            ], 
            "data": [
                [
                    -6.935948663845011, 
                    143.95328689868757
                ]
            ], 
            "feature": "Area_Chueca-Justicia"
        }, 
        {
            "featureBins": [
                -2.988147966911936e-10, 
                1.0000000088869248
            ], 
            "data": [
                [
                    1.0260252673601826, 
                    14.807158997943361
                ]
            ], 
            "feature": "Area_Conde Orgaz-Piovera"
        }, 
        {
            "featureBins": [
                1.9304269641140515e-10, 
                0.99999999294015274
            ], 
            "data": [
                [
                    1.589766087477301, 
                    3.293472482605239
                ]
            ], 
            "feature": "Area_Cuatro Caminos"
        }, 
        {
            "featureBins": [
                9.5904583580219693e-10, 
                0.99999999754786184
            ], 
            "data": [
                [
                    -0.47274366095211917, 
                    83.21630481913007
                ]
            ], 
            "feature": "Area_El Viso"
        }, 
        {
            "featureBins": [
                9.8345447757663962e-10, 
                0.99999996696211912
            ], 
            "data": [
                [
                    -10.783374320218172, 
                    221.3158224163858
                ]
            ], 
            "feature": "Area_Goya"
        }, 
        {
            "featureBins": [
                -1.8051815597885934e-10, 
                0.99999995685935439
            ], 
            "data": [
                [
                    0.28111392506048105, 
                    47.870715739839625
                ]
            ], 
            "feature": "Area_Huertas-Cortes"
        }, 
        {
            "featureBins": [
                2.9641572182881326e-10, 
                0.99999999905063552
            ], 
            "data": [
                [
                    0.7277861873596976, 
                    14.270069740207646
                ]
            ], 
            "feature": "Area_Ibiza"
        }, 
        {
            "featureBins": [
                -2.9881481924259878e-10, 
                1.0000000088869276
            ], 
            "data": [
                [
                    -0.9222645696490872, 
                    90.57103236630701
                ]
            ], 
            "feature": "Area_Jeronimos"
        }, 
        {
            "featureBins": [
                6.6530546349863329e-10, 
                0.99999998997318784
            ], 
            "data": [
                [
                    0.5717163450606222, 
                    34.36089439050443
                ]
            ], 
            "feature": "Area_Lavapies-Embajadores"
        }, 
        {
            "featureBins": [
                -1.6720162754335632e-10, 
                1.0000000555952417
            ], 
            "data": [
                [
                    1.3129920796557144, 
                    10.822297329330013
                ]
            ], 
            "feature": "Area_Lista"
        }, 
        {
            "featureBins": [
                6.6530542186526986e-10, 
                0.99999998997318962
            ], 
            "data": [
                [
                    0.34825655473855477, 
                    52.04121937816876
                ]
            ], 
            "feature": "Area_Malasana-Universidad"
        }, 
        {
            "featureBins": [
                2.4431043819939102e-10, 
                1.0000000054850369
            ], 
            "data": [
                [
                    1.4292564970176045, 
                    8.04431290513503
                ]
            ], 
            "feature": "Area_Ni\u00f1o Jesus"
        }, 
        {
            "featureBins": [
                -6.5041347654948289e-10, 
                1.0000000054051399
            ], 
            "data": [
                [
                    0.06785748749166487, 
                    44.422083571919984
                ]
            ], 
            "feature": "Area_Nueva Espana"
        }, 
        {
            "featureBins": [
                9.827133481965511e-10, 
                1.0000000243079443
            ], 
            "data": [
                [
                    0.2127694939297271, 
                    43.71694045447293
                ]
            ], 
            "feature": "Area_Palacio"
        }, 
        {
            "featureBins": [
                1.2557645340249834e-09, 
                0.99999999058317468
            ], 
            "data": [
                [
                    -45.670318885900315, 
                    790.4493102654583
                ]
            ], 
            "feature": "Area_Recoletos"
        }, 
        {
            "featureBins": [
                3.7132679223117471e-10, 
                0.99999999307495868
            ], 
            "data": [
                [
                    0.9357977343461243, 
                    23.71455413333979
                ]
            ], 
            "feature": "Area_Sol"
        }, 
        {
            "featureBins": [
                -1.8051827567477918e-10, 
                0.99999995685936294
            ], 
            "data": [
                [
                    0.554977547691351, 
                    58.50925164257501
                ]
            ], 
            "feature": "Area_Trafalgar"
        }, 
        {
            "featureBins": [
                -5.3855466961016951e-11, 
                1.0000000450552318
            ], 
            "data": [
                [
                    -0.05787062368563056, 
                    61.75567591034246
                ]
            ], 
            "feature": "Area_Vallehermoso"
        }, 
        {
            "featureBins": [
                -0.50000003643027124, 
                7.9930528418259428e-08, 
                0.4999998433244901, 
                0.99999995968528976, 
                2.0000000159234701, 
                2.9999999839199409, 
                3.9999999960372667, 
                5.0000000081545926, 
                6.0000000643927729, 
                6.9999999441475342, 
                7.9999998239022956, 
                9.0000000566238949, 
                10.000000289345493, 
                10.999999816133418, 
                12.000000048855018, 
                13.000000281576618, 
                13.999999808364539, 
                15.000000041086139, 
                15.999999567874063, 
                16.999999800595663, 
                20.00000049876046, 
                22.999999785057906, 
                25.000000250501106, 
                28.000000948665907, 
                29.000001181387503
            ], 
            "data": [
                [
                    -35.55957714343208, 
                    -35.55957714343208, 
                    -26.514548078027246, 
                    -19.426756565017058, 
                    -21.29590280099046, 
                    -50.60429762893136, 
                    -24.095494966109754, 
                    7.698907559002237, 
                    54.27993820140364, 
                    129.69652025582263, 
                    121.91993849284995, 
                    105.64346924153188, 
                    113.75666651721758, 
                    168.87491402629234, 
                    178.49941901520833, 
                    237.98273315137612, 
                    258.3132605718806, 
                    445.3224213564249, 
                    493.86198684998, 
                    512.0651883141104, 
                    532.5566727395935, 
                    532.5566727395935, 
                    532.5566727395935, 
                    532.5566727395935, 
                    532.5566727395935
                ]
            ], 
            "feature": "Floor"
        }, 
        {
            "featureBins": [
                41.999999896310271, 
                44.404040270955534, 
                46.808080645600796, 
                49.212121020246073, 
                51.616161394891328, 
                54.020201769536591, 
                56.424242144181861, 
                58.828282518827123, 
                61.232322893472386, 
                63.636363268117648, 
                66.040403642762911, 
                68.444444017408188, 
                70.84848439205345, 
                73.252524766698713, 
                75.656565141343975, 
                78.060605515989238, 
                80.4646458906345, 
                82.868686265279763, 
                85.272726639925025, 
                87.676767014570302, 
                90.080807389215565, 
                92.484847763860827, 
                94.888888138506104, 
                97.292928513151367, 
                99.696968887796615, 
                102.10100926244188, 
                104.50504963708714, 
                106.90909001173242, 
                109.31313038637768, 
                111.71717076102294, 
                114.12121113566822, 
                116.52525151031348, 
                118.92929188495874, 
                121.33333225960399, 
                123.73737263424925, 
                126.14141300889453, 
                128.54545338353978, 
                130.94949375818507, 
                133.35353413283033, 
                135.7575745074756, 
                138.16161488212086, 
                140.56565525676612, 
                142.96969563141138, 
                145.37373600605665, 
                147.77777638070194, 
                150.1818167553472, 
                152.58585712999246, 
                154.98989750463772, 
                157.39393787928299, 
                159.79797825392825, 
                162.20201862857351, 
                164.60605900321877, 
                167.01009937786401, 
                169.4141397525093, 
                171.81818012715456, 
                174.22222050179982, 
                176.62626087644509, 
                179.03030125109035, 
                181.43434162573561, 
                183.83838200038088, 
                186.24242237502614, 
                188.6464627496714, 
                191.05050312431666, 
                193.45454349896193, 
                195.85858387360719, 
                198.26262424825245, 
                200.66666462289771, 
                203.07070499754298, 
                205.47474537218824, 
                207.87878574683353, 
                210.28282612147879, 
                212.68686649612405, 
                215.09090687076929, 
                217.49494724541461, 
                219.89898762005987, 
                222.30302799470513, 
                224.7070683693504, 
                227.11110874399566, 
                229.51514911864092, 
                231.91918949328618, 
                234.32322986793145, 
                236.72727024257671, 
                239.13131061722197, 
                241.53535099186723, 
                243.9393913665125, 
                246.34343174115776, 
                248.74747211580302, 
                251.15151249044828, 
                253.55555286509355, 
                255.95959323973881, 
                258.36363361438407, 
                260.76767398902933, 
                263.1717143636746, 
                265.57575473831986, 
                267.97979511296512, 
                270.38383548761038, 
                272.78787586225565, 
                275.19191623690091, 
                277.59595661154617, 
                279.99999698619143
            ], 
            "data": [
                [
                    -877.8344067922329, 
                    -874.9747794477275, 
                    -854.7666268818108, 
                    -851.2550046506293, 
                    -813.6482307858998, 
                    -790.544132636812, 
                    -762.0762349335005, 
                    -772.0139443571552, 
                    -724.9137767765733, 
                    -707.8306363729653, 
                    -701.254235552532, 
                    -700.2038791680225, 
                    -583.3754748179679, 
                    -573.8575493105284, 
                    -566.5811276932457, 
                    -540.7428623493845, 
                    -509.315434515765, 
                    -510.08861069707905, 
                    -493.08447897351266, 
                    -382.49297551149084, 
                    -352.47340346141095, 
                    -356.72201034868317, 
                    -352.44244290308643, 
                    -356.1648357692393, 
                    -348.528627972408, 
                    -278.82684032961356, 
                    -183.55428690968597, 
                    -181.0819339330169, 
                    -186.4352129242509, 
                    138.25265000554805, 
                    145.47963156196897, 
                    130.15705610970235, 
                    261.3522840524902, 
                    271.66700404336143, 
                    270.6627499641072, 
                    268.89157932669605, 
                    279.46918473489177, 
                    297.32621269111314, 
                    307.10475716199153, 
                    307.40358528699153, 
                    304.4357321788384, 
                    308.64993890738197, 
                    304.77002615078345, 
                    317.3567248407344, 
                    312.8764975591048, 
                    341.1486946160476, 
                    358.76216156889814, 
                    503.0681726615194, 
                    555.0807354773865, 
                    571.4731539898194, 
                    594.7578255900694, 
                    729.3637299800307, 
                    709.5722267889341, 
                    723.7645203098341, 
                    707.3090891543279, 
                    697.0007492634036, 
                    696.2212286979197, 
                    707.0691485933266, 
                    705.2828319249202, 
                    750.6869429812195, 
                    749.6082941530362, 
                    1095.3590060320348, 
                    972.0913381608416, 
                    922.0844460531639, 
                    879.4834368665302, 
                    968.5860966933597, 
                    1136.1683780084459, 
                    1129.7971068315337, 
                    1127.6867438991403, 
                    1475.5151261484039, 
                    1385.9745879639554, 
                    1334.495907869412, 
                    1336.95482460221, 
                    1403.2621065937706, 
                    1458.6798979622263, 
                    1467.6482085576945, 
                    1527.0919617809432, 
                    1548.2970505271078, 
                    1596.171559082733, 
                    1609.0344258377554, 
                    1662.7528849730602, 
                    1645.9326876675682, 
                    1649.3143512932143, 
                    1564.6509210067065, 
                    1562.6672475373189, 
                    1408.4226166254848, 
                    1331.8890964988668, 
                    1331.8890964988668, 
                    1251.7128921522067, 
                    2324.209592952471, 
                    2411.6971274811385, 
                    2196.791670779616, 
                    2119.6364247954316, 
                    2338.181710078975, 
                    2281.991344436178, 
                    2207.8475059143216, 
                    2184.2568623899474, 
                    2204.4091173017023, 
                    2483.8156099315265, 
                    2483.8156099315265
                ]
            ], 
            "feature": "Sq. Mt."
        }, 
        {
            "featureBins": [
                1.0
            ], 
            "data": [
                [
                    1.6667576660829582
                ]
            ], 
            "feature": "num_flagonly:Outer:not_missing"
        }, 
        {
            "featureBins": [
                1.0
            ], 
            "data": [
                [
                    1.6667576660829582
                ]
            ], 
            "feature": "num_flagonly:Cottage:not_missing"
        }, 
        {
            "featureBins": [
                1.0
            ], 
            "data": [
                [
                    1.6667576660829582
                ]
            ], 
            "feature": "num_flagonly:Penthouse:not_missing"
        }
    ], 
    "modelInputNCols": 26, 
    "modelInputMemory": 273520, 
    "modelInputIsSparse": false
}