{
    "metrics": {
        "rmse": 828.4857867635982, 
        "pearson": 0.82201819779782048, 
        "mae": 430.75315484339814, 
        "r2": 0.66847020578868266, 
        "mape": 0.24505779722992643, 
        "mse": 686388.69886929821, 
        "evs": 0.6693306615373813, 
        "rmsle": 0.2988516790992705
    }, 
    "scatterPlotData": {
        "y": [
            1902.3679, 
            1329.9723, 
            1606.2821, 
            1936.6878, 
            3483.5644, 
            1329.9168, 
            1338.1739, 
            924.8946, 
            1097.0646, 
            1860.9122, 
            1756.5031, 
            1027.6318, 
            1328.7662, 
            971.7628, 
            2809.0897, 
            1209.7044, 
            1082.4562, 
            931.6379, 
            2445.5203, 
            722.5936, 
            1630.6518, 
            2544.5979, 
            1046.4591, 
            2827.0409, 
            1272.7562, 
            1131.3033, 
            1279.1594, 
            1473.9257, 
            3076.3961, 
            1437.632, 
            1031.6399, 
            4345.4536, 
            1072.3925, 
            1272.7562, 
            1275.9939, 
            1454.7138, 
            2784.1859, 
            2916.7318, 
            1179.6766, 
            2266.9037, 
            3244.8387, 
            1320.0606, 
            2341.0809, 
            911.9944, 
            908.6404, 
            1218.1203, 
            975.5985, 
            846.1389, 
            1216.2152, 
            3077.5333, 
            2139.6347, 
            967.3934, 
            1937.7714, 
            1657.137, 
            1216.2152, 
            1133.4113, 
            1225.1554, 
            1329.9723, 
            1279.1594, 
            2350.7037, 
            1023.0403, 
            1230.0409, 
            1143.9216, 
            908.8696, 
            1980.8605, 
            833.5889, 
            1934.5915, 
            1859.5703, 
            1793.9048, 
            1260.6486, 
            1052.1207, 
            3642.452, 
            931.6379, 
            4698.9213, 
            1875.0439, 
            1235.8582, 
            6160.6351, 
            2279.9721, 
            3151.3823, 
            1934.325, 
            908.8696, 
            3795.3287, 
            1203.5467, 
            3671.9785, 
            2994.6135, 
            1320.0606, 
            1041.0063, 
            2477.8846, 
            1014.4388, 
            1148.301, 
            1053.3381, 
            974.018, 
            1882.5455, 
            1153.1958, 
            1498.4496, 
            1295.9319, 
            1275.084, 
            3389.9648, 
            1215.108, 
            975.979, 
            1034.0398, 
            928.6502, 
            2958.6119, 
            3656.4248, 
            949.6083, 
            1061.9795, 
            993.7875, 
            3888.0119, 
            1148.4387, 
            4757.8442, 
            4702.2219, 
            1017.2774, 
            1335.6386, 
            1427.4456, 
            3135.6591, 
            6998.8234, 
            5395.8947, 
            863.0493, 
            911.9944, 
            1028.7675, 
            971.9574, 
            819.8715, 
            971.7628, 
            931.6379, 
            931.6379, 
            1233.2659, 
            1929.135, 
            3008.9865, 
            1049.2472, 
            1032.3509, 
            1657.137, 
            956.845, 
            1335.6386, 
            3225.0707, 
            1958.3458, 
            2393.6911, 
            2931.2121, 
            1334.2747, 
            1334.2747, 
            1007.3263, 
            1752.0423, 
            1945.7425, 
            864.4746, 
            1344.2444, 
            3371.9843, 
            1863.8705, 
            3044.4921, 
            881.3928, 
            1212.4869, 
            974.018, 
            2793.8257, 
            1333.816, 
            2342.2332, 
            1575.739, 
            1320.0606, 
            877.2714, 
            975.979, 
            1131.3033, 
            1522.4366, 
            1697.8318, 
            940.3337, 
            2081.4797, 
            2957.0395, 
            2715.2749, 
            2752.741, 
            1154.8611, 
            1503.2879, 
            1208.0236, 
            1203.5467, 
            912.9007, 
            1949.6864, 
            1089.6015, 
            974.018, 
            1031.104, 
            1711.3112, 
            1306.4887, 
            7499.4102, 
            1143.9216, 
            1216.2152, 
            1032.91, 
            1922.0275, 
            1897.6116, 
            1041.7767, 
            3013.4729, 
            998.085, 
            1988.4001, 
            2809.0897, 
            1030.8548, 
            1964.545, 
            1936.3139, 
            974.018, 
            1015.7212, 
            1230.1685, 
            1405.1769, 
            1076.5831, 
            2916.7318, 
            2680.3633, 
            1768.2664, 
            2459.848, 
            4164.5252, 
            1221.5403, 
            956.845, 
            1329.9723, 
            977.1667, 
            1905.0635, 
            1284.6174, 
            1419.5826, 
            1178.6245, 
            1902.3679, 
            1031.104, 
            975.979, 
            1900.8802, 
            3776.2959, 
            3015.0574, 
            2929.0751, 
            1405.1769, 
            989.1394, 
            1339.9964, 
            1279.1594, 
            1190.087, 
            1936.3139, 
            846.1389, 
            2440.4543, 
            1625.0279, 
            1131.3033, 
            1155.718, 
            931.8326, 
            911.7998, 
            1764.541, 
            1860.9122, 
            1326.9329, 
            1298.9903, 
            1203.5467, 
            2828.995, 
            810.953, 
            2972.9862, 
            1149.4166, 
            2226.0628, 
            974.018, 
            2817.7244, 
            1703.9839, 
            1961.0847, 
            3096.1539, 
            1645.5078, 
            2389.3866, 
            1148.1084, 
            839.8205, 
            1661.2684, 
            931.8326, 
            881.1982, 
            1213.2328, 
            2867.2341, 
            1339.9964, 
            1031.104, 
            2535.0938, 
            1151.8409, 
            2970.8173, 
            2258.3156, 
            1936.6878, 
            1903.0532, 
            1524.4594, 
            3659.0455, 
            3056.0004, 
            1963.6486, 
            956.6503, 
            3698.6086, 
            924.3059, 
            1203.5467, 
            1148.1084, 
            1208.0236, 
            999.9917, 
            1031.9857, 
            1781.9152, 
            1826.362, 
            1159.7539, 
            1295.9693, 
            1028.7675, 
            957.1678, 
            1311.5692, 
            1148.1084, 
            1355.1746, 
            1339.9964, 
            2394.4476, 
            2142.3601, 
            2780.8002, 
            2395.5083, 
            1021.9424, 
            931.6379, 
            1953.7859, 
            1816.243, 
            931.8326, 
            971.9574, 
            808.8102, 
            1540.3162, 
            1227.7765, 
            1350.7453, 
            1089.6015, 
            974.018, 
            3443.2041, 
            931.6379, 
            1203.5467, 
            1726.6172, 
            2229.4603, 
            1005.7869, 
            1178.6245, 
            2451.8653, 
            798.6101, 
            931.8326, 
            2394.4476, 
            2809.0897, 
            1579.7387, 
            1973.0425, 
            1244.2594, 
            1390.2375, 
            999.6609, 
            993.97, 
            1212.4869, 
            1272.7562, 
            1920.9223, 
            4468.0721, 
            2013.68, 
            1320.0606, 
            1884.9134, 
            3063.3506, 
            2433.5339, 
            916.2537, 
            1742.466, 
            2305.6729, 
            949.8029, 
            881.1982, 
            1348.9616, 
            1111.8405, 
            1149.4166, 
            1329.9723, 
            1339.9964, 
            1437.632, 
            845.892, 
            1972.9516, 
            1042.9007, 
            1630.9061, 
            873.9987, 
            4801.6809, 
            2442.5545, 
            931.6379, 
            1320.0606, 
            4699.7069, 
            2003.9059, 
            858.4793, 
            1351.2059, 
            1994.3018, 
            1345.9361, 
            1936.3139, 
            1032.1838, 
            908.8696, 
            1329.9723, 
            2578.5964, 
            916.059, 
            1746.6255, 
            1338.1739, 
            3909.1907, 
            3073.6858, 
            2815.8142, 
            821.2328, 
            1725.1209, 
            2583.9345, 
            1092.8001, 
            1021.9424, 
            4254.4397, 
            1944.277, 
            1938.7286, 
            1202.0376, 
            2873.7752, 
            1339.9964, 
            1334.2747, 
            1170.7053, 
            908.8696, 
            1614.3251, 
            3134.1439, 
            1216.2152, 
            1328.7662, 
            1956.8403, 
            852.2789, 
            1010.7611, 
            965.0819, 
            1668.6387, 
            2338.1703, 
            3752.9827, 
            1236.9018, 
            2495.6337, 
            1351.9324, 
            1289.625, 
            3305.791, 
            2370.5561, 
            3667.0852, 
            1459.3683, 
            1136.7613, 
            971.9574, 
            1213.0792, 
            773.2024, 
            1860.9122, 
            1080.1743, 
            1730.3994, 
            1437.632, 
            1329.9723, 
            5952.8387, 
            1328.7662, 
            3477.7624, 
            1042.437, 
            1158.3568, 
            3388.6932, 
            911.7998, 
            1288.1297, 
            2714.5882, 
            1668.6387, 
            1785.1087, 
            1329.9723, 
            1030.3761, 
            971.9574, 
            2315.2944, 
            1535.7977, 
            1331.1144, 
            1915.2004, 
            1154.6308, 
            1500.2124, 
            4544.6958, 
            2298.4657, 
            1434.5174, 
            4178.8549, 
            1247.7195, 
            998.085, 
            1023.5455, 
            1366.1691, 
            1437.632, 
            1131.3033, 
            1659.4371, 
            811.5849, 
            1320.0606, 
            1061.9795, 
            1338.2318, 
            1117.4196, 
            2276.9914, 
            2102.6024, 
            1131.3033, 
            3680.8138, 
            2933.7705, 
            1342.5341, 
            1136.7613, 
            909.5602, 
            1408.2132, 
            4119.074, 
            2098.4099, 
            3795.3287, 
            971.9574, 
            1136.7613, 
            1133.4113, 
            1029.5928, 
            2915.3262, 
            1443.5888, 
            1326.9329, 
            1872.2212, 
            1154.6308, 
            911.9944, 
            2613.6953, 
            4782.5927, 
            916.4881, 
            931.6379, 
            911.9944, 
            2501.0384, 
            1065.0199, 
            1948.0988, 
            2077.5772, 
            1066.9602, 
            1127.5241, 
            1335.6386, 
            1034.0398, 
            3251.565, 
            923.4418, 
            2535.0938, 
            2102.6024, 
            1936.6878, 
            1311.5692, 
            2972.9862, 
            972.2773, 
            5410.3844, 
            2771.2001, 
            931.6379, 
            1236.9018, 
            2102.6024, 
            1338.1739, 
            931.8326, 
            1143.9216, 
            950.9503, 
            3819.3915, 
            1339.9964, 
            1926.3731, 
            1329.9723, 
            1052.7327, 
            1041.9607, 
            1691.9986, 
            1545.0132, 
            2821.2326, 
            1897.6116, 
            1814.4587, 
            783.1501, 
            2532.4047, 
            1918.5622, 
            971.9574, 
            4735.0292, 
            971.9574, 
            1405.1769, 
            1272.7562, 
            962.6719, 
            2323.5796, 
            1338.1739, 
            956.0697, 
            8684.5438, 
            6751.474, 
            1863.8705, 
            3186.473, 
            911.9944, 
            3184.0276, 
            2879.4946, 
            2079.1689, 
            1149.1728, 
            2307.0943, 
            1946.3545, 
            1724.2209, 
            956.6503, 
            1329.9723, 
            1031.104, 
            2530.6452, 
            1155.718, 
            2961.0637, 
            1334.5485, 
            1924.3719, 
            2150.2271, 
            1286.0966, 
            1329.9723, 
            2101.2473, 
            1892.9654, 
            5294.0389, 
            1344.2444, 
            3527.8904, 
            919.2212, 
            1031.104, 
            1131.3033, 
            1090.0896, 
            5294.0389, 
            1724.9821, 
            1149.1728, 
            1922.0275, 
            1902.3679, 
            1162.5753, 
            971.9574, 
            1007.3263, 
            1031.104, 
            992.6188, 
            1136.7613, 
            2338.1703
        ], 
        "x": [
            1700.0, 
            800.0, 
            1800.0, 
            1500.0, 
            3900.0, 
            1200.0, 
            975.0, 
            890.0, 
            950.0, 
            1200.0, 
            2000.0, 
            900.0, 
            1000.0, 
            980.0, 
            2800.0, 
            1100.0, 
            950.0, 
            750.0, 
            2200.0, 
            500.0, 
            3240.0, 
            3300.0, 
            1100.0, 
            2300.0, 
            1150.0, 
            900.0, 
            1400.0, 
            1700.0, 
            2950.0, 
            780.0, 
            1852.0, 
            8000.0, 
            900.0, 
            1100.0, 
            1300.0, 
            1000.0, 
            4320.0, 
            3500.0, 
            1000.0, 
            2100.0, 
            2300.0, 
            760.0, 
            3950.0, 
            700.0, 
            1250.0, 
            1190.0, 
            1100.0, 
            950.0, 
            1000.0, 
            4000.0, 
            2970.0, 
            850.0, 
            1800.0, 
            1300.0, 
            900.0, 
            1100.0, 
            1300.0, 
            1300.0, 
            1200.0, 
            2250.0, 
            750.0, 
            850.0, 
            650.0, 
            575.0, 
            2700.0, 
            850.0, 
            1500.0, 
            1200.0, 
            2495.0, 
            1300.0, 
            1300.0, 
            8000.0, 
            800.0, 
            5000.0, 
            1250.0, 
            1100.0, 
            6000.0, 
            2000.0, 
            3500.0, 
            1950.0, 
            950.0, 
            3800.0, 
            840.0, 
            4100.0, 
            4000.0, 
            995.0, 
            750.0, 
            1900.0, 
            1200.0, 
            700.0, 
            1300.0, 
            825.0, 
            2000.0, 
            1400.0, 
            1200.0, 
            1300.0, 
            950.0, 
            2250.0, 
            1200.0, 
            1250.0, 
            1060.0, 
            640.0, 
            3000.0, 
            3900.0, 
            1200.0, 
            650.0, 
            925.0, 
            5000.0, 
            1290.0, 
            3600.0, 
            2900.0, 
            850.0, 
            1100.0, 
            1400.0, 
            2650.0, 
            5500.0, 
            6500.0, 
            850.0, 
            650.0, 
            675.0, 
            550.0, 
            730.0, 
            675.0, 
            700.0, 
            700.0, 
            1150.0, 
            1500.0, 
            3300.0, 
            950.0, 
            790.0, 
            1250.0, 
            600.0, 
            915.0, 
            2900.0, 
            1950.0, 
            2800.0, 
            3500.0, 
            1300.0, 
            1200.0, 
            730.0, 
            1150.0, 
            1900.0, 
            700.0, 
            2295.0, 
            4700.0, 
            2000.0, 
            3200.0, 
            500.0, 
            1600.0, 
            720.0, 
            1600.0, 
            1300.0, 
            1600.0, 
            1600.0, 
            900.0, 
            750.0, 
            800.0, 
            750.0, 
            1400.0, 
            2500.0, 
            650.0, 
            1700.0, 
            2650.0, 
            3450.0, 
            2600.0, 
            700.0, 
            2000.0, 
            1175.0, 
            1100.0, 
            710.0, 
            2430.0, 
            680.0, 
            800.0, 
            765.0, 
            2970.0, 
            1550.0, 
            7500.0, 
            1050.0, 
            1000.0, 
            950.0, 
            1600.0, 
            1550.0, 
            900.0, 
            1500.0, 
            1090.0, 
            2750.0, 
            2500.0, 
            1600.0, 
            4500.0, 
            2400.0, 
            725.0, 
            900.0, 
            940.0, 
            850.0, 
            850.0, 
            3500.0, 
            2650.0, 
            1000.0, 
            2200.0, 
            2900.0, 
            1400.0, 
            800.0, 
            1090.0, 
            1150.0, 
            1590.0, 
            1450.0, 
            1400.0, 
            690.0, 
            1850.0, 
            1100.0, 
            1200.0, 
            1500.0, 
            4500.0, 
            2200.0, 
            2500.0, 
            900.0, 
            880.0, 
            1250.0, 
            1150.0, 
            940.0, 
            1400.0, 
            800.0, 
            2800.0, 
            1500.0, 
            700.0, 
            800.0, 
            1000.0, 
            775.0, 
            1700.0, 
            1200.0, 
            850.0, 
            1600.0, 
            1699.0, 
            2500.0, 
            1215.0, 
            3000.0, 
            1200.0, 
            2400.0, 
            950.0, 
            2500.0, 
            1400.0, 
            2300.0, 
            3500.0, 
            1400.0, 
            3000.0, 
            800.0, 
            900.0, 
            1200.0, 
            850.0, 
            1000.0, 
            950.0, 
            3300.0, 
            1200.0, 
            850.0, 
            2300.0, 
            2565.0, 
            3500.0, 
            2700.0, 
            1600.0, 
            1250.0, 
            1200.0, 
            3500.0, 
            2800.0, 
            2700.0, 
            700.0, 
            3500.0, 
            950.0, 
            900.0, 
            1200.0, 
            1250.0, 
            2430.0, 
            700.0, 
            1250.0, 
            1700.0, 
            1450.0, 
            2150.0, 
            900.0, 
            750.0, 
            1300.0, 
            1300.0, 
            1600.0, 
            1100.0, 
            3375.0, 
            2800.0, 
            3149.0, 
            1700.0, 
            800.0, 
            630.0, 
            2700.0, 
            2750.0, 
            725.0, 
            780.0, 
            600.0, 
            2100.0, 
            1800.0, 
            1325.0, 
            900.0, 
            700.0, 
            4300.0, 
            750.0, 
            1000.0, 
            1300.0, 
            1700.0, 
            900.0, 
            800.0, 
            2800.0, 
            750.0, 
            680.0, 
            1800.0, 
            1900.0, 
            1400.0, 
            1500.0, 
            1300.0, 
            1200.0, 
            925.0, 
            950.0, 
            2500.0, 
            855.0, 
            1450.0, 
            5700.0, 
            1600.0, 
            750.0, 
            1500.0, 
            3000.0, 
            2500.0, 
            725.0, 
            1450.0, 
            1800.0, 
            800.0, 
            630.0, 
            1800.0, 
            1200.0, 
            1050.0, 
            1000.0, 
            1300.0, 
            800.0, 
            1440.0, 
            1800.0, 
            950.0, 
            2250.0, 
            900.0, 
            4800.0, 
            2300.0, 
            750.0, 
            1200.0, 
            4300.0, 
            1600.0, 
            925.0, 
            2500.0, 
            2300.0, 
            1850.0, 
            2500.0, 
            1400.0, 
            725.0, 
            1200.0, 
            2900.0, 
            500.0, 
            2300.0, 
            800.0, 
            3700.0, 
            2800.0, 
            3900.0, 
            800.0, 
            2300.0, 
            2800.0, 
            1100.0, 
            870.0, 
            3500.0, 
            1800.0, 
            2295.0, 
            1100.0, 
            2000.0, 
            2200.0, 
            900.0, 
            800.0, 
            750.0, 
            4300.0, 
            2950.0, 
            1750.0, 
            749.0, 
            1300.0, 
            1000.0, 
            1250.0, 
            1200.0, 
            1250.0, 
            3200.0, 
            3400.0, 
            1195.0, 
            2750.0, 
            1850.0, 
            790.0, 
            4500.0, 
            2200.0, 
            4500.0, 
            999.0, 
            630.0, 
            830.0, 
            1400.0, 
            750.0, 
            1600.0, 
            950.0, 
            1500.0, 
            1300.0, 
            1100.0, 
            5500.0, 
            950.0, 
            4000.0, 
            1300.0, 
            1050.0, 
            4000.0, 
            1175.0, 
            920.0, 
            2200.0, 
            1300.0, 
            1100.0, 
            850.0, 
            850.0, 
            850.0, 
            2500.0, 
            1650.0, 
            1700.0, 
            1550.0, 
            700.0, 
            1500.0, 
            16000.0, 
            2400.0, 
            2160.0, 
            4500.0, 
            1350.0, 
            800.0, 
            660.0, 
            2200.0, 
            1300.0, 
            640.0, 
            1300.0, 
            750.0, 
            1250.0, 
            620.0, 
            1700.0, 
            1100.0, 
            2500.0, 
            2800.0, 
            750.0, 
            3600.0, 
            2800.0, 
            1000.0, 
            1150.0, 
            900.0, 
            2430.0, 
            4800.0, 
            2750.0, 
            3800.0, 
            750.0, 
            800.0, 
            850.0, 
            690.0, 
            3500.0, 
            1150.0, 
            1500.0, 
            1600.0, 
            775.0, 
            900.0, 
            2380.0, 
            5500.0, 
            800.0, 
            590.0, 
            700.0, 
            2700.0, 
            950.0, 
            1700.0, 
            1500.0, 
            950.0, 
            1000.0, 
            1400.0, 
            950.0, 
            3000.0, 
            825.0, 
            10000.0, 
            2400.0, 
            1500.0, 
            895.0, 
            4300.0, 
            800.0, 
            6000.0, 
            3800.0, 
            800.0, 
            1000.0, 
            1500.0, 
            1240.0, 
            850.0, 
            1350.0, 
            625.0, 
            2000.0, 
            1350.0, 
            2500.0, 
            1550.0, 
            1550.0, 
            2700.0, 
            1100.0, 
            3500.0, 
            3000.0, 
            1900.0, 
            1500.0, 
            600.0, 
            2100.0, 
            3105.0, 
            800.0, 
            3000.0, 
            650.0, 
            2295.0, 
            1000.0, 
            915.0, 
            2100.0, 
            1600.0, 
            900.0, 
            7450.0, 
            9000.0, 
            1350.0, 
            3500.0, 
            825.0, 
            2900.0, 
            2800.0, 
            3780.0, 
            750.0, 
            2600.0, 
            2200.0, 
            1000.0, 
            800.0, 
            3000.0, 
            975.0, 
            2600.0, 
            1250.0, 
            3000.0, 
            1800.0, 
            3105.0, 
            1575.0, 
            2160.0, 
            900.0, 
            3250.0, 
            2565.0, 
            4300.0, 
            1400.0, 
            3900.0, 
            750.0, 
            870.0, 
            1300.0, 
            975.0, 
            7500.0, 
            1350.0, 
            950.0, 
            1600.0, 
            2700.0, 
            900.0, 
            850.0, 
            1300.0, 
            850.0, 
            2295.0, 
            1100.0, 
            1700.0
        ]
    }, 
    "processed_feature_names": [
        "Area_Almagro", 
        "Area_Arguelles", 
        "Area_Castellana", 
        "Area_Chueca-Justicia", 
        "Area_Conde Orgaz-Piovera", 
        "Area_Cuatro Caminos", 
        "Area_El Viso", 
        "Area_Goya", 
        "Area_Huertas-Cortes", 
        "Area_Ibiza", 
        "Area_Jeronimos", 
        "Area_Lavapies-Embajadores", 
        "Area_Lista", 
        "Area_Malasana-Universidad", 
        "Area_Ni\u00f1o Jesus", 
        "Area_Nueva Espana", 
        "Area_Palacio", 
        "Area_Recoletos", 
        "Area_Sol", 
        "Area_Trafalgar", 
        "Area_Vallehermoso", 
        "Floor", 
        "Sq. Mt.", 
        "num_flagonly:Outer:not_missing", 
        "num_flagonly:Cottage:not_missing", 
        "num_flagonly:Penthouse:not_missing"
    ], 
    "regression_performance": {
        "max_error": 1650.2487496977569, 
        "median_error": -120.06059309917714, 
        "error_distribution": [
            {
                "count": 21, 
                "bin_max": -680.18207297642118, 
                "bin_id": 0, 
                "bin_min": -941.70819863207896
            }, 
            {
                "count": 59, 
                "bin_max": -421.24531490151253, 
                "bin_id": 1, 
                "bin_min": -680.18207297642118
            }, 
            {
                "count": 158, 
                "bin_max": -162.30855682660388, 
                "bin_id": 2, 
                "bin_min": -421.24531490151253
            }, 
            {
                "count": 151, 
                "bin_max": 96.628201248304777, 
                "bin_id": 3, 
                "bin_min": -162.30855682660388
            }, 
            {
                "count": 62, 
                "bin_max": 355.56495932321332, 
                "bin_id": 4, 
                "bin_min": 96.628201248304777
            }, 
            {
                "count": 42, 
                "bin_max": 614.50171739812208, 
                "bin_id": 5, 
                "bin_min": 355.56495932321332
            }, 
            {
                "count": 26, 
                "bin_max": 873.43847547303085, 
                "bin_id": 6, 
                "bin_min": 614.50171739812208
            }, 
            {
                "count": 12, 
                "bin_max": 1132.3752335479394, 
                "bin_id": 7, 
                "bin_min": 873.43847547303085
            }, 
            {
                "count": 11, 
                "bin_max": 1391.3119916228479, 
                "bin_id": 8, 
                "bin_min": 1132.3752335479394
            }, 
            {
                "count": 17, 
                "bin_max": 1650.2487496977569, 
                "bin_id": 9, 
                "bin_min": 1391.3119916228479
            }
        ], 
        "min_error": -939.11883105132983, 
        "average_error": 8.647905487082147, 
        "std_error": 516.10030824, 
        "p75_error": 225.04764116669213, 
        "p90_error": 724.059765558708, 
        "p25_error": -314.76111193269753
    }
}