{
  "state": "DONE",
  "preSearchDescription": {
    "gridLength": 1,
    "importantParams": [
      {
        "name": "trees",
        "vals": [
          "100"
        ]
      },
      {
        "name": "depth",
        "vals": [
          "8"
        ]
      },
      {
        "name": "min_samples",
        "vals": [
          "3"
        ]
      }
    ]
  },
  "postSearchDescription": {
    "importantParams": [
      {
        "name": "trees",
        "val": "100"
      },
      {
        "name": "depth",
        "val": "8"
      },
      {
        "name": "min_samples",
        "val": "3"
      }
    ]
  },
  "sampleWeightsEnabled": false,
  "modelId": "m1",
  "progress": {
    "top_level_todo": [],
    "stack": [],
    "top_level_done": [
      {
        "name": "Loading train set",
        "time": 52
      },
      {
        "name": "Loading test set",
        "time": 39
      },
      {
        "name": "Collecting statistics",
        "time": 97
      },
      {
        "name": "Preprocessing train set",
        "time": 184
      },
      {
        "name": "Preprocessing test set",
        "time": 180
      },
      {
        "name": "Fitting model",
        "time": 1019
      },
      {
        "name": "Saving model",
        "time": 85
      },
      {
        "name": "Scoring model",
        "time": 955
      }
    ]
  },
  "startTime": 1562033155786,
  "endTime": 1562033158404,
  "preprocessingTime": 558,
  "trainingTime": 2060
}