{
    "metrics": {
        "rmse": 776.4053367751411, 
        "pearson": 0.84633221672623915, 
        "mae": 400.207302755238, 
        "r2": 0.70884150655794897, 
        "mape": 0.22844708185698998, 
        "mse": 602805.24697292026, 
        "evs": 0.70890551200951446, 
        "rmsle": 0.28391984100434625
    }, 
    "scatterPlotData": {
        "y": [
            1766.7265, 
            1065.7486, 
            1770.4393, 
            1653.9132, 
            3683.8301, 
            1263.3038, 
            1248.7938, 
            1247.7219, 
            1063.2646, 
            1558.3793, 
            2166.4478, 
            924.6982, 
            1205.4296, 
            843.6743, 
            2328.1893, 
            1367.2215, 
            1605.1509, 
            765.5855, 
            2353.9424, 
            242.633, 
            2104.7465, 
            2341.0722, 
            1463.4391, 
            3026.8377, 
            1176.4095, 
            959.4227, 
            1479.3493, 
            1716.3848, 
            3278.7106, 
            1271.7776, 
            1053.9556, 
            5334.9104, 
            805.2317, 
            1176.4095, 
            1634.2924, 
            1407.9064, 
            3125.3025, 
            2877.2944, 
            1762.3301, 
            2157.0337, 
            3122.9789, 
            1162.0654, 
            2991.3627, 
            732.3601, 
            1253.557, 
            1193.6889, 
            1081.2556, 
            446.5775, 
            1112.8308, 
            3352.1927, 
            2646.1051, 
            1252.9516, 
            2029.681, 
            1462.8454, 
            1173.4744, 
            1382.5144, 
            1815.5061, 
            1513.2929, 
            1479.3493, 
            2663.5725, 
            811.7191, 
            1159.4913, 
            854.4663, 
            707.7113, 
            2415.8508, 
            912.4541, 
            2067.9989, 
            1644.9419, 
            2310.7289, 
            1213.9034, 
            1219.2069, 
            4524.6714, 
            765.5855, 
            4843.643, 
            1624.8932, 
            1677.4907, 
            5996.0293, 
            2047.4579, 
            3477.314, 
            1795.4148, 
            707.7113, 
            3557.8919, 
            1054.9566, 
            4430.4142, 
            3338.3499, 
            1150.4905, 
            858.0184, 
            2038.8182, 
            1077.0987, 
            1040.2807, 
            985.1758, 
            823.4598, 
            1965.4946, 
            1017.2969, 
            1827.2604, 
            1671.9521, 
            1993.2861, 
            2866.3365, 
            1581.4767, 
            803.2452, 
            921.763, 
            649.0543, 
            3832.6268, 
            4224.9125, 
            808.9497, 
            941.9775, 
            1290.6113, 
            3986.3583, 
            1492.6249, 
            4572.3236, 
            3507.4381, 
            1046.3652, 
            1286.4535, 
            1418.5887, 
            3375.8268, 
            6461.9582, 
            5749.1104, 
            670.0516, 
            748.1404, 
            1071.3434, 
            863.8888, 
            463.8568, 
            843.6743, 
            765.5855, 
            599.9856, 
            1512.101, 
            1768.8426, 
            3575.2848, 
            1591.4768, 
            904.3178, 
            1462.8454, 
            817.5894, 
            1286.4535, 
            2973.4453, 
            2154.1117, 
            2834.2599, 
            3026.9992, 
            1323.9473, 
            1292.158, 
            1458.3157, 
            1563.1796, 
            1807.3214, 
            544.8807, 
            1478.4025, 
            3569.1795, 
            2053.2487, 
            2637.7749, 
            724.9907, 
            1717.2029, 
            823.4598, 
            3180.9211, 
            1228.5792, 
            2706.7708, 
            2050.0836, 
            1388.0718, 
            1006.9331, 
            803.2452, 
            959.4227, 
            1918.423, 
            1832.3987, 
            917.9353, 
            2024.1424, 
            2883.1961, 
            3838.0335, 
            2524.7958, 
            1312.2628, 
            1739.0644, 
            996.2995, 
            1353.1815, 
            730.861, 
            2318.2785, 
            988.2769, 
            823.4598, 
            881.334, 
            1911.6902, 
            1302.8403, 
            6700.2691, 
            999.8517, 
            1112.8308, 
            1169.7041, 
            1804.0545, 
            1532.4603, 
            1073.2831, 
            2381.5012, 
            788.5694, 
            2203.3036, 
            2328.1893, 
            1644.6879, 
            2394.4276, 
            1905.6246, 
            813.3525, 
            1051.4908, 
            1424.344, 
            1329.6518, 
            863.7229, 
            3022.6798, 
            2912.8331, 
            1515.0151, 
            3178.1016, 
            4076.1877, 
            1406.0183, 
            817.5894, 
            1428.5009, 
            1410.3866, 
            1581.0315, 
            1519.7783, 
            1611.3267, 
            1031.8069, 
            1720.4271, 
            1475.8512, 
            1540.6802, 
            1596.039, 
            4026.7408, 
            3118.9914, 
            3086.7838, 
            1318.077, 
            680.8436, 
            1338.4573, 
            1479.3493, 
            1568.8823, 
            1905.6246, 
            446.5775, 
            2416.3916, 
            2134.3835, 
            793.8227, 
            1037.5114, 
            806.0146, 
            727.9258, 
            1966.3817, 
            1558.3793, 
            1266.2389, 
            1506.0999, 
            909.5712, 
            2423.7232, 
            928.8444, 
            3317.4663, 
            986.9751, 
            2207.8786, 
            823.4598, 
            2597.3458, 
            1378.2694, 
            1951.7581, 
            3208.0745, 
            1442.6309, 
            2722.7907, 
            1149.6715, 
            963.5689, 
            1483.0599, 
            806.0146, 
            693.2013, 
            1203.6391, 
            2950.2433, 
            1347.097, 
            1139.1298, 
            2399.9203, 
            1548.4686, 
            3042.8944, 
            1960.7295, 
            2101.4576, 
            2395.1496, 
            1332.4211, 
            4190.3538, 
            2620.3297, 
            2051.6157, 
            797.3749, 
            4557.8136, 
            993.7081, 
            1095.3856, 
            1020.0662, 
            1141.685, 
            1094.5505, 
            817.4236, 
            2323.0862, 
            2032.7298, 
            1440.3886, 
            1667.816, 
            1071.3434, 
            1359.144, 
            1196.4582, 
            1720.1176, 
            1750.0408, 
            1655.8408, 
            2699.9685, 
            2571.0476, 
            3720.7436, 
            2093.7573, 
            898.6133, 
            785.8001, 
            1867.7991, 
            2426.1902, 
            806.0146, 
            993.494, 
            1274.5691, 
            1763.5158, 
            1598.9219, 
            1495.7441, 
            988.2769, 
            678.0743, 
            4082.5919, 
            765.5855, 
            1115.6001, 
            1480.2906, 
            2001.1585, 
            826.3949, 
            1031.8069, 
            2511.9255, 
            761.0258, 
            806.0146, 
            2699.9685, 
            2328.1893, 
            2352.7232, 
            2457.2288, 
            1493.7931, 
            1332.7528, 
            837.8039, 
            872.5284, 
            1592.032, 
            1135.9805, 
            1804.2203, 
            4802.0637, 
            2142.6601, 
            1173.6402, 
            1619.0229, 
            3386.3331, 
            2821.5111, 
            637.4794, 
            1485.9951, 
            2157.336, 
            840.7391, 
            693.2013, 
            1873.2496, 
            1185.2633, 
            831.4824, 
            1211.1341, 
            1347.097, 
            1294.9273, 
            629.6226, 
            2505.1749, 
            1427.1796, 
            2399.9517, 
            539.1762, 
            5140.9074, 
            2371.3876, 
            785.8001, 
            1452.6494, 
            5380.7253, 
            2130.5979, 
            513.0913, 
            1494.683, 
            2069.6066, 
            1508.4916, 
            1905.6246, 
            1101.166, 
            562.3259, 
            1211.1341, 
            3055.7773, 
            762.6504, 
            2060.3408, 
            1289.2228, 
            3639.113, 
            2701.1877, 
            2853.215, 
            666.7136, 
            2069.1463, 
            2813.2275, 
            1022.8355, 
            898.6133, 
            4145.2737, 
            1946.0536, 
            1838.4415, 
            1518.4773, 
            2969.125, 
            1306.668, 
            1292.158, 
            1023.0014, 
            562.3259, 
            2033.3109, 
            2579.9006, 
            1153.2598, 
            1170.705, 
            1754.9858, 
            487.0065, 
            1502.9854, 
            1273.1661, 
            1503.2744, 
            2663.6416, 
            4470.0622, 
            1144.6202, 
            2287.4286, 
            1727.241, 
            1156.0292, 
            3048.9788, 
            2775.2879, 
            4285.8878, 
            1384.7567, 
            979.6372, 
            863.8888, 
            1779.7753, 
            717.6616, 
            1558.3793, 
            1077.7746, 
            1963.5852, 
            1271.7776, 
            1211.1341, 
            5049.8274, 
            1170.705, 
            3843.3873, 
            1526.1351, 
            1618.8997, 
            3632.9241, 
            582.5404, 
            1462.9879, 
            2348.4038, 
            1503.2744, 
            2546.5603, 
            1202.4944, 
            934.6484, 
            863.8888, 
            2142.826, 
            1479.4715, 
            1714.6431, 
            1931.3778, 
            1002.7869, 
            1792.5358, 
            5168.1836, 
            2266.7267, 
            2166.9087, 
            3789.7518, 
            1420.5283, 
            643.1839, 
            764.8027, 
            1566.7317, 
            1271.7776, 
            959.4227, 
            1914.4596, 
            408.9178, 
            1162.0654, 
            941.9775, 
            1580.8325, 
            1018.4417, 
            2099.4618, 
            2499.8203, 
            959.4227, 
            4259.8029, 
            2775.7336, 
            1321.0121, 
            1217.2185, 
            507.221, 
            1784.367, 
            3221.0022, 
            2967.2829, 
            4266.3256, 
            863.8888, 
            979.6372, 
            1372.4071, 
            884.2691, 
            3182.4305, 
            1976.3817, 
            1615.4118, 
            1728.4136, 
            857.4014, 
            748.1404, 
            3102.0766, 
            4223.3473, 
            710.4806, 
            765.5855, 
            748.1404, 
            3014.652, 
            968.0624, 
            1633.6987, 
            2174.4717, 
            892.5771, 
            1259.6993, 
            1298.0283, 
            921.763, 
            3256.127, 
            1192.7476, 
            2507.8964, 
            2021.373, 
            1653.9132, 
            1228.2475, 
            3161.5257, 
            1030.7485, 
            4472.0124, 
            3002.4653, 
            765.5855, 
            1124.4057, 
            2258.9544, 
            1917.8118, 
            806.0146, 
            999.8517, 
            706.9285, 
            2917.1212, 
            1347.097, 
            2510.6469, 
            1574.8169, 
            1277.3724, 
            1614.1222, 
            1460.0761, 
            1789.8348, 
            3097.6886, 
            2059.1191, 
            2034.256, 
            1155.906, 
            2446.707, 
            2183.1453, 
            863.8888, 
            4949.155, 
            863.8888, 
            1631.8107, 
            1156.195, 
            1033.6837, 
            2596.8909, 
            1472.7957, 
            1102.9201, 
            7221.137, 
            6308.3842, 
            1578.5938, 
            2791.183, 
            748.1404, 
            2715.8636, 
            2868.3323, 
            1954.5719, 
            982.5724, 
            2751.5316, 
            2328.7829, 
            1500.5051, 
            797.3749, 
            1665.5744, 
            881.334, 
            2426.4925, 
            1037.5114, 
            2603.7052, 
            1546.529, 
            2275.744, 
            2280.9634, 
            1674.6547, 
            1234.2837, 
            2882.5628, 
            1400.9215, 
            3600.9244, 
            1413.825, 
            3857.4527, 
            610.7414, 
            735.9485, 
            939.2082, 
            1501.0988, 
            5289.7742, 
            1693.6891, 
            982.5724, 
            1804.0545, 
            2206.6569, 
            1172.6326, 
            863.8888, 
            1328.7105, 
            901.5485, 
            1598.3886, 
            979.6372, 
            2161.7703
        ], 
        "x": [
            1700.0, 
            800.0, 
            1800.0, 
            1500.0, 
            3900.0, 
            1200.0, 
            975.0, 
            890.0, 
            950.0, 
            1200.0, 
            2000.0, 
            900.0, 
            1000.0, 
            980.0, 
            2800.0, 
            1100.0, 
            950.0, 
            750.0, 
            2200.0, 
            500.0, 
            3240.0, 
            3300.0, 
            1100.0, 
            2300.0, 
            1150.0, 
            900.0, 
            1400.0, 
            1700.0, 
            2950.0, 
            780.0, 
            1852.0, 
            8000.0, 
            900.0, 
            1100.0, 
            1300.0, 
            1000.0, 
            4320.0, 
            3500.0, 
            1000.0, 
            2100.0, 
            2300.0, 
            760.0, 
            3950.0, 
            700.0, 
            1250.0, 
            1190.0, 
            1100.0, 
            950.0, 
            1000.0, 
            4000.0, 
            2970.0, 
            850.0, 
            1800.0, 
            1300.0, 
            900.0, 
            1100.0, 
            1300.0, 
            1300.0, 
            1200.0, 
            2250.0, 
            750.0, 
            850.0, 
            650.0, 
            575.0, 
            2700.0, 
            850.0, 
            1500.0, 
            1200.0, 
            2495.0, 
            1300.0, 
            1300.0, 
            8000.0, 
            800.0, 
            5000.0, 
            1250.0, 
            1100.0, 
            6000.0, 
            2000.0, 
            3500.0, 
            1950.0, 
            950.0, 
            3800.0, 
            840.0, 
            4100.0, 
            4000.0, 
            995.0, 
            750.0, 
            1900.0, 
            1200.0, 
            700.0, 
            1300.0, 
            825.0, 
            2000.0, 
            1400.0, 
            1200.0, 
            1300.0, 
            950.0, 
            2250.0, 
            1200.0, 
            1250.0, 
            1060.0, 
            640.0, 
            3000.0, 
            3900.0, 
            1200.0, 
            650.0, 
            925.0, 
            5000.0, 
            1290.0, 
            3600.0, 
            2900.0, 
            850.0, 
            1100.0, 
            1400.0, 
            2650.0, 
            5500.0, 
            6500.0, 
            850.0, 
            650.0, 
            675.0, 
            550.0, 
            730.0, 
            675.0, 
            700.0, 
            700.0, 
            1150.0, 
            1500.0, 
            3300.0, 
            950.0, 
            790.0, 
            1250.0, 
            600.0, 
            915.0, 
            2900.0, 
            1950.0, 
            2800.0, 
            3500.0, 
            1300.0, 
            1200.0, 
            730.0, 
            1150.0, 
            1900.0, 
            700.0, 
            2295.0, 
            4700.0, 
            2000.0, 
            3200.0, 
            500.0, 
            1600.0, 
            720.0, 
            1600.0, 
            1300.0, 
            1600.0, 
            1600.0, 
            900.0, 
            750.0, 
            800.0, 
            750.0, 
            1400.0, 
            2500.0, 
            650.0, 
            1700.0, 
            2650.0, 
            3450.0, 
            2600.0, 
            700.0, 
            2000.0, 
            1175.0, 
            1100.0, 
            710.0, 
            2430.0, 
            680.0, 
            800.0, 
            765.0, 
            2970.0, 
            1550.0, 
            7500.0, 
            1050.0, 
            1000.0, 
            950.0, 
            1600.0, 
            1550.0, 
            900.0, 
            1500.0, 
            1090.0, 
            2750.0, 
            2500.0, 
            1600.0, 
            4500.0, 
            2400.0, 
            725.0, 
            900.0, 
            940.0, 
            850.0, 
            850.0, 
            3500.0, 
            2650.0, 
            1000.0, 
            2200.0, 
            2900.0, 
            1400.0, 
            800.0, 
            1090.0, 
            1150.0, 
            1590.0, 
            1450.0, 
            1400.0, 
            690.0, 
            1850.0, 
            1100.0, 
            1200.0, 
            1500.0, 
            4500.0, 
            2200.0, 
            2500.0, 
            900.0, 
            880.0, 
            1250.0, 
            1150.0, 
            940.0, 
            1400.0, 
            800.0, 
            2800.0, 
            1500.0, 
            700.0, 
            800.0, 
            1000.0, 
            775.0, 
            1700.0, 
            1200.0, 
            850.0, 
            1600.0, 
            1699.0, 
            2500.0, 
            1215.0, 
            3000.0, 
            1200.0, 
            2400.0, 
            950.0, 
            2500.0, 
            1400.0, 
            2300.0, 
            3500.0, 
            1400.0, 
            3000.0, 
            800.0, 
            900.0, 
            1200.0, 
            850.0, 
            1000.0, 
            950.0, 
            3300.0, 
            1200.0, 
            850.0, 
            2300.0, 
            2565.0, 
            3500.0, 
            2700.0, 
            1600.0, 
            1250.0, 
            1200.0, 
            3500.0, 
            2800.0, 
            2700.0, 
            700.0, 
            3500.0, 
            950.0, 
            900.0, 
            1200.0, 
            1250.0, 
            2430.0, 
            700.0, 
            1250.0, 
            1700.0, 
            1450.0, 
            2150.0, 
            900.0, 
            750.0, 
            1300.0, 
            1300.0, 
            1600.0, 
            1100.0, 
            3375.0, 
            2800.0, 
            3149.0, 
            1700.0, 
            800.0, 
            630.0, 
            2700.0, 
            2750.0, 
            725.0, 
            780.0, 
            600.0, 
            2100.0, 
            1800.0, 
            1325.0, 
            900.0, 
            700.0, 
            4300.0, 
            750.0, 
            1000.0, 
            1300.0, 
            1700.0, 
            900.0, 
            800.0, 
            2800.0, 
            750.0, 
            680.0, 
            1800.0, 
            1900.0, 
            1400.0, 
            1500.0, 
            1300.0, 
            1200.0, 
            925.0, 
            950.0, 
            2500.0, 
            855.0, 
            1450.0, 
            5700.0, 
            1600.0, 
            750.0, 
            1500.0, 
            3000.0, 
            2500.0, 
            725.0, 
            1450.0, 
            1800.0, 
            800.0, 
            630.0, 
            1800.0, 
            1200.0, 
            1050.0, 
            1000.0, 
            1300.0, 
            800.0, 
            1440.0, 
            1800.0, 
            950.0, 
            2250.0, 
            900.0, 
            4800.0, 
            2300.0, 
            750.0, 
            1200.0, 
            4300.0, 
            1600.0, 
            925.0, 
            2500.0, 
            2300.0, 
            1850.0, 
            2500.0, 
            1400.0, 
            725.0, 
            1200.0, 
            2900.0, 
            500.0, 
            2300.0, 
            800.0, 
            3700.0, 
            2800.0, 
            3900.0, 
            800.0, 
            2300.0, 
            2800.0, 
            1100.0, 
            870.0, 
            3500.0, 
            1800.0, 
            2295.0, 
            1100.0, 
            2000.0, 
            2200.0, 
            900.0, 
            800.0, 
            750.0, 
            4300.0, 
            2950.0, 
            1750.0, 
            749.0, 
            1300.0, 
            1000.0, 
            1250.0, 
            1200.0, 
            1250.0, 
            3200.0, 
            3400.0, 
            1195.0, 
            2750.0, 
            1850.0, 
            790.0, 
            4500.0, 
            2200.0, 
            4500.0, 
            999.0, 
            630.0, 
            830.0, 
            1400.0, 
            750.0, 
            1600.0, 
            950.0, 
            1500.0, 
            1300.0, 
            1100.0, 
            5500.0, 
            950.0, 
            4000.0, 
            1300.0, 
            1050.0, 
            4000.0, 
            1175.0, 
            920.0, 
            2200.0, 
            1300.0, 
            1100.0, 
            850.0, 
            850.0, 
            850.0, 
            2500.0, 
            1650.0, 
            1700.0, 
            1550.0, 
            700.0, 
            1500.0, 
            16000.0, 
            2400.0, 
            2160.0, 
            4500.0, 
            1350.0, 
            800.0, 
            660.0, 
            2200.0, 
            1300.0, 
            640.0, 
            1300.0, 
            750.0, 
            1250.0, 
            620.0, 
            1700.0, 
            1100.0, 
            2500.0, 
            2800.0, 
            750.0, 
            3600.0, 
            2800.0, 
            1000.0, 
            1150.0, 
            900.0, 
            2430.0, 
            4800.0, 
            2750.0, 
            3800.0, 
            750.0, 
            800.0, 
            850.0, 
            690.0, 
            3500.0, 
            1150.0, 
            1500.0, 
            1600.0, 
            775.0, 
            900.0, 
            2380.0, 
            5500.0, 
            800.0, 
            590.0, 
            700.0, 
            2700.0, 
            950.0, 
            1700.0, 
            1500.0, 
            950.0, 
            1000.0, 
            1400.0, 
            950.0, 
            3000.0, 
            825.0, 
            10000.0, 
            2400.0, 
            1500.0, 
            895.0, 
            4300.0, 
            800.0, 
            6000.0, 
            3800.0, 
            800.0, 
            1000.0, 
            1500.0, 
            1240.0, 
            850.0, 
            1350.0, 
            625.0, 
            2000.0, 
            1350.0, 
            2500.0, 
            1550.0, 
            1550.0, 
            2700.0, 
            1100.0, 
            3500.0, 
            3000.0, 
            1900.0, 
            1500.0, 
            600.0, 
            2100.0, 
            3105.0, 
            800.0, 
            3000.0, 
            650.0, 
            2295.0, 
            1000.0, 
            915.0, 
            2100.0, 
            1600.0, 
            900.0, 
            7450.0, 
            9000.0, 
            1350.0, 
            3500.0, 
            825.0, 
            2900.0, 
            2800.0, 
            3780.0, 
            750.0, 
            2600.0, 
            2200.0, 
            1000.0, 
            800.0, 
            3000.0, 
            975.0, 
            2600.0, 
            1250.0, 
            3000.0, 
            1800.0, 
            3105.0, 
            1575.0, 
            2160.0, 
            900.0, 
            3250.0, 
            2565.0, 
            4300.0, 
            1400.0, 
            3900.0, 
            750.0, 
            870.0, 
            1300.0, 
            975.0, 
            7500.0, 
            1350.0, 
            950.0, 
            1600.0, 
            2700.0, 
            900.0, 
            850.0, 
            1300.0, 
            850.0, 
            2295.0, 
            1100.0, 
            1700.0
        ]
    }, 
    "processed_feature_names": [
        "Area_Almagro", 
        "Area_Arguelles", 
        "Area_Castellana", 
        "Area_Chueca-Justicia", 
        "Area_Conde Orgaz-Piovera", 
        "Area_Cuatro Caminos", 
        "Area_El Viso", 
        "Area_Goya", 
        "Area_Huertas-Cortes", 
        "Area_Ibiza", 
        "Area_Jeronimos", 
        "Area_Lavapies-Embajadores", 
        "Area_Lista", 
        "Area_Malasana-Universidad", 
        "Area_Ni\u00f1o Jesus", 
        "Area_Nueva Espana", 
        "Area_Palacio", 
        "Area_Recoletos", 
        "Area_Sol", 
        "Area_Trafalgar", 
        "Area_Vallehermoso", 
        "Cottage", 
        "Floor", 
        "Outer", 
        "Penthouse", 
        "Sq. Mt."
    ], 
    "regression_performance": {
        "max_error": 1515.6729587577747, 
        "median_error": -73.24960812308427, 
        "error_distribution": [
            {
                "count": 27, 
                "bin_max": -727.89211221536152, 
                "bin_id": 0, 
                "bin_min": -979.66997018012455
            }, 
            {
                "count": 48, 
                "bin_max": -478.60710432945746, 
                "bin_id": 1, 
                "bin_min": -727.89211221536152
            }, 
            {
                "count": 106, 
                "bin_max": -229.32209644355339, 
                "bin_id": 2, 
                "bin_min": -478.60710432945746
            }, 
            {
                "count": 168, 
                "bin_max": 19.96291144235056, 
                "bin_id": 3, 
                "bin_min": -229.32209644355339
            }, 
            {
                "count": 98, 
                "bin_max": 269.24791932825451, 
                "bin_id": 4, 
                "bin_min": 19.96291144235056
            }, 
            {
                "count": 50, 
                "bin_max": 518.53292721415869, 
                "bin_id": 5, 
                "bin_min": 269.24791932825451
            }, 
            {
                "count": 21, 
                "bin_max": 767.81793510006264, 
                "bin_id": 6, 
                "bin_min": 518.53292721415869
            }, 
            {
                "count": 17, 
                "bin_max": 1017.1029429859666, 
                "bin_id": 7, 
                "bin_min": 767.81793510006264
            }, 
            {
                "count": 8, 
                "bin_max": 1266.3879508718708, 
                "bin_id": 8, 
                "bin_min": 1017.1029429859666
            }, 
            {
                "count": 16, 
                "bin_max": 1515.6729587577747, 
                "bin_id": 9, 
                "bin_min": 1266.3879508718708
            }
        ], 
        "min_error": -977.17712010126547, 
        "average_error": -22.855665129016714, 
        "std_error": 485.14840572890625, 
        "p75_error": 179.18538915193074, 
        "p90_error": 601.9332491067624, 
        "p25_error": -320.2174110151259
    }
}