{
  "state": "DONE",
  "preSearchDescription": {
    "gridLength": 1,
    "importantParams": []
  },
  "postSearchDescription": {
    "importantParams": []
  },
  "sampleWeightsEnabled": false,
  "modelId": "m1",
  "progress": {
    "top_level_todo": [],
    "stack": [],
    "top_level_done": [
      {
        "name": "Loading train set",
        "time": 26
      },
      {
        "name": "Loading test set",
        "time": 16
      },
      {
        "name": "Collecting statistics",
        "time": 48
      },
      {
        "name": "Preprocessing train set",
        "time": 24
      },
      {
        "name": "Preprocessing test set",
        "time": 19
      },
      {
        "name": "Fitting model",
        "time": 18
      },
      {
        "name": "Saving model",
        "time": 2
      },
      {
        "name": "Scoring model",
        "time": 78
      }
    ]
  },
  "startTime": 1562033234124,
  "endTime": 1562033234360,
  "preprocessingTime": 138,
  "trainingTime": 98
}