{
    "rawImportance": {
        "variables": [
            "Duplex", 
            "Elevator", 
            "Floor", 
            "Outer", 
            "Penthouse", 
            "Sq. Mt.", 
            "num_binarized:Penthouse:above:0.0", 
            "num_binarized:Duplex:above:0.0", 
            "dummy:Area:Recoletos", 
            "dummy:Area:Chueca-Justicia", 
            "dummy:Area:Castellana", 
            "dummy:Area:Goya", 
            "dummy:Area:Almagro", 
            "dummy:Area:Arguelles", 
            "dummy:Area:Cuatro Caminos", 
            "dummy:Area:Bernabeu-Hispanoamerica", 
            "dummy:Area:Nueva Espana", 
            "dummy:Area:Lavapies-Embajadores", 
            "dummy:Area:Malasana-Universidad", 
            "dummy:Area:Palacio", 
            "dummy:Area:El Viso", 
            "dummy:Area:Ibiza", 
            "dummy:Area:Lista", 
            "dummy:Area:Cuzco-Castillejos", 
            "dummy:Area:Sol", 
            "dummy:Area:Las Tablas", 
            "dummy:Area:Huertas-Cortes", 
            "dummy:Area:Trafalgar", 
            "dummy:Area:Castilla", 
            "dummy:Area:Barajas", 
            "dummy:Area:Vallehermoso", 
            "dummy:Area:Aravaca", 
            "dummy:Area:Ciudad Jardin", 
            "dummy:Area:Gaztambide", 
            "dummy:Area:San Diego", 
            "dummy:Area:Valdemarin", 
            "dummy:Area:Ensanche de Vallecas - La Gavia", 
            "dummy:Area:Bellas Vistas", 
            "dummy:Area:Valdezarza", 
            "dummy:Area:Jeronimos", 
            "dummy:Area:Conde Orgaz-Piovera", 
            "dummy:Area:La Paz", 
            "dummy:Area:Costillares", 
            "dummy:Area:Pilar", 
            "dummy:Area:Ventilla-Almenara", 
            "dummy:Area:Ni\u00f1o Jesus", 
            "dummy:Area:Delicias", 
            "dummy:Area:Mirasierra", 
            "dummy:Area:Puerta Bonita", 
            "dummy:Area:San Andres", 
            "dummy:Area:Media Legua", 
            "dummy:Area:Ambroz", 
            "dummy:Area:__Others__"
        ], 
        "importances": [
            0.00048750426741461198, 
            0.003994169885233506, 
            0.032077903576757036, 
            0.0007393863757168607, 
            0.0019371684159110315, 
            0.87888247360130678, 
            0.0020838603156074038, 
            0.00019293525662977779, 
            0.035170191454872983, 
            0.0041257459726855364, 
            0.0097645100501283968, 
            0.0057970413746401698, 
            0.0081418232500119828, 
            0.0012859700003667216, 
            0.0049001270485032741, 
            0.0002016048987458994, 
            0.0004669007488195596, 
            0.00017822107954260392, 
            0.0002982207661137958, 
            0.00050500363923494304, 
            0.0020515462114124657, 
            0.00029705808293540198, 
            0.00027394599618299243, 
            7.2673656738702158e-05, 
            0.00016770148599151355, 
            3.6305743342410912e-05, 
            0.00038197541519209945, 
            0.0002478648155351767, 
            3.1599903588884793e-05, 
            3.9584125716346112e-05, 
            0.0012268008883647855, 
            1.3314236977536203e-05, 
            7.9838822848789421e-05, 
            5.8370999308122766e-07, 
            0.00010084867562497533, 
            8.9961353604785055e-06, 
            4.3444433814565236e-06, 
            1.0311418291118147e-06, 
            9.9348124741099935e-05, 
            0.001737463538386279, 
            0.00075734203225934433, 
            0.00038442559758698145, 
            0.00010769318681681926, 
            3.3195614214097629e-05, 
            4.3684080797513418e-05, 
            0.00021077718730147293, 
            9.6934705890757485e-05, 
            4.0536840659026142e-05, 
            8.0232626022611396e-07, 
            6.0396799186522265e-06, 
            5.8082702665398581e-05, 
            8.6001260278331828e-07, 
            0.0001560389006406107
        ]
    }, 
    "modelInputNRows": 1874, 
    "partialDependencies": [
        {
            "featureBins": [
                0.0, 
                1.0
            ], 
            "data": [
                [
                    -5.853586619203497, 
                    -5.853586619203497
                ]
            ], 
            "feature": "Cottage"
        }, 
        {
            "featureBins": [
                0.0, 
                1.0
            ], 
            "data": [
                [
                    -5.432580855001106, 
                    -11.247011505342243
                ]
            ], 
            "feature": "Duplex"
        }, 
        {
            "featureBins": [
                0.0, 
                1.0
            ], 
            "data": [
                [
                    -64.52175085794966, 
                    13.904693312921836
                ]
            ], 
            "feature": "Elevator"
        }, 
        {
            "featureBins": [
                -0.50000014918663505, 
                -1.6552745396580804e-07, 
                0.50000017035427602, 
                0.99999997790218353, 
                1.999999945220547, 
                3.0000000005945475, 
                4.0000000119407293, 
                5.0000000232869111, 
                5.999999990605275, 
                6.999999957923638, 
                7.9999999252420011, 
                8.9999998925603641, 
                10.000000212101277, 
                11.00000017941964, 
                12.000000146738003, 
                13.000000114056366, 
                14.000000081374729, 
                15.000000048693092, 
                16.000000016011455, 
                17.000000687774918, 
                19.999999885284911, 
                23.000000491685096, 
                23.999999754558363, 
                25.000000426321826, 
                28.000001032722011, 
                29.000000295595278
            ], 
            "data": [
                [
                    -16.257567699178026, 
                    -16.257567699178026, 
                    -12.820233278467413, 
                    -17.87410533270281, 
                    -37.06270089497616, 
                    -48.26639204913613, 
                    -31.672213355414897, 
                    -12.991605423667124, 
                    23.94887485808954, 
                    87.25819536463314, 
                    91.45642920793853, 
                    111.4567473552604, 
                    173.98629672411175, 
                    282.21457878126216, 
                    289.8706598786132, 
                    371.658218403966, 
                    378.40740657466426, 
                    440.3004020016949, 
                    481.49407909556317, 
                    496.5347647850342, 
                    518.3199965946321, 
                    525.3696504555649, 
                    525.3696504555649, 
                    525.3696504555649, 
                    525.3696504555649, 
                    525.3696504555649
                ]
            ], 
            "feature": "Floor"
        }, 
        {
            "featureBins": [
                0.0, 
                1.0
            ], 
            "data": [
                [
                    -11.241414526431072, 
                    -5.337886458875573
                ]
            ], 
            "feature": "Outer"
        }, 
        {
            "featureBins": [
                0.0, 
                1.0
            ], 
            "data": [
                [
                    -8.036494765389307, 
                    -0.4091423926670359
                ]
            ], 
            "feature": "Penthouse"
        }, 
        {
            "featureBins": [
                40.220000270866677, 
                42.558990194571905, 
                44.897980118277118, 
                47.236970041982346, 
                49.575959965687559, 
                51.91494988939278, 
                54.253939813098, 
                56.592929736803214, 
                58.931919660508441, 
                61.270909584213662, 
                63.609899507918875, 
                65.948889431624096, 
                68.287879355329309, 
                70.626869279034537, 
                72.96585920273975, 
                75.304849126444978, 
                77.643839050150191, 
                79.982828973855419, 
                82.321818897560632, 
                84.660808821265846, 
                86.999798744971059, 
                89.338788668676287, 
                91.677778592381514, 
                94.016768516086728, 
                96.355758439791956, 
                98.694748363497169, 
                101.03373828720238, 
                103.37272821090761, 
                105.71171813461284, 
                108.05070805831805, 
                110.38969798202326, 
                112.72868790572848, 
                115.06767782943371, 
                117.40666775313893, 
                119.74565767684415, 
                122.08464760054937, 
                124.42363752425459, 
                126.7626274479598, 
                129.10161737166501, 
                131.44060729537026, 
                133.77959721907547, 
                136.11858714278068, 
                138.4575770664859, 
                140.79656699019114, 
                143.13555691389635, 
                145.47454683760157, 
                147.81353676130678, 
                150.15252668501199, 
                152.49151660871723, 
                154.83050653242245, 
                157.16949645612766, 
                159.50848637983287, 
                161.84747630353809, 
                164.18646622724333, 
                166.52545615094854, 
                168.86444607465376, 
                171.203435998359, 
                173.54242592206418, 
                175.88141584576942, 
                178.22040576947464, 
                180.55939569317985, 
                182.89838561688509, 
                185.23737554059028, 
                187.57636546429552, 
                189.91535538800073, 
                192.25434531170595, 
                194.59333523541119, 
                196.93232515911637, 
                199.27131508282162, 
                201.61030500652686, 
                203.94929493023204, 
                206.28828485393728, 
                208.62727477764247, 
                210.96626470134771, 
                213.30525462505295, 
                215.64424454875814, 
                217.98323447246338, 
                220.32222439616856, 
                222.66121431987381, 
                225.00020424357905, 
                227.33919416728423, 
                229.67818409098948, 
                232.01717401469469, 
                234.35616393839993, 
                236.69515386210514, 
                239.03414378581039, 
                241.37313370951557, 
                243.71212363322076, 
                246.051113556926, 
                248.39010348063124, 
                250.72909340433648, 
                253.06808332804167, 
                255.40707325174685, 
                257.74606317545209, 
                260.08505309915734, 
                262.42404302286258, 
                264.76303294656776, 
                267.10202287027295, 
                269.44101279397819, 
                271.78000271768337
            ], 
            "data": [
                [
                    -884.7460161377528, 
                    -877.7882818460487, 
                    -877.209468185296, 
                    -867.242744053321, 
                    -851.4544226999395, 
                    -853.7933555145482, 
                    -850.9713462995918, 
                    -799.7675908404194, 
                    -796.8588972493083, 
                    -772.0004354044715, 
                    -751.0242152732628, 
                    -723.647815395067, 
                    -688.3672025727242, 
                    -610.4829347378766, 
                    -606.2526809054368, 
                    -595.0992790274149, 
                    -556.9782190314695, 
                    -449.23900005884116, 
                    -447.60509547066226, 
                    -441.06838777112057, 
                    -428.755318764516, 
                    -396.44973518706865, 
                    -391.7801519860427, 
                    -392.9836996682941, 
                    -385.36284199705574, 
                    -373.1622146119241, 
                    -366.59083991608463, 
                    -332.39458524411907, 
                    -223.47789631069327, 
                    -223.68919495298496, 
                    1.128923601993165, 
                    63.88491942615724, 
                    65.50427376314155, 
                    63.27672605442535, 
                    197.64294017807651, 
                    204.59717066537905, 
                    229.6115780842067, 
                    231.51814415792091, 
                    257.8401611471447, 
                    255.5279195619653, 
                    261.6282648731715, 
                    262.4960012337608, 
                    270.30928282896434, 
                    306.8431912137228, 
                    306.00968999921884, 
                    323.3056941023999, 
                    331.1086282626213, 
                    354.37843600512883, 
                    354.37843600512883, 
                    498.8763047483019, 
                    578.4163631524191, 
                    614.2766963760848, 
                    605.7017496226842, 
                    625.3816616555021, 
                    686.3645310086983, 
                    758.8607595569267, 
                    786.0100289624413, 
                    780.4373644241125, 
                    844.5897830335973, 
                    870.6749439250118, 
                    882.2099141958645, 
                    985.1952790479284, 
                    1144.035802578551, 
                    1312.89197923691, 
                    1025.775277365038, 
                    1000.3702879634864, 
                    981.518611375817, 
                    1010.008379479011, 
                    1064.9188877828449, 
                    1145.4653981471367, 
                    1123.6131973296058, 
                    1354.0775727889798, 
                    1324.552511699673, 
                    1294.893348503885, 
                    1299.0447074255114, 
                    1346.3311661918035, 
                    1477.850708425074, 
                    1545.5140794395445, 
                    1588.9725529997165, 
                    1647.508329181568, 
                    1640.9661599785693, 
                    1686.4522595589885, 
                    1735.3967096978683, 
                    1802.6719248454717, 
                    1806.6818448888423, 
                    1711.676801385486, 
                    1646.4299065366542, 
                    1594.1355028701958, 
                    1594.911375799232, 
                    1594.911375799232, 
                    1586.7788017947726, 
                    1559.3978096529997, 
                    1627.8891845165342, 
                    2246.4801467931848, 
                    2050.9916678824075, 
                    1883.9959333330573, 
                    2182.9624268908756, 
                    2199.1311366260434, 
                    2196.837308577259, 
                    2169.113913184122
                ]
            ], 
            "feature": "Sq. Mt."
        }, 
        {
            "featureBins": [
                0.0, 
                1.0
            ], 
            "data": [
                [
                    -8.136538924812612, 
                    0.5088870716124347
                ]
            ], 
            "feature": "num_binarized:Penthouse:above:0.0"
        }, 
        {
            "featureBins": [
                0.0
            ], 
            "data": [
                [
                    -5.853586619203497
                ]
            ], 
            "feature": "num_binarized:Outer:above:1.0"
        }, 
        {
            "featureBins": [
                0.0, 
                1.0
            ], 
            "data": [
                [
                    -5.656913672369001, 
                    -8.229192703956187
                ]
            ], 
            "feature": "num_binarized:Duplex:above:0.0"
        }, 
        {
            "featureBins": [
                0.0
            ], 
            "data": [
                [
                    -5.853586619203497
                ]
            ], 
            "feature": "num_binarized:Elevator:above:1.0"
        }, 
        {
            "featureBins": [
                0.0, 
                1.0
            ], 
            "data": [
                [
                    -5.853586619203497, 
                    -5.853586619203497
                ]
            ], 
            "feature": "num_binarized:Cottage:above:0.0"
        }, 
        {
            "featureBins": [
                0.0, 
                1.0
            ], 
            "data": [
                [
                    -47.884618657536066, 
                    718.7045724041138
                ]
            ], 
            "feature": "dummy:Area:Recoletos"
        }, 
        {
            "featureBins": [
                0.0, 
                1.0
            ], 
            "data": [
                [
                    -15.283226131540005, 
                    178.60332041034303
                ]
            ], 
            "feature": "dummy:Area:Chueca-Justicia"
        }, 
        {
            "featureBins": [
                0.0, 
                1.0
            ], 
            "data": [
                [
                    -21.979439610803865, 
                    274.408029284288
                ]
            ], 
            "feature": "dummy:Area:Castellana"
        }, 
        {
            "featureBins": [
                0.0, 
                1.0
            ], 
            "data": [
                [
                    -16.748793819671164, 
                    171.73484504992257
                ]
            ], 
            "feature": "dummy:Area:Goya"
        }, 
        {
            "featureBins": [
                0.0, 
                1.0
            ], 
            "data": [
                [
                    -16.721317868346887, 
                    391.0000752820599
                ]
            ], 
            "feature": "dummy:Area:Almagro"
        }, 
        {
            "featureBins": [
                0.0, 
                1.0
            ], 
            "data": [
                [
                    -8.408628451546974, 
                    43.39451535603462
                ]
            ], 
            "feature": "dummy:Area:Arguelles"
        }, 
        {
            "featureBins": [
                0.0, 
                1.0
            ], 
            "data": [
                [
                    -9.792220010496294, 
                    81.31029916253692
                ]
            ], 
            "feature": "dummy:Area:Cuatro Caminos"
        }, 
        {
            "featureBins": [
                0.0, 
                1.0
            ], 
            "data": [
                [
                    -6.239277965409428, 
                    -0.5087240474269947
                ]
            ], 
            "feature": "dummy:Area:Bernabeu-Hispanoamerica"
        }, 
        {
            "featureBins": [
                0.0, 
                1.0
            ], 
            "data": [
                [
                    -6.702767077487351, 
                    14.568644103419274
                ]
            ], 
            "feature": "dummy:Area:Nueva Espana"
        }, 
        {
            "featureBins": [
                0.0, 
                1.0
            ], 
            "data": [
                [
                    -6.520813775214947, 
                    4.587825031591819
                ]
            ], 
            "feature": "dummy:Area:Lavapies-Embajadores"
        }, 
        {
            "featureBins": [
                0.0, 
                1.0
            ], 
            "data": [
                [
                    -6.39865243093368, 
                    11.950612624433006
                ]
            ], 
            "feature": "dummy:Area:Malasana-Universidad"
        }, 
        {
            "featureBins": [
                0.0, 
                1.0
            ], 
            "data": [
                [
                    -6.715108436676246, 
                    18.22200162967806
                ]
            ], 
            "feature": "dummy:Area:Palacio"
        }, 
        {
            "featureBins": [
                0.0, 
                1.0
            ], 
            "data": [
                [
                    -8.835197522657381, 
                    105.42735326788465
                ]
            ], 
            "feature": "dummy:Area:El Viso"
        }, 
        {
            "featureBins": [
                0.0, 
                1.0
            ], 
            "data": [
                [
                    -6.3758358647410205, 
                    1.869329746308722
                ]
            ], 
            "feature": "dummy:Area:Ibiza"
        }, 
        {
            "featureBins": [
                0.0, 
                1.0
            ], 
            "data": [
                [
                    -6.526252605785658, 
                    13.325715194303712
                ]
            ], 
            "feature": "dummy:Area:Lista"
        }, 
        {
            "featureBins": [
                0.0, 
                1.0
            ], 
            "data": [
                [
                    -5.9662545017597495, 
                    -3.628845491344009
                ]
            ], 
            "feature": "dummy:Area:Cuzco-Castillejos"
        }, 
        {
            "featureBins": [
                0.0, 
                1.0
            ], 
            "data": [
                [
                    -5.853586619203497, 
                    -5.853586619203497
                ]
            ], 
            "feature": "dummy:Area:Nuevos Ministerios-Rios Rosas"
        }, 
        {
            "featureBins": [
                0.0, 
                1.0
            ], 
            "data": [
                [
                    -6.268079369660654, 
                    6.588409542094041
                ]
            ], 
            "feature": "dummy:Area:Sol"
        }, 
        {
            "featureBins": [
                0.0, 
                1.0
            ], 
            "data": [
                [
                    -5.788966545214635, 
                    -7.521816041674128
                ]
            ], 
            "feature": "dummy:Area:Las Tablas"
        }, 
        {
            "featureBins": [
                0.0, 
                1.0
            ], 
            "data": [
                [
                    -6.37506341487142, 
                    16.045316428647993
                ]
            ], 
            "feature": "dummy:Area:Huertas-Cortes"
        }, 
        {
            "featureBins": [
                0.0, 
                1.0
            ], 
            "data": [
                [
                    -5.853586619203497, 
                    -5.853586619203497
                ]
            ], 
            "feature": "dummy:Area:Sanchinarro"
        }, 
        {
            "featureBins": [
                0.0, 
                1.0
            ], 
            "data": [
                [
                    -5.853586619203497, 
                    -5.853586619203497
                ]
            ], 
            "feature": "dummy:Area:Arapiles"
        }, 
        {
            "featureBins": [
                0.0, 
                1.0
            ], 
            "data": [
                [
                    -5.853586619203497, 
                    -5.853586619203497
                ]
            ], 
            "feature": "dummy:Area:Rejas"
        }, 
        {
            "featureBins": [
                0.0, 
                1.0
            ], 
            "data": [
                [
                    -6.249345192185956, 
                    19.659155891378987
                ]
            ], 
            "feature": "dummy:Area:Trafalgar"
        }, 
        {
            "featureBins": [
                0.0, 
                1.0
            ], 
            "data": [
                [
                    -5.780156499148006, 
                    -6.897800935250189
                ]
            ], 
            "feature": "dummy:Area:Castilla"
        }, 
        {
            "featureBins": [
                0.0, 
                1.0
            ], 
            "data": [
                [
                    -5.853586619203497, 
                    -5.853586619203497
                ]
            ], 
            "feature": "dummy:Area:Prosperidad"
        }, 
        {
            "featureBins": [
                0.0, 
                1.0
            ], 
            "data": [
                [
                    -5.789307090376269, 
                    -8.57976999663856
                ]
            ], 
            "feature": "dummy:Area:Barajas"
        }, 
        {
            "featureBins": [
                0.0, 
                1.0
            ], 
            "data": [
                [
                    -7.517626637132025, 
                    44.67843657105391
                ]
            ], 
            "feature": "dummy:Area:Vallehermoso"
        }, 
        {
            "featureBins": [
                0.0, 
                1.0
            ], 
            "data": [
                [
                    -5.853586619203497, 
                    -5.853586619203497
                ]
            ], 
            "feature": "dummy:Area:Guindalera"
        }, 
        {
            "featureBins": [
                0.0, 
                1.0
            ], 
            "data": [
                [
                    -5.874460627633425, 
                    -5.081248307277519
                ]
            ], 
            "feature": "dummy:Area:Aravaca"
        }, 
        {
            "featureBins": [
                0.0, 
                1.0
            ], 
            "data": [
                [
                    -5.950329187503712, 
                    2.182550422138547
                ]
            ], 
            "feature": "dummy:Area:Ciudad Jardin"
        }, 
        {
            "featureBins": [
                0.0, 
                1.0
            ], 
            "data": [
                [
                    -5.853586619203497, 
                    -5.853586619203497
                ]
            ], 
            "feature": "dummy:Area:San Juan Bautista"
        }, 
        {
            "featureBins": [
                0.0, 
                1.0
            ], 
            "data": [
                [
                    -5.85859207920862, 
                    -5.693411899028661
                ]
            ], 
            "feature": "dummy:Area:Gaztambide"
        }, 
        {
            "featureBins": [
                0.0, 
                1.0
            ], 
            "data": [
                [
                    -5.1989050289469105, 
                    -14.516883695146362
                ]
            ], 
            "feature": "dummy:Area:San Diego"
        }, 
        {
            "featureBins": [
                0.0, 
                1.0
            ], 
            "data": [
                [
                    -5.853586619203497, 
                    -5.853586619203497
                ]
            ], 
            "feature": "dummy:Area:Valdeacederas"
        }, 
        {
            "featureBins": [
                0.0, 
                1.0
            ], 
            "data": [
                [
                    -5.834642162503997, 
                    -5.97356817829791
                ]
            ], 
            "feature": "dummy:Area:Valdemarin"
        }, 
        {
            "featureBins": [
                0.0, 
                1.0
            ], 
            "data": [
                [
                    -5.843580390773923, 
                    -6.26050657533392
                ]
            ], 
            "feature": "dummy:Area:Ensanche de Vallecas - La Gavia"
        }, 
        {
            "featureBins": [
                0.0, 
                1.0
            ], 
            "data": [
                [
                    -5.856544131518831, 
                    -5.7940392054103995
                ]
            ], 
            "feature": "dummy:Area:Bellas Vistas"
        }, 
        {
            "featureBins": [
                0.0, 
                1.0
            ], 
            "data": [
                [
                    -5.869370916297157, 
                    -6.516074395335181
                ]
            ], 
            "feature": "dummy:Area:Valdezarza"
        }, 
        {
            "featureBins": [
                0.0, 
                1.0
            ], 
            "data": [
                [
                    -5.853586619203497, 
                    -5.853586619203497
                ]
            ], 
            "feature": "dummy:Area:Acacias"
        }, 
        {
            "featureBins": [
                0.0, 
                1.0
            ], 
            "data": [
                [
                    -5.853586619203497, 
                    -5.853586619203497
                ]
            ], 
            "feature": "dummy:Area:Montecarmelo"
        }, 
        {
            "featureBins": [
                0.0, 
                1.0
            ], 
            "data": [
                [
                    -5.853586619203497, 
                    -5.853586619203497
                ]
            ], 
            "feature": "dummy:Area:Concepcion"
        }, 
        {
            "featureBins": [
                0.0, 
                1.0
            ], 
            "data": [
                [
                    -8.065503750224707, 
                    67.8417289346919
                ]
            ], 
            "feature": "dummy:Area:Jeronimos"
        }, 
        {
            "featureBins": [
                0.0, 
                1.0
            ], 
            "data": [
                [
                    -6.490745746750008, 
                    8.001816608337094
                ]
            ], 
            "feature": "dummy:Area:Conde Orgaz-Piovera"
        }, 
        {
            "featureBins": [
                0.0, 
                1.0
            ], 
            "data": [
                [
                    -4.962462795461761, 
                    -16.30661638942729
                ]
            ], 
            "feature": "dummy:Area:La Paz"
        }, 
        {
            "featureBins": [
                0.0, 
                1.0
            ], 
            "data": [
                [
                    -5.853586619203497, 
                    -5.853586619203497
                ]
            ], 
            "feature": "dummy:Area:Berruguete"
        }, 
        {
            "featureBins": [
                0.0, 
                1.0
            ], 
            "data": [
                [
                    -5.676174730871253, 
                    -9.84747061934354
                ]
            ], 
            "feature": "dummy:Area:Costillares"
        }, 
        {
            "featureBins": [
                0.0, 
                1.0
            ], 
            "data": [
                [
                    -5.853586619203497, 
                    -5.853586619203497
                ]
            ], 
            "feature": "dummy:Area:Simancas"
        }, 
        {
            "featureBins": [
                0.0, 
                1.0
            ], 
            "data": [
                [
                    -5.853586619203497, 
                    -5.853586619203497
                ]
            ], 
            "feature": "dummy:Area:Ciudad Universitaria"
        }, 
        {
            "featureBins": [
                0.0, 
                1.0
            ], 
            "data": [
                [
                    -5.853586619203497, 
                    -5.853586619203497
                ]
            ], 
            "feature": "dummy:Area:Pacifico"
        }, 
        {
            "featureBins": [
                0.0, 
                1.0
            ], 
            "data": [
                [
                    -5.780712660609652, 
                    -6.637537198306518
                ]
            ], 
            "feature": "dummy:Area:Pilar"
        }, 
        {
            "featureBins": [
                0.0, 
                1.0
            ], 
            "data": [
                [
                    -5.853586619203497, 
                    -5.853586619203497
                ]
            ], 
            "feature": "dummy:Area:San Isidro"
        }, 
        {
            "featureBins": [
                0.0, 
                1.0
            ], 
            "data": [
                [
                    -5.798426551042894, 
                    -7.260517701171693
                ]
            ], 
            "feature": "dummy:Area:Ventilla-Almenara"
        }, 
        {
            "featureBins": [
                0.0, 
                1.0
            ], 
            "data": [
                [
                    -5.853586619203497, 
                    -5.853586619203497
                ]
            ], 
            "feature": "dummy:Area:Penagrande"
        }, 
        {
            "featureBins": [
                0.0, 
                1.0
            ], 
            "data": [
                [
                    -5.853586619203497, 
                    -5.853586619203497
                ]
            ], 
            "feature": "dummy:Area:Aluche"
        }, 
        {
            "featureBins": [
                0.0, 
                1.0
            ], 
            "data": [
                [
                    -5.853586619203497, 
                    -5.853586619203497
                ]
            ], 
            "feature": "dummy:Area:Casco Historico de Vallecas"
        }, 
        {
            "featureBins": [
                0.0, 
                1.0
            ], 
            "data": [
                [
                    -6.220748381144176, 
                    1.5478370552032175
                ]
            ], 
            "feature": "dummy:Area:Ni\u00f1o Jesus"
        }, 
        {
            "featureBins": [
                0.0, 
                1.0
            ], 
            "data": [
                [
                    -5.853586619203497, 
                    -5.853586619203497
                ]
            ], 
            "feature": "dummy:Area:Valdebebas - Valdefuentes"
        }, 
        {
            "featureBins": [
                0.0, 
                1.0
            ], 
            "data": [
                [
                    -5.6539274065264635, 
                    -10.876398502899292
                ]
            ], 
            "feature": "dummy:Area:Delicias"
        }, 
        {
            "featureBins": [
                0.0, 
                1.0
            ], 
            "data": [
                [
                    -5.853586619203497, 
                    -5.853586619203497
                ]
            ], 
            "feature": "dummy:Area:Colina"
        }, 
        {
            "featureBins": [
                0.0, 
                1.0
            ], 
            "data": [
                [
                    -5.853586619203497, 
                    -5.853586619203497
                ]
            ], 
            "feature": "dummy:Area:Pueblo Nuevo"
        }, 
        {
            "featureBins": [
                0.0, 
                1.0
            ], 
            "data": [
                [
                    -5.853586619203497, 
                    -5.853586619203497
                ]
            ], 
            "feature": "dummy:Area:Fuente del Berro"
        }, 
        {
            "featureBins": [
                0.0, 
                1.0
            ], 
            "data": [
                [
                    -5.853586619203497, 
                    -5.853586619203497
                ]
            ], 
            "feature": "dummy:Area:San Pascual"
        }, 
        {
            "featureBins": [
                0.0, 
                1.0
            ], 
            "data": [
                [
                    -5.853586619203497, 
                    -5.853586619203497
                ]
            ], 
            "feature": "dummy:Area:Vista Alegre"
        }, 
        {
            "featureBins": [
                0.0, 
                1.0
            ], 
            "data": [
                [
                    -5.853586619203497, 
                    -5.853586619203497
                ]
            ], 
            "feature": "dummy:Area:Numancia"
        }, 
        {
            "featureBins": [
                0.0, 
                1.0
            ], 
            "data": [
                [
                    -5.765532779151954, 
                    -7.284357298293571
                ]
            ], 
            "feature": "dummy:Area:Mirasierra"
        }, 
        {
            "featureBins": [
                0.0, 
                1.0
            ], 
            "data": [
                [
                    -5.853586619203497, 
                    -5.853586619203497
                ]
            ], 
            "feature": "dummy:Area:Salvador"
        }, 
        {
            "featureBins": [
                0.0, 
                1.0
            ], 
            "data": [
                [
                    -5.853586619203497, 
                    -5.853586619203497
                ]
            ], 
            "feature": "dummy:Area:Palomas"
        }, 
        {
            "featureBins": [
                0.0, 
                1.0
            ], 
            "data": [
                [
                    -5.853586619203497, 
                    -5.853586619203497
                ]
            ], 
            "feature": "dummy:Area:Palomeras Bajas"
        }, 
        {
            "featureBins": [
                0.0, 
                1.0
            ], 
            "data": [
                [
                    -5.853586619203497, 
                    -5.853586619203497
                ]
            ], 
            "feature": "dummy:Area:Palos de Moguer"
        }, 
        {
            "featureBins": [
                0.0, 
                1.0
            ], 
            "data": [
                [
                    -5.853586619203497, 
                    -5.853586619203497
                ]
            ], 
            "feature": "dummy:Area:Pinar del Rey"
        }, 
        {
            "featureBins": [
                0.0, 
                1.0
            ], 
            "data": [
                [
                    -5.8480475193143775, 
                    -6.00868141609385
                ]
            ], 
            "feature": "dummy:Area:Puerta Bonita"
        }, 
        {
            "featureBins": [
                0.0, 
                1.0
            ], 
            "data": [
                [
                    -5.853586619203497, 
                    -5.853586619203497
                ]
            ], 
            "feature": "dummy:Area:Abrantes"
        }, 
        {
            "featureBins": [
                0.0, 
                1.0
            ], 
            "data": [
                [
                    -5.853586619203497, 
                    -5.853586619203497
                ]
            ], 
            "feature": "dummy:Area:Imperial"
        }, 
        {
            "featureBins": [
                0.0, 
                1.0
            ], 
            "data": [
                [
                    -5.853586619203497, 
                    -5.853586619203497
                ]
            ], 
            "feature": "dummy:Area:Puerta del Angel"
        }, 
        {
            "featureBins": [
                0.0, 
                1.0
            ], 
            "data": [
                [
                    -5.834869119953737, 
                    -6.794504243862093
                ]
            ], 
            "feature": "dummy:Area:San Andres"
        }, 
        {
            "featureBins": [
                0.0, 
                1.0
            ], 
            "data": [
                [
                    -5.853586619203497, 
                    -5.853586619203497
                ]
            ], 
            "feature": "dummy:Area:Quintana"
        }, 
        {
            "featureBins": [
                0.0, 
                1.0
            ], 
            "data": [
                [
                    -5.853586619203497, 
                    -5.853586619203497
                ]
            ], 
            "feature": "dummy:Area:Canillas"
        }, 
        {
            "featureBins": [
                0.0, 
                1.0
            ], 
            "data": [
                [
                    -5.853586619203497, 
                    -5.853586619203497
                ]
            ], 
            "feature": "dummy:Area:Campamento"
        }, 
        {
            "featureBins": [
                0.0, 
                1.0
            ], 
            "data": [
                [
                    -5.853586619203497, 
                    -5.853586619203497
                ]
            ], 
            "feature": "dummy:Area:Ventas"
        }, 
        {
            "featureBins": [
                0.0, 
                1.0
            ], 
            "data": [
                [
                    -5.853586619203497, 
                    -5.853586619203497
                ]
            ], 
            "feature": "dummy:Area:Legazpi"
        }, 
        {
            "featureBins": [
                0.0, 
                1.0
            ], 
            "data": [
                [
                    -5.853586619203497, 
                    -5.853586619203497
                ]
            ], 
            "feature": "dummy:Area:Ap\u00f3stol Santiago"
        }, 
        {
            "featureBins": [
                0.0, 
                1.0
            ], 
            "data": [
                [
                    -5.784293555680279, 
                    -9.246708497274767
                ]
            ], 
            "feature": "dummy:Area:Media Legua"
        }, 
        {
            "featureBins": [
                0.0, 
                1.0
            ], 
            "data": [
                [
                    -5.853586619203497, 
                    -5.853586619203497
                ]
            ], 
            "feature": "dummy:Area:Estrella"
        }, 
        {
            "featureBins": [
                0.0, 
                1.0
            ], 
            "data": [
                [
                    -5.853586619203497, 
                    -5.853586619203497
                ]
            ], 
            "feature": "dummy:Area:Los Angeles"
        }, 
        {
            "featureBins": [
                0.0, 
                1.0
            ], 
            "data": [
                [
                    -5.853586619203497, 
                    -5.853586619203497
                ]
            ], 
            "feature": "dummy:Area:Atalaya"
        }, 
        {
            "featureBins": [
                0.0, 
                1.0
            ], 
            "data": [
                [
                    -5.853586619203497, 
                    -5.853586619203497
                ]
            ], 
            "feature": "dummy:Area:Rosas"
        }, 
        {
            "featureBins": [
                0.0, 
                1.0
            ], 
            "data": [
                [
                    -5.853586619203497, 
                    -5.853586619203497
                ]
            ], 
            "feature": "dummy:Area:Almendrales"
        }, 
        {
            "featureBins": [
                0.0, 
                1.0
            ], 
            "data": [
                [
                    -5.853586619203497, 
                    -5.853586619203497
                ]
            ], 
            "feature": "dummy:Area:Palomeras sureste"
        }, 
        {
            "featureBins": [
                0.0, 
                1.0
            ], 
            "data": [
                [
                    -5.853586619203497, 
                    -5.853586619203497
                ]
            ], 
            "feature": "dummy:Area:Tres Olivos - Valverde"
        }, 
        {
            "featureBins": [
                0.0, 
                1.0
            ], 
            "data": [
                [
                    -5.853586619203497, 
                    -5.853586619203497
                ]
            ], 
            "feature": "dummy:Area:Opanel"
        }, 
        {
            "featureBins": [
                0.0, 
                1.0
            ], 
            "data": [
                [
                    -5.853586619203497, 
                    -5.853586619203497
                ]
            ], 
            "feature": "dummy:Area:Zofao"
        }, 
        {
            "featureBins": [
                0.0, 
                1.0
            ], 
            "data": [
                [
                    -5.853586619203497, 
                    -5.853586619203497
                ]
            ], 
            "feature": "dummy:Area:San Fermin"
        }, 
        {
            "featureBins": [
                0.0, 
                1.0
            ], 
            "data": [
                [
                    -5.853586619203497, 
                    -5.853586619203497
                ]
            ], 
            "feature": "dummy:Area:Pau de Carabanchel"
        }, 
        {
            "featureBins": [
                0.0, 
                1.0
            ], 
            "data": [
                [
                    -5.853586619203497, 
                    -5.853586619203497
                ]
            ], 
            "feature": "dummy:Area:Butarque"
        }, 
        {
            "featureBins": [
                0.0, 
                1.0
            ], 
            "data": [
                [
                    -5.849099291379616, 
                    -5.940341623794438
                ]
            ], 
            "feature": "dummy:Area:Ambroz"
        }, 
        {
            "featureBins": [
                0.0, 
                1.0
            ], 
            "data": [
                [
                    -5.853586619203497, 
                    -5.853586619203497
                ]
            ], 
            "feature": "dummy:Area:Valdebernardo - Valderribas"
        }, 
        {
            "featureBins": [
                0.0, 
                1.0
            ], 
            "data": [
                [
                    -5.853586619203497, 
                    -5.853586619203497
                ]
            ], 
            "feature": "dummy:Area:Arroyo del Fresno"
        }, 
        {
            "featureBins": [
                0.0, 
                1.0
            ], 
            "data": [
                [
                    -5.853586619203497, 
                    -5.853586619203497
                ]
            ], 
            "feature": "dummy:Area:Arcos"
        }, 
        {
            "featureBins": [
                0.0, 
                1.0
            ], 
            "data": [
                [
                    -5.853586619203497, 
                    -5.853586619203497
                ]
            ], 
            "feature": "dummy:Area:Buena Vista"
        }, 
        {
            "featureBins": [
                0.0, 
                1.0
            ], 
            "data": [
                [
                    -5.853586619203497, 
                    -5.853586619203497
                ]
            ], 
            "feature": "dummy:Area:Fuentelarreina"
        }, 
        {
            "featureBins": [
                0.0
            ], 
            "data": [
                [
                    -5.853586619203497
                ]
            ], 
            "feature": "dummy:Area:N/A"
        }, 
        {
            "featureBins": [
                0.0, 
                1.0
            ], 
            "data": [
                [
                    -5.464714944847628, 
                    -14.235488654396022
                ]
            ], 
            "feature": "dummy:Area:__Others__"
        }
    ], 
    "modelInputNCols": 115, 
    "modelInputMemory": 1724080, 
    "modelInputIsSparse": false
}