{
    "metrics": {
        "rmse": 610.4275574710606, 
        "pearson": 0.89429603721902873, 
        "mae": 371.37963650265255, 
        "r2": 0.79720418045858854, 
        "mape": 0.21959578398002325, 
        "mse": 372621.80292008503, 
        "evs": 0.79725151587512777, 
        "rmsle": 0.2658363602915087
    }, 
    "scatterPlotData": {
        "y": [
            806.6634, 
            767.8617, 
            2855.146, 
            835.3635, 
            1029.2245, 
            1310.0339, 
            824.603, 
            7271.5274, 
            1064.2115, 
            1290.7798, 
            2274.9109, 
            1290.7798, 
            1254.5113, 
            1089.2759, 
            800.7842, 
            1938.7481, 
            1310.0339, 
            2167.2318, 
            1894.567, 
            1298.0083, 
            3981.2588, 
            2342.9878, 
            4627.4114, 
            1441.1889, 
            1132.6494, 
            2055.9626, 
            1662.3038, 
            1694.1204, 
            1037.1047, 
            3721.7435, 
            1264.5111, 
            912.19, 
            1607.91, 
            1607.91, 
            2260.4628, 
            1290.7798, 
            1219.0842, 
            2269.9212, 
            2512.0446, 
            1029.9329, 
            929.4005, 
            808.8339, 
            1298.0083, 
            988.3668, 
            1168.78, 
            1024.5683, 
            1938.7481, 
            5290.681, 
            1404.5828, 
            1099.4912, 
            1909.3367, 
            1434.5517, 
            1662.3038, 
            999.5729, 
            1811.4319, 
            1638.2971, 
            844.0303, 
            1570.8371, 
            903.0154, 
            1341.0114, 
            1263.1299, 
            804.8535, 
            4189.3089, 
            1032.6118, 
            1648.6797, 
            2463.3505, 
            1527.3553, 
            930.8426, 
            1511.2492, 
            3166.522, 
            1438.9123, 
            3729.8191, 
            1263.1299, 
            1204.8636, 
            1197.6852, 
            1099.4912, 
            2269.9212, 
            3797.6345, 
            5165.6007, 
            1336.6871, 
            1254.5113, 
            2062.1278, 
            854.8972, 
            821.5167, 
            1298.0083, 
            1032.6118, 
            940.8438, 
            1839.5792, 
            1171.8706, 
            942.286, 
            871.2966, 
            1832.6305, 
            1882.326, 
            1109.1006, 
            819.8629, 
            5889.5928, 
            776.632, 
            1290.7798, 
            3081.62, 
            2136.2665, 
            988.3668, 
            1173.1138, 
            1255.0078, 
            1171.8706, 
            1265.9124, 
            1893.1003, 
            1334.1326, 
            1424.536, 
            1310.0339, 
            1176.6847, 
            1549.6162, 
            1286.5086, 
            1616.6242, 
            1832.6305, 
            1310.0339, 
            3615.913, 
            2011.1407, 
            2268.797, 
            3259.8257, 
            2207.9392, 
            935.6858, 
            1263.1299, 
            821.5118, 
            1952.3268, 
            1641.826, 
            929.4005, 
            1864.4019, 
            1298.0083, 
            2450.8039, 
            2475.368, 
            1857.8825, 
            1263.1299, 
            4108.1707, 
            1263.1299, 
            773.2171, 
            1298.0083, 
            974.7561, 
            2725.1523, 
            1489.1598, 
            2609.1214, 
            854.9108, 
            1372.836, 
            1298.0083, 
            1572.2329, 
            1351.0901, 
            960.7469, 
            1310.0339, 
            1870.4727, 
            1053.3291, 
            1540.5692, 
            929.4005, 
            1759.5196, 
            1032.6118, 
            1168.0395, 
            1171.2957, 
            836.6846, 
            1160.0469, 
            4216.7797, 
            1290.3639, 
            1284.7787, 
            1177.9154, 
            3933.3789, 
            1848.5835, 
            1176.166, 
            2435.1801, 
            4067.0366, 
            1032.6118, 
            2008.4169, 
            1318.2978, 
            829.973, 
            4393.1388, 
            3514.0476, 
            1051.2243, 
            1121.712, 
            3493.2545, 
            949.8494, 
            1057.5475, 
            1698.6418, 
            1121.712, 
            1173.4197, 
            1321.8887, 
            2569.8798, 
            1039.0398, 
            1949.9803, 
            2162.8459, 
            1264.5111, 
            5846.6114, 
            6222.2048, 
            2021.5953, 
            2520.1189, 
            1610.009, 
            2614.9844, 
            1178.8584, 
            2518.2429, 
            2207.8624, 
            2631.7099, 
            1290.7798, 
            927.4885, 
            942.286, 
            1113.1568, 
            1410.975, 
            1091.3039, 
            5945.9976, 
            937.2541, 
            2200.2377, 
            1269.0811, 
            885.7333, 
            1263.1299, 
            3771.404, 
            1290.7798, 
            1689.1093, 
            1879.5292, 
            1136.3995, 
            1834.2205, 
            1183.2393, 
            1020.9375, 
            1290.7798, 
            1255.0078, 
            1103.4089, 
            2894.7652, 
            1035.2639, 
            1197.6852, 
            1381.7875, 
            1003.1831, 
            944.4368, 
            3425.4711, 
            1988.3548, 
            4082.12, 
            1001.7878, 
            5442.9306, 
            1254.5113, 
            1168.78, 
            2215.2772, 
            929.4005, 
            1071.7475, 
            935.9233, 
            3567.0148, 
            1407.7022, 
            1480.6827, 
            1879.5292, 
            1347.2408, 
            1858.323, 
            3361.2898, 
            911.6114, 
            1221.2068, 
            3278.6543, 
            994.0357, 
            966.7565, 
            1957.0506, 
            1036.919, 
            1275.5547, 
            1048.7499, 
            1283.8284, 
            2124.5003, 
            1290.7798, 
            1245.8777, 
            993.9695, 
            989.3425, 
            1807.5813, 
            1858.8468, 
            6171.3513, 
            1219.0842, 
            3707.4463, 
            1970.4509, 
            1074.1209, 
            4562.8191, 
            1846.9935, 
            3239.4019, 
            1310.0339, 
            1652.9493, 
            1605.858, 
            1879.5292, 
            800.7842, 
            3188.6459, 
            1082.4663, 
            1158.4979, 
            1290.7798, 
            1673.8567, 
            5220.9305, 
            1662.3038, 
            996.2571, 
            1176.4246, 
            796.0584, 
            2588.064, 
            1030.3566, 
            2836.7728, 
            1034.5166, 
            794.7134, 
            1494.9578, 
            3256.249, 
            1263.1299, 
            1182.7981, 
            1177.7024, 
            800.2653, 
            1242.8608, 
            1662.3038, 
            830.2122, 
            1170.8735, 
            2791.3884, 
            6336.3752, 
            4343.1897, 
            2565.4149, 
            1263.1299, 
            1866.6487, 
            1057.1612, 
            1168.78, 
            1187.9365, 
            2520.4973, 
            2364.0583, 
            2896.0249, 
            7161.1713, 
            2443.8411, 
            1319.9527, 
            1800.1242, 
            1264.5111, 
            5245.0667, 
            1525.129, 
            1988.6572, 
            2735.118, 
            3567.0148, 
            4088.317, 
            1575.4292, 
            1290.7798, 
            4220.0349, 
            1616.6641, 
            1263.1299, 
            1063.7737, 
            4912.9871, 
            920.446, 
            962.7595, 
            1662.3038, 
            1290.7798, 
            1329.1172, 
            930.8426, 
            3304.8715, 
            1103.7984, 
            949.5591, 
            913.4649, 
            1265.8623, 
            1894.7796, 
            815.9669, 
            1470.6279, 
            1158.4979, 
            924.0649, 
            778.8435, 
            7135.5219, 
            2284.4954, 
            1839.5792, 
            2514.1479, 
            966.3881, 
            3413.8645, 
            3574.9447, 
            4101.308, 
            1519.304, 
            2269.4312, 
            1449.3278, 
            7555.4607, 
            1883.229, 
            988.3668, 
            1178.5895, 
            2923.5893, 
            1292.2198, 
            2368.7371, 
            1310.0339, 
            1078.6775, 
            1264.5111, 
            1310.0339, 
            788.7222, 
            830.2122, 
            2445.0078, 
            1298.0083, 
            1696.4248, 
            4698.591, 
            1036.919, 
            3023.0472, 
            800.7842, 
            1662.3038, 
            1237.4184, 
            1696.0055, 
            6408.297, 
            1605.858, 
            1607.91, 
            3204.0103, 
            3188.6747, 
            1018.5082, 
            3129.7358, 
            2470.7095, 
            2110.131, 
            2385.4568, 
            1264.5111, 
            924.4668, 
            1030.3566, 
            1606.7363, 
            1132.6494, 
            1099.0513, 
            4955.9517, 
            1662.3038, 
            1290.7798, 
            1570.8371, 
            1227.7123, 
            1110.0749, 
            3009.6874, 
            1158.4979, 
            2271.9153, 
            3032.6744, 
            2516.4218, 
            998.3865, 
            942.286, 
            2160.1625, 
            1284.624, 
            1239.4715, 
            3713.0828, 
            2828.9299, 
            3593.0387, 
            1168.78, 
            1158.4979, 
            1160.0469, 
            1386.0383, 
            648.1701, 
            770.9462, 
            882.3704, 
            1965.8575, 
            1175.3175, 
            3884.2639, 
            4685.7288, 
            1161.9518, 
            994.6406, 
            751.8067, 
            2381.5144, 
            3243.8693, 
            1662.3038, 
            4770.6771, 
            1139.3891, 
            3616.4648, 
            934.276, 
            810.7259, 
            1353.4478, 
            701.7713, 
            940.8438, 
            1283.8284, 
            1176.6847, 
            1952.4238, 
            900.1358, 
            1001.8245, 
            3019.3984, 
            1410.1661, 
            1290.7798, 
            780.8808, 
            922.2995, 
            1988.3548, 
            1158.4979, 
            1458.499, 
            1634.4549, 
            992.6269, 
            958.9617, 
            1290.7798, 
            3230.0662, 
            2815.951, 
            1273.1715, 
            1273.1715, 
            914.9071, 
            1641.826, 
            1261.621, 
            1612.4732, 
            2157.0649, 
            1443.5771, 
            1462.355, 
            1977.941, 
            1391.3486, 
            796.6915, 
            2569.1727, 
            1416.8592, 
            2004.9837, 
            1089.2759, 
            772.2526, 
            1662.3038, 
            1338.3515, 
            809.6331, 
            1282.7164, 
            1232.5845, 
            1945.9036, 
            1492.8728, 
            2618.9379, 
            1252.9875, 
            1650.8431, 
            973.2656, 
            4374.9246, 
            1988.6572, 
            4976.1766, 
            834.1937, 
            1410.1661, 
            1152.8819, 
            2680.8131, 
            1505.7326, 
            2559.719, 
            3488.202, 
            1162.7367, 
            1227.7123, 
            1268.1805, 
            4220.0349, 
            1298.0083, 
            783.1787, 
            1298.0083, 
            1832.6305, 
            1456.4708, 
            2241.642, 
            1664.1917, 
            1176.6847, 
            1825.2709, 
            2559.719, 
            1406.3841, 
            899.4105, 
            6681.6388, 
            2523.775, 
            1056.2016, 
            1284.624, 
            7032.7312, 
            854.8746, 
            1166.3825, 
            1240.1973, 
            1840.5704, 
            1797.9855, 
            1839.5792, 
            1665.7817, 
            4688.8926, 
            1290.7798, 
            6045.2008, 
            786.8245, 
            1938.7481, 
            913.3715, 
            1319.9527, 
            1134.9131, 
            1894.567, 
            1055.2924, 
            1161.6869, 
            923.7417, 
            970.4053, 
            1589.7923, 
            1963.1976, 
            3081.4412, 
            930.8426, 
            2364.0583, 
            764.014, 
            946.0327, 
            926.0463, 
            1067.0758, 
            3093.1551, 
            1428.3293, 
            1310.0339, 
            825.1704, 
            6805.0191, 
            1960.3541, 
            1132.6494, 
            928.776, 
            1193.5799, 
            3994.6084, 
            938.707, 
            1310.0339, 
            1616.6641, 
            2294.6491, 
            3080.834, 
            1165.3624, 
            3765.9575, 
            2950.2973, 
            1168.0395, 
            1180.84, 
            1176.0809, 
            1722.175, 
            868.7407, 
            1047.79, 
            2720.5283, 
            805.5187, 
            1378.8121, 
            2703.4235, 
            1298.0083, 
            1043.4702, 
            976.1896, 
            2160.0192, 
            2003.463, 
            1857.6862, 
            1200.5581, 
            869.8595, 
            1121.5194, 
            1834.2205, 
            2449.0473, 
            3367.5824, 
            1575.6993, 
            1158.4979, 
            1662.3038, 
            851.837, 
            1451.4942, 
            1051.0094, 
            1515.4729, 
            2012.9157, 
            4517.7457, 
            1834.9681, 
            1664.5843, 
            998.632, 
            1310.0339, 
            788.2852, 
            3606.9687, 
            3298.7257, 
            1938.7481, 
            1273.1715, 
            1046.087, 
            922.2995, 
            1171.6624, 
            1099.3714, 
            930.8426, 
            904.225, 
            2227.7298, 
            2345.1231, 
            916.6045, 
            942.286, 
            1310.0339, 
            2005.0001, 
            1030.3566, 
            966.3881, 
            1944.6437, 
            1430.9711, 
            1662.3038, 
            8347.9326, 
            1310.0339, 
            5038.6939, 
            2053.4886, 
            1291.0568, 
            1268.1805, 
            899.6878, 
            942.0919, 
            1113.1568, 
            1178.5895, 
            954.3565, 
            1290.7798, 
            1066.7982, 
            1280.2594, 
            1411.3509, 
            1875.3648, 
            1359.6314, 
            1189.3189, 
            1436.8708, 
            806.0142, 
            1395.2585, 
            1941.906, 
            1407.4434, 
            5404.0361, 
            1099.0513, 
            847.9111, 
            1111.9797, 
            780.2344, 
            944.4368, 
            776.0759, 
            3070.5015, 
            1283.8284, 
            932.9935, 
            3584.9482, 
            1316.7917, 
            1317.7428, 
            2169.7282, 
            1810.9078, 
            1205.5249, 
            2794.8343, 
            1979.1398, 
            1310.0339, 
            2948.3938, 
            1099.4912, 
            1428.7018, 
            2831.9853, 
            1051.901, 
            988.3668, 
            1360.3661, 
            3041.1694, 
            1040.2703, 
            816.8027, 
            1408.335, 
            2115.9917, 
            2495.1908, 
            1889.0637, 
            3318.3944, 
            1188.0354, 
            1445.4771, 
            1030.3566, 
            2324.8238, 
            2195.1364, 
            966.3881, 
            1310.0339, 
            2476.4188, 
            1403.0342, 
            1095.7939, 
            2529.3273, 
            1687.2215, 
            805.5187, 
            2502.9603, 
            1290.7798, 
            2633.4198, 
            1977.941, 
            2261.0036, 
            929.4005, 
            7555.4607, 
            1976.4033, 
            1267.5283, 
            2242.454, 
            800.7842, 
            1303.0825, 
            826.2979, 
            981.0377, 
            1258.8406, 
            1690.6993, 
            3402.5324, 
            1155.9824, 
            2481.4221, 
            970.1348, 
            1969.0378, 
            2420.3878, 
            2593.2952, 
            1283.8284, 
            1271.342, 
            1157.7712, 
            1290.7798, 
            1007.4934, 
            940.8438, 
            1263.1299, 
            2249.5767, 
            5794.4127, 
            764.6298, 
            1684.2684, 
            1180.2798, 
            3654.3253, 
            2219.0095, 
            1402.3361, 
            2618.6975, 
            1482.1642, 
            1871.9453, 
            995.4023, 
            1803.6813, 
            2261.0036, 
            1884.5722, 
            1316.8991, 
            1151.9897, 
            1334.3057, 
            1363.3695, 
            3242.5188, 
            3804.8508, 
            831.1391, 
            1889.0637, 
            2252.4766, 
            1254.5113, 
            1834.2205, 
            3599.83, 
            4853.5192, 
            1298.0083, 
            1053.4572, 
            1960.5506, 
            1284.0104, 
            1231.2861, 
            2297.9425, 
            1884.5722, 
            1834.2205, 
            5794.5777, 
            2590.6335, 
            5864.6873, 
            1127.2608, 
            3693.2664, 
            1273.1715, 
            1445.4771, 
            1010.7444, 
            1326.3681, 
            1290.7798, 
            2717.8243, 
            1262.7675, 
            1475.2809, 
            1832.6305, 
            4742.9181, 
            1290.7798, 
            2263.2348, 
            1097.2169, 
            2683.5051, 
            2531.2897, 
            1268.1805, 
            985.7288, 
            1922.2176, 
            1642.162, 
            1096.6482, 
            1290.7798, 
            1807.158, 
            1992.5453, 
            1879.5292, 
            1151.9897, 
            2442.6045, 
            2449.5809, 
            2433.6615, 
            2475.368, 
            1310.0339, 
            966.3881, 
            1002.7826, 
            3617.5628, 
            1537.8208, 
            1229.6172, 
            1572.2329, 
            1570.018, 
            1832.6305, 
            3017.004, 
            1263.1299, 
            925.4925, 
            993.9695, 
            1163.9367, 
            935.8119, 
            919.3029, 
            821.5118, 
            1988.6572, 
            1222.2473, 
            1967.2172, 
            1879.5292, 
            952.5065, 
            2284.829, 
            1403.0342, 
            1462.173, 
            1410.1661, 
            3277.0212, 
            1263.1299, 
            1007.7004, 
            984.8026, 
            1263.1299, 
            1879.5292, 
            881.6045, 
            1883.229, 
            5143.1975, 
            1619.822, 
            1298.0083, 
            929.4005, 
            1332.0881, 
            1161.6869, 
            1113.1568, 
            1992.8231, 
            1426.6433, 
            1032.6118, 
            1202.6685, 
            1981.0714, 
            1120.7596, 
            1832.6305, 
            2555.5607, 
            880.2228, 
            3820.247, 
            993.4377, 
            2939.9205, 
            3242.5319, 
            3403.2145, 
            922.8993, 
            3316.6183, 
            2260.4628, 
            1264.5111, 
            2123.5897, 
            2364.0583, 
            1032.6118, 
            2176.8643, 
            1036.919, 
            1664.1917, 
            962.8239, 
            1094.9451, 
            1176.6847, 
            1300.9582, 
            2249.6972, 
            1305.1623, 
            1043.4859, 
            1618.4041, 
            1297.7949, 
            1177.7024, 
            4048.1794, 
            2002.3554, 
            810.9319, 
            1307.2983, 
            1834.2205, 
            958.3105, 
            943.5002, 
            922.2995, 
            2482.617, 
            3078.5439, 
            1095.7939, 
            862.9619, 
            989.3425, 
            2366.0503, 
            1918.1065, 
            3248.1574, 
            1864.4019, 
            2269.6358, 
            1264.5111, 
            1032.6118, 
            2438.1901, 
            1301.9161, 
            1251.9259, 
            1176.6847, 
            1844.6222, 
            1508.0931, 
            1182.7981, 
            1174.617, 
            1290.7798, 
            3429.3612, 
            1095.7939, 
            2417.9743, 
            951.5306, 
            3936.0861, 
            4092.183, 
            993.9695, 
            940.8438, 
            1127.4984, 
            2692.8088, 
            1263.1299, 
            5384.2783, 
            1634.4549, 
            930.8426, 
            2260.3153, 
            3199.744, 
            3212.1116, 
            3545.7008, 
            1176.6847, 
            2464.6758, 
            1449.3278, 
            1191.7758, 
            2402.8367, 
            775.1111, 
            1290.7798, 
            3504.5714, 
            2735.0186, 
            2018.961, 
            638.3115, 
            1998.682, 
            911.6018, 
            1336.6871, 
            1032.6118, 
            3403.3109, 
            1168.0395, 
            1446.1821, 
            717.8406, 
            1950.2197, 
            3908.1091, 
            1662.3038, 
            1263.1299, 
            1857.8825, 
            1321.8887, 
            2205.3177, 
            1132.8359, 
            1171.8706, 
            1298.0083, 
            1400.9822, 
            1951.4771, 
            1291.0568, 
            1264.5111, 
            1036.919, 
            893.6845, 
            1310.0339, 
            809.377, 
            1297.1187, 
            4466.9702, 
            1952.3268, 
            1008.8684, 
            1298.0083, 
            8345.0761, 
            2706.5931, 
            1304.1586, 
            5924.9625, 
            3885.8353, 
            925.4925, 
            3895.5346, 
            2152.9139, 
            2432.9559, 
            1095.7939, 
            1283.8284, 
            782.9053, 
            1158.4979, 
            2937.549, 
            1030.3566, 
            789.4816, 
            1310.0339, 
            880.9282, 
            4577.696, 
            1894.5123, 
            1719.2991, 
            799.9289, 
            954.3565, 
            806.0726, 
            1298.0083, 
            1210.3134, 
            1332.9782, 
            3744.3106, 
            1312.0275, 
            1160.4028, 
            3211.3239, 
            1321.8887, 
            1288.2999, 
            2402.8367, 
            1396.3915, 
            1913.3742, 
            1290.7798, 
            1433.8242, 
            2706.5931, 
            1160.4028, 
            1298.0083, 
            4415.3382, 
            2567.1505, 
            1291.0568
        ], 
        "x": [
            640.0, 
            630.0, 
            2200.0, 
            900.0, 
            850.0, 
            1900.0, 
            750.0, 
            7500.0, 
            870.0, 
            1000.0, 
            2400.0, 
            1100.0, 
            1300.0, 
            1550.0, 
            750.0, 
            1500.0, 
            1450.0, 
            2400.0, 
            1600.0, 
            1420.0, 
            4100.0, 
            2200.0, 
            4300.0, 
            1350.0, 
            950.0, 
            2300.0, 
            1485.0, 
            3000.0, 
            1500.0, 
            4000.0, 
            1100.0, 
            850.0, 
            1400.0, 
            1200.0, 
            2250.0, 
            1600.0, 
            1400.0, 
            2700.0, 
            1500.0, 
            825.0, 
            1000.0, 
            590.0, 
            940.0, 
            1090.0, 
            1155.0, 
            950.0, 
            1800.0, 
            5990.0, 
            899.0, 
            1100.0, 
            3100.0, 
            1200.0, 
            1900.0, 
            700.0, 
            1270.0, 
            2490.0, 
            600.0, 
            1500.0, 
            950.0, 
            1400.0, 
            2750.0, 
            725.0, 
            6500.0, 
            950.0, 
            1250.0, 
            3200.0, 
            1700.0, 
            700.0, 
            1850.0, 
            3200.0, 
            2200.0, 
            2500.0, 
            1250.0, 
            1250.0, 
            950.0, 
            1400.0, 
            2500.0, 
            3100.0, 
            6500.0, 
            1800.0, 
            840.0, 
            3500.0, 
            650.0, 
            600.0, 
            1300.0, 
            980.0, 
            775.0, 
            1550.0, 
            700.0, 
            650.0, 
            825.0, 
            2400.0, 
            2300.0, 
            1290.0, 
            700.0, 
            4300.0, 
            850.0, 
            1100.0, 
            2500.0, 
            2300.0, 
            855.0, 
            2430.0, 
            800.0, 
            1190.0, 
            1800.0, 
            2750.0, 
            1700.0, 
            1600.0, 
            1100.0, 
            850.0, 
            1400.0, 
            1600.0, 
            1350.0, 
            2000.0, 
            1200.0, 
            4300.0, 
            3000.0, 
            2970.0, 
            2500.0, 
            1950.0, 
            1500.0, 
            1175.0, 
            950.0, 
            1700.0, 
            1350.0, 
            750.0, 
            1500.0, 
            1350.0, 
            2500.0, 
            2300.0, 
            2500.0, 
            850.0, 
            4200.0, 
            1100.0, 
            1150.0, 
            950.0, 
            1600.0, 
            2500.0, 
            1050.0, 
            2500.0, 
            750.0, 
            900.0, 
            1800.0, 
            3240.0, 
            1600.0, 
            900.0, 
            1100.0, 
            1500.0, 
            1050.0, 
            1800.0, 
            880.0, 
            2430.0, 
            850.0, 
            1100.0, 
            1400.0, 
            850.0, 
            1050.0, 
            5500.0, 
            1250.0, 
            2200.0, 
            700.0, 
            3100.0, 
            1480.0, 
            1000.0, 
            1800.0, 
            4000.0, 
            1200.0, 
            3200.0, 
            1700.0, 
            595.0, 
            3500.0, 
            4200.0, 
            950.0, 
            1000.0, 
            3995.0, 
            1350.0, 
            900.0, 
            1150.0, 
            1280.0, 
            800.0, 
            900.0, 
            3200.0, 
            850.0, 
            3500.0, 
            2175.0, 
            1000.0, 
            7800.0, 
            8500.0, 
            2250.0, 
            2800.0, 
            1600.0, 
            2700.0, 
            2160.0, 
            2800.0, 
            2350.0, 
            2000.0, 
            1200.0, 
            850.0, 
            740.0, 
            1250.0, 
            975.0, 
            1200.0, 
            5000.0, 
            1200.0, 
            1400.0, 
            2500.0, 
            2160.0, 
            699.0, 
            4700.0, 
            749.0, 
            1350.0, 
            1600.0, 
            1100.0, 
            1500.0, 
            950.0, 
            695.0, 
            1100.0, 
            900.0, 
            1000.0, 
            3000.0, 
            780.0, 
            970.0, 
            900.0, 
            700.0, 
            650.0, 
            3300.0, 
            2300.0, 
            2900.0, 
            915.0, 
            5000.0, 
            1400.0, 
            1200.0, 
            1690.0, 
            780.0, 
            775.0, 
            1000.0, 
            3900.0, 
            1350.0, 
            1210.0, 
            1250.0, 
            2025.0, 
            1600.0, 
            3500.0, 
            450.0, 
            1000.0, 
            2800.0, 
            1300.0, 
            800.0, 
            1300.0, 
            800.0, 
            1325.0, 
            680.0, 
            700.0, 
            3500.0, 
            1000.0, 
            850.0, 
            900.0, 
            900.0, 
            1800.0, 
            2970.0, 
            6000.0, 
            1400.0, 
            4000.0, 
            2700.0, 
            1550.0, 
            3700.0, 
            1500.0, 
            2800.0, 
            1250.0, 
            1100.0, 
            1500.0, 
            1850.0, 
            760.0, 
            4725.0, 
            1250.0, 
            850.0, 
            750.0, 
            1350.0, 
            5200.0, 
            850.0, 
            795.0, 
            1550.0, 
            600.0, 
            3500.0, 
            850.0, 
            2200.0, 
            1450.0, 
            625.0, 
            2835.0, 
            3100.0, 
            1250.0, 
            800.0, 
            850.0, 
            725.0, 
            950.0, 
            1500.0, 
            750.0, 
            875.0, 
            2200.0, 
            5500.0, 
            2900.0, 
            2100.0, 
            1200.0, 
            1500.0, 
            1350.0, 
            1400.0, 
            800.0, 
            3000.0, 
            2500.0, 
            2500.0, 
            7500.0, 
            2000.0, 
            1350.0, 
            1950.0, 
            990.0, 
            4900.0, 
            2200.0, 
            1500.0, 
            3900.0, 
            3000.0, 
            4000.0, 
            2160.0, 
            1250.0, 
            4500.0, 
            1600.0, 
            950.0, 
            790.0, 
            4300.0, 
            900.0, 
            700.0, 
            1450.0, 
            1250.0, 
            850.0, 
            780.0, 
            2300.0, 
            1100.0, 
            1000.0, 
            650.0, 
            920.0, 
            1600.0, 
            600.0, 
            1250.0, 
            950.0, 
            790.0, 
            950.0, 
            6000.0, 
            2700.0, 
            1650.0, 
            2100.0, 
            970.0, 
            2700.0, 
            3200.0, 
            3500.0, 
            1650.0, 
            2900.0, 
            2600.0, 
            7500.0, 
            1500.0, 
            850.0, 
            1500.0, 
            2300.0, 
            1300.0, 
            2590.0, 
            1300.0, 
            1200.0, 
            1000.0, 
            1450.0, 
            800.0, 
            700.0, 
            1750.0, 
            915.0, 
            2500.0, 
            4700.0, 
            1300.0, 
            3200.0, 
            600.0, 
            1200.0, 
            2700.0, 
            1580.0, 
            7000.0, 
            1400.0, 
            1600.0, 
            3500.0, 
            3200.0, 
            975.0, 
            3800.0, 
            3105.0, 
            2800.0, 
            2500.0, 
            1750.0, 
            1200.0, 
            750.0, 
            1200.0, 
            900.0, 
            1100.0, 
            5000.0, 
            1380.0, 
            1200.0, 
            1950.0, 
            830.0, 
            1250.0, 
            2500.0, 
            800.0, 
            2750.0, 
            3500.0, 
            3375.0, 
            1200.0, 
            750.0, 
            2000.0, 
            700.0, 
            700.0, 
            3000.0, 
            1600.0, 
            3150.0, 
            1450.0, 
            1300.0, 
            1350.0, 
            1500.0, 
            480.0, 
            550.0, 
            600.0, 
            2000.0, 
            1100.0, 
            2100.0, 
            4950.0, 
            950.0, 
            880.0, 
            500.0, 
            2400.0, 
            3500.0, 
            1500.0, 
            4500.0, 
            2160.0, 
            3900.0, 
            850.0, 
            730.0, 
            1300.0, 
            575.0, 
            990.0, 
            1490.0, 
            1100.0, 
            1300.0, 
            730.0, 
            950.0, 
            2800.0, 
            1400.0, 
            1240.0, 
            800.0, 
            900.0, 
            2100.0, 
            1100.0, 
            850.0, 
            1800.0, 
            1300.0, 
            1200.0, 
            1100.0, 
            2950.0, 
            3200.0, 
            1100.0, 
            1000.0, 
            750.0, 
            1200.0, 
            1500.0, 
            1250.0, 
            3000.0, 
            1600.0, 
            1800.0, 
            1850.0, 
            850.0, 
            600.0, 
            2750.0, 
            1250.0, 
            2400.0, 
            980.0, 
            750.0, 
            1400.0, 
            1200.0, 
            700.0, 
            850.0, 
            2295.0, 
            2400.0, 
            1500.0, 
            3400.0, 
            790.0, 
            2850.0, 
            750.0, 
            3900.0, 
            1800.0, 
            4800.0, 
            900.0, 
            1010.0, 
            1400.0, 
            1600.0, 
            1900.0, 
            3000.0, 
            2300.0, 
            1100.0, 
            1300.0, 
            900.0, 
            3500.0, 
            1300.0, 
            999.0, 
            1300.0, 
            1600.0, 
            1400.0, 
            1300.0, 
            2000.0, 
            900.0, 
            1500.0, 
            2650.0, 
            1250.0, 
            700.0, 
            8000.0, 
            2600.0, 
            1099.0, 
            1400.0, 
            9000.0, 
            950.0, 
            775.0, 
            1300.0, 
            1600.0, 
            2000.0, 
            1500.0, 
            900.0, 
            5373.0, 
            950.0, 
            7500.0, 
            500.0, 
            1900.0, 
            700.0, 
            3000.0, 
            1100.0, 
            2800.0, 
            1750.0, 
            1100.0, 
            850.0, 
            1150.0, 
            2300.0, 
            1900.0, 
            3200.0, 
            650.0, 
            2300.0, 
            600.0, 
            950.0, 
            1400.0, 
            880.0, 
            4100.0, 
            1400.0, 
            1300.0, 
            800.0, 
            4500.0, 
            1900.0, 
            1000.0, 
            900.0, 
            1100.0, 
            4000.0, 
            850.0, 
            1400.0, 
            1200.0, 
            2750.0, 
            3000.0, 
            750.0, 
            4000.0, 
            3100.0, 
            1200.0, 
            1100.0, 
            1300.0, 
            1700.0, 
            625.0, 
            750.0, 
            2300.0, 
            800.0, 
            970.0, 
            3000.0, 
            975.0, 
            900.0, 
            880.0, 
            2200.0, 
            1500.0, 
            1400.0, 
            1250.0, 
            590.0, 
            1050.0, 
            1450.0, 
            2970.0, 
            2600.0, 
            1500.0, 
            990.0, 
            1000.0, 
            850.0, 
            925.0, 
            1200.0, 
            2160.0, 
            1500.0, 
            5500.0, 
            2200.0, 
            1450.0, 
            1100.0, 
            1200.0, 
            555.0, 
            3500.0, 
            4320.0, 
            2800.0, 
            1150.0, 
            800.0, 
            750.0, 
            675.0, 
            900.0, 
            700.0, 
            600.0, 
            1900.0, 
            1500.0, 
            1000.0, 
            1000.0, 
            1100.0, 
            2500.0, 
            650.0, 
            1000.0, 
            1800.0, 
            1500.0, 
            2500.0, 
            7500.0, 
            1500.0, 
            2900.0, 
            2970.0, 
            1300.0, 
            1300.0, 
            900.0, 
            750.0, 
            726.0, 
            1050.0, 
            900.0, 
            1300.0, 
            2160.0, 
            1500.0, 
            1400.0, 
            1750.0, 
            1499.0, 
            1200.0, 
            2000.0, 
            500.0, 
            3915.0, 
            1550.0, 
            1300.0, 
            4900.0, 
            1100.0, 
            850.0, 
            1300.0, 
            600.0, 
            1100.0, 
            650.0, 
            1800.0, 
            1490.0, 
            750.0, 
            2950.0, 
            1350.0, 
            1000.0, 
            1575.0, 
            1200.0, 
            1200.0, 
            3000.0, 
            1300.0, 
            750.0, 
            3500.0, 
            850.0, 
            1650.0, 
            2800.0, 
            1500.0, 
            750.0, 
            1000.0, 
            3500.0, 
            1000.0, 
            600.0, 
            1300.0, 
            2000.0, 
            3300.0, 
            1845.0, 
            3500.0, 
            2160.0, 
            2565.0, 
            830.0, 
            3600.0, 
            2350.0, 
            750.0, 
            1350.0, 
            2500.0, 
            1380.0, 
            1450.0, 
            4500.0, 
            1900.0, 
            700.0, 
            2400.0, 
            1500.0, 
            2000.0, 
            2200.0, 
            2500.0, 
            850.0, 
            7500.0, 
            2500.0, 
            1300.0, 
            2500.0, 
            600.0, 
            840.0, 
            690.0, 
            800.0, 
            1300.0, 
            2000.0, 
            3500.0, 
            1600.0, 
            1900.0, 
            1100.0, 
            1750.0, 
            2970.0, 
            3300.0, 
            770.0, 
            700.0, 
            760.0, 
            800.0, 
            1100.0, 
            750.0, 
            1100.0, 
            1900.0, 
            7500.0, 
            740.0, 
            1350.0, 
            1300.0, 
            3000.0, 
            2100.0, 
            1500.0, 
            2200.0, 
            1600.0, 
            2400.0, 
            650.0, 
            1400.0, 
            2970.0, 
            2200.0, 
            1700.0, 
            750.0, 
            1550.0, 
            1400.0, 
            4800.0, 
            5200.0, 
            750.0, 
            1700.0, 
            2500.0, 
            780.0, 
            1500.0, 
            3900.0, 
            5000.0, 
            2300.0, 
            950.0, 
            2500.0, 
            1250.0, 
            1050.0, 
            2500.0, 
            2200.0, 
            1900.0, 
            6000.0, 
            1950.0, 
            12000.0, 
            790.0, 
            3600.0, 
            1100.0, 
            1700.0, 
            725.0, 
            1350.0, 
            1000.0, 
            3500.0, 
            900.0, 
            1450.0, 
            1600.0, 
            5800.0, 
            1550.0, 
            2750.0, 
            1395.0, 
            1400.0, 
            2500.0, 
            1195.0, 
            800.0, 
            2300.0, 
            1300.0, 
            1400.0, 
            1300.0, 
            2500.0, 
            2100.0, 
            1500.0, 
            900.0, 
            1800.0, 
            4725.0, 
            2275.0, 
            2500.0, 
            1250.0, 
            1000.0, 
            700.0, 
            3400.0, 
            1100.0, 
            900.0, 
            2565.0, 
            2565.0, 
            1500.0, 
            3000.0, 
            990.0, 
            900.0, 
            800.0, 
            1380.0, 
            990.0, 
            1000.0, 
            1175.0, 
            2100.0, 
            950.0, 
            1800.0, 
            1450.0, 
            925.0, 
            2600.0, 
            1500.0, 
            2160.0, 
            1200.0, 
            3800.0, 
            1070.0, 
            1450.0, 
            800.0, 
            900.0, 
            1550.0, 
            650.0, 
            1600.0, 
            6000.0, 
            1600.0, 
            1250.0, 
            1000.0, 
            1350.0, 
            1200.0, 
            1050.0, 
            2000.0, 
            1150.0, 
            1100.0, 
            825.0, 
            2300.0, 
            1200.0, 
            1700.0, 
            1900.0, 
            550.0, 
            4000.0, 
            1890.0, 
            2600.0, 
            4100.0, 
            2300.0, 
            1100.0, 
            3500.0, 
            2350.0, 
            1000.0, 
            1700.0, 
            2200.0, 
            1200.0, 
            1600.0, 
            800.0, 
            1400.0, 
            660.0, 
            899.0, 
            950.0, 
            1350.0, 
            1850.0, 
            1300.0, 
            875.0, 
            1250.0, 
            790.0, 
            850.0, 
            2900.0, 
            2565.0, 
            700.0, 
            750.0, 
            2100.0, 
            1100.0, 
            1250.0, 
            600.0, 
            2970.0, 
            3000.0, 
            575.0, 
            525.0, 
            1200.0, 
            2350.0, 
            1600.0, 
            2900.0, 
            1300.0, 
            2000.0, 
            1200.0, 
            1000.0, 
            3105.0, 
            2565.0, 
            1400.0, 
            900.0, 
            2250.0, 
            700.0, 
            1200.0, 
            1000.0, 
            900.0, 
            3000.0, 
            950.0, 
            3800.0, 
            750.0, 
            4500.0, 
            3500.0, 
            630.0, 
            700.0, 
            1450.0, 
            2500.0, 
            870.0, 
            5500.0, 
            2300.0, 
            1050.0, 
            2800.0, 
            2200.0, 
            3600.0, 
            4800.0, 
            1200.0, 
            2200.0, 
            2500.0, 
            1000.0, 
            2900.0, 
            750.0, 
            890.0, 
            4455.0, 
            2800.0, 
            2100.0, 
            540.0, 
            1590.0, 
            1215.0, 
            1200.0, 
            800.0, 
            5130.0, 
            700.0, 
            2005.0, 
            665.0, 
            3500.0, 
            2500.0, 
            1100.0, 
            850.0, 
            1900.0, 
            800.0, 
            1700.0, 
            1050.0, 
            1300.0, 
            1100.0, 
            999.0, 
            1850.0, 
            1500.0, 
            1950.0, 
            800.0, 
            850.0, 
            1230.0, 
            790.0, 
            1350.0, 
            2400.0, 
            1550.0, 
            1100.0, 
            1300.0, 
            15000.0, 
            2800.0, 
            1150.0, 
            6000.0, 
            4200.0, 
            685.0, 
            4000.0, 
            1500.0, 
            3300.0, 
            815.0, 
            1380.0, 
            750.0, 
            1200.0, 
            2800.0, 
            800.0, 
            700.0, 
            1250.0, 
            650.0, 
            4300.0, 
            1700.0, 
            1900.0, 
            650.0, 
            800.0, 
            650.0, 
            850.0, 
            800.0, 
            1650.0, 
            2900.0, 
            999.0, 
            990.0, 
            2900.0, 
            1300.0, 
            1500.0, 
            3100.0, 
            1200.0, 
            1100.0, 
            760.0, 
            1200.0, 
            2500.0, 
            1100.0, 
            1300.0, 
            5800.0, 
            2100.0, 
            1500.0
        ]
    }, 
    "processed_feature_names": [
        "Cottage", 
        "Duplex", 
        "Elevator", 
        "Floor", 
        "Outer", 
        "Penthouse", 
        "Sq. Mt.", 
        "num_binarized:Penthouse:above:0.0", 
        "num_binarized:Outer:above:1.0", 
        "num_binarized:Duplex:above:0.0", 
        "num_binarized:Elevator:above:1.0", 
        "num_binarized:Cottage:above:0.0", 
        "dummy:Area:Recoletos", 
        "dummy:Area:Chueca-Justicia", 
        "dummy:Area:Castellana", 
        "dummy:Area:Goya", 
        "dummy:Area:Almagro", 
        "dummy:Area:Arguelles", 
        "dummy:Area:Cuatro Caminos", 
        "dummy:Area:Bernabeu-Hispanoamerica", 
        "dummy:Area:Nueva Espana", 
        "dummy:Area:Lavapies-Embajadores", 
        "dummy:Area:Malasana-Universidad", 
        "dummy:Area:Palacio", 
        "dummy:Area:El Viso", 
        "dummy:Area:Ibiza", 
        "dummy:Area:Lista", 
        "dummy:Area:Cuzco-Castillejos", 
        "dummy:Area:Nuevos Ministerios-Rios Rosas", 
        "dummy:Area:Sol", 
        "dummy:Area:Las Tablas", 
        "dummy:Area:Huertas-Cortes", 
        "dummy:Area:Sanchinarro", 
        "dummy:Area:Arapiles", 
        "dummy:Area:Rejas", 
        "dummy:Area:Trafalgar", 
        "dummy:Area:Castilla", 
        "dummy:Area:Prosperidad", 
        "dummy:Area:Barajas", 
        "dummy:Area:Vallehermoso", 
        "dummy:Area:Guindalera", 
        "dummy:Area:Aravaca", 
        "dummy:Area:Ciudad Jardin", 
        "dummy:Area:San Juan Bautista", 
        "dummy:Area:Gaztambide", 
        "dummy:Area:San Diego", 
        "dummy:Area:Valdeacederas", 
        "dummy:Area:Valdemarin", 
        "dummy:Area:Ensanche de Vallecas - La Gavia", 
        "dummy:Area:Bellas Vistas", 
        "dummy:Area:Valdezarza", 
        "dummy:Area:Acacias", 
        "dummy:Area:Montecarmelo", 
        "dummy:Area:Concepcion", 
        "dummy:Area:Jeronimos", 
        "dummy:Area:Conde Orgaz-Piovera", 
        "dummy:Area:La Paz", 
        "dummy:Area:Berruguete", 
        "dummy:Area:Costillares", 
        "dummy:Area:Simancas", 
        "dummy:Area:Ciudad Universitaria", 
        "dummy:Area:Pacifico", 
        "dummy:Area:Pilar", 
        "dummy:Area:San Isidro", 
        "dummy:Area:Ventilla-Almenara", 
        "dummy:Area:Penagrande", 
        "dummy:Area:Aluche", 
        "dummy:Area:Casco Historico de Vallecas", 
        "dummy:Area:Ni\u00f1o Jesus", 
        "dummy:Area:Valdebebas - Valdefuentes", 
        "dummy:Area:Delicias", 
        "dummy:Area:Colina", 
        "dummy:Area:Pueblo Nuevo", 
        "dummy:Area:Fuente del Berro", 
        "dummy:Area:San Pascual", 
        "dummy:Area:Vista Alegre", 
        "dummy:Area:Numancia", 
        "dummy:Area:Mirasierra", 
        "dummy:Area:Salvador", 
        "dummy:Area:Palomas", 
        "dummy:Area:Palomeras Bajas", 
        "dummy:Area:Palos de Moguer", 
        "dummy:Area:Pinar del Rey", 
        "dummy:Area:Puerta Bonita", 
        "dummy:Area:Abrantes", 
        "dummy:Area:Imperial", 
        "dummy:Area:Puerta del Angel", 
        "dummy:Area:San Andres", 
        "dummy:Area:Quintana", 
        "dummy:Area:Canillas", 
        "dummy:Area:Campamento", 
        "dummy:Area:Ventas", 
        "dummy:Area:Legazpi", 
        "dummy:Area:Ap\u00f3stol Santiago", 
        "dummy:Area:Media Legua", 
        "dummy:Area:Estrella", 
        "dummy:Area:Los Angeles", 
        "dummy:Area:Atalaya", 
        "dummy:Area:Rosas", 
        "dummy:Area:Almendrales", 
        "dummy:Area:Palomeras sureste", 
        "dummy:Area:Tres Olivos - Valverde", 
        "dummy:Area:Opanel", 
        "dummy:Area:Zofao", 
        "dummy:Area:San Fermin", 
        "dummy:Area:Pau de Carabanchel", 
        "dummy:Area:Butarque", 
        "dummy:Area:Ambroz", 
        "dummy:Area:Valdebernardo - Valderribas", 
        "dummy:Area:Arroyo del Fresno", 
        "dummy:Area:Arcos", 
        "dummy:Area:Buena Vista", 
        "dummy:Area:Fuentelarreina", 
        "dummy:Area:N/A", 
        "dummy:Area:__Others__"
    ], 
    "regression_performance": {
        "max_error": 1419.4949360485275, 
        "median_error": -74.49302795207336, 
        "error_distribution": [
            {
                "count": 85, 
                "bin_max": -684.27101441139757, 
                "bin_id": 0, 
                "bin_min": -920.36030440745571
            }, 
            {
                "count": 132, 
                "bin_max": -450.51924213807251, 
                "bin_id": 1, 
                "bin_min": -684.27101441139757
            }, 
            {
                "count": 387, 
                "bin_max": -216.76746986474757, 
                "bin_id": 2, 
                "bin_min": -450.51924213807251
            }, 
            {
                "count": 550, 
                "bin_max": 16.984302408577491, 
                "bin_id": 3, 
                "bin_min": -216.76746986474757
            }, 
            {
                "count": 319, 
                "bin_max": 250.73607468190255, 
                "bin_id": 4, 
                "bin_min": 16.984302408577491
            }, 
            {
                "count": 150, 
                "bin_max": 484.48784695522738, 
                "bin_id": 5, 
                "bin_min": 250.73607468190255
            }, 
            {
                "count": 97, 
                "bin_max": 718.23961922855244, 
                "bin_id": 6, 
                "bin_min": 484.48784695522738
            }, 
            {
                "count": 53, 
                "bin_max": 951.9913915018775, 
                "bin_id": 7, 
                "bin_min": 718.23961922855244
            }, 
            {
                "count": 33, 
                "bin_max": 1185.7431637752024, 
                "bin_id": 8, 
                "bin_min": 951.9913915018775
            }, 
            {
                "count": 68, 
                "bin_max": 1419.4949360485275, 
                "bin_id": 9, 
                "bin_min": 1185.7431637752024
            }
        ], 
        "min_error": -918.02278668472252, 
        "average_error": -2.3200359177739256, 
        "std_error": 468.48691659226887, 
        "p75_error": 180.88135975497312, 
        "p90_error": 640.6795547813324, 
        "p25_error": -279.77691321283066
    }
}