{
  "state": "DONE",
  "preSearchDescription": {
    "gridLength": 1,
    "importantParams": [
      {
        "name": "trees",
        "vals": [
          "100"
        ]
      },
      {
        "name": "depth",
        "vals": [
          "8"
        ]
      },
      {
        "name": "min_samples",
        "vals": [
          "3"
        ]
      }
    ]
  },
  "postSearchDescription": {
    "importantParams": [
      {
        "name": "trees",
        "val": "100"
      },
      {
        "name": "depth",
        "val": "8"
      },
      {
        "name": "min_samples",
        "val": "3"
      }
    ]
  },
  "sampleWeightsEnabled": false,
  "modelId": "m1",
  "progress": {
    "top_level_todo": [],
    "stack": [],
    "top_level_done": [
      {
        "name": "Loading train set",
        "time": 31
      },
      {
        "name": "Loading test set",
        "time": 39
      },
      {
        "name": "Collecting statistics",
        "time": 77
      },
      {
        "name": "Preprocessing train set",
        "time": 119
      },
      {
        "name": "Preprocessing test set",
        "time": 87
      },
      {
        "name": "Fitting model",
        "time": 1580
      },
      {
        "name": "Saving model",
        "time": 87
      },
      {
        "name": "Scoring model",
        "time": 1282
      }
    ]
  },
  "startTime": 1562030296432,
  "endTime": 1562030299737,
  "preprocessingTime": 356,
  "trainingTime": 2949
}