{
    "rawImportance": {
        "variables": [
            "Floor", 
            "Sq. Mt.", 
            "dummy:Area:Chueca-Justicia", 
            "dummy:Area:Recoletos", 
            "dummy:Area:Castellana", 
            "dummy:Area:Almagro", 
            "dummy:Area:Goya", 
            "dummy:Area:Arguelles", 
            "dummy:Area:Cuatro Caminos", 
            "dummy:Area:Nuevos Ministerios-Rios Rosas", 
            "dummy:Area:Nueva Espana", 
            "dummy:Area:Bernabeu-Hispanoamerica", 
            "dummy:Area:Lavapies-Embajadores", 
            "dummy:Area:Palacio", 
            "dummy:Area:Malasana-Universidad", 
            "dummy:Area:El Viso", 
            "dummy:Area:Cuzco-Castillejos", 
            "dummy:Area:Arapiles", 
            "dummy:Area:Las Tablas", 
            "dummy:Area:Ibiza", 
            "dummy:Area:Huertas-Cortes", 
            "dummy:Area:Sol", 
            "dummy:Area:Lista", 
            "dummy:Area:Trafalgar", 
            "dummy:Area:Vallehermoso", 
            "dummy:Area:Barajas", 
            "dummy:Area:Ciudad Jardin", 
            "dummy:Area:Guindalera", 
            "dummy:Area:San Diego", 
            "dummy:Area:San Isidro", 
            "dummy:Area:Ensanche de Vallecas - La Gavia", 
            "dummy:Area:Aravaca", 
            "dummy:Area:Valdemarin", 
            "dummy:Area:Valdezarza", 
            "dummy:Area:Casco Historico de Vallecas", 
            "dummy:Area:Delicias", 
            "dummy:Area:Jeronimos", 
            "dummy:Area:Ventilla-Almenara", 
            "dummy:Area:Pilar", 
            "dummy:Area:Ni\u00f1o Jesus", 
            "dummy:Area:Los Angeles", 
            "dummy:Area:La Paz", 
            "dummy:Area:Aluche", 
            "dummy:Area:Media Legua", 
            "dummy:Area:__Others__"
        ], 
        "importances": [
            0.042978197346934997, 
            0.86358574035149172, 
            0.0046879720077968833, 
            0.048850094450799249, 
            0.0091116855509483802, 
            0.0095278070565313726, 
            0.0092117341835749201, 
            0.0018287841423182839, 
            5.30866717430711e-05, 
            6.1582513461840585e-05, 
            0.00011823362061827611, 
            0.00036200722965264414, 
            0.0004234263060362974, 
            0.00078938881176341834, 
            0.00064305602886817568, 
            0.0009498993490377755, 
            8.7915817317567386e-05, 
            1.9709395365484241e-06, 
            3.0276666890205608e-05, 
            0.00072600877715280618, 
            0.0012976825217493465, 
            0.00019248298222586182, 
            2.3005350217577572e-05, 
            0.00085319937585203278, 
            0.0022465313258955995, 
            6.7116948960834511e-06, 
            0.00031851808032593688, 
            1.2679569492433663e-05, 
            5.9256816486116832e-05, 
            4.3151155183695335e-05, 
            1.8862261552039656e-05, 
            2.6607361324748605e-05, 
            0.00020704909651093201, 
            0.00016286550254553765, 
            1.2446575577153765e-05, 
            4.8269495325135442e-05, 
            0.00016698769551654177, 
            1.3970567562322671e-05, 
            8.8755870984266738e-05, 
            2.5815599395737823e-05, 
            8.3197775136963953e-06, 
            3.1142252955569178e-05, 
            4.5476523451356031e-06, 
            4.1153795978956057e-05, 
            6.1119800112930563e-05
        ]
    }, 
    "modelInputNRows": 1120, 
    "partialDependencies": [
        {
            "featureBins": [
                -0.50000010159829245, 
                8.1182269795476714e-09, 
                0.5000001178347464, 
                1.0000000505256108, 
                1.9999999159073403, 
                3.000000002571138, 
                4.0000000007221077, 
                5.000000043129492, 
                6.0000000855368754, 
                7.0000001279442596, 
                7.9999999933259893, 
                8.9999998587077172, 
                10.000000078140758, 
                11.000000297573795, 
                11.999999808904214, 
                13.000000028337254, 
                14.000000247770291, 
                15.999999978533751, 
                16.99999948986417, 
                19.999999440060666, 
                22.999999390257166, 
                24.99999982912324, 
                27.999999779319737, 
                28.999999290650159
            ], 
            "data": [
                [
                    -57.01788213362693, 
                    -57.01788213362693, 
                    -51.86093125343791, 
                    -47.89739201259931, 
                    -43.496191232054116, 
                    -57.68862147364007, 
                    -18.495350462452052, 
                    4.0287882552136125, 
                    54.777786097733724, 
                    141.04654284976982, 
                    150.6921712549722, 
                    138.61701031681764, 
                    139.5829002897458, 
                    191.94813344580803, 
                    214.5039579490042, 
                    313.519750266669, 
                    334.49401319433423, 
                    537.1071080045829, 
                    542.1458472122492, 
                    554.4936251893089, 
                    554.4936251893089, 
                    554.4936251893089, 
                    554.4936251893089, 
                    554.4936251893089
                ]
            ], 
            "feature": "Floor"
        }, 
        {
            "featureBins": [
                39.999999051617607, 
                42.403534408634684, 
                44.807069765651775, 
                47.210605122668852, 
                49.614140479685936, 
                52.017675836703013, 
                54.421211193720083, 
                56.824746550737174, 
                59.228281907754258, 
                61.631817264771328, 
                64.035352621788405, 
                66.438887978805496, 
                68.842423335822559, 
                71.24595869283965, 
                73.649494049856727, 
                76.053029406873804, 
                78.456564763890896, 
                80.860100120907958, 
                83.26363547792505, 
                85.667170834942127, 
                88.070706191959204, 
                90.474241548976295, 
                92.877776905993372, 
                95.281312263010449, 
                97.684847620027526, 
                100.0883829770446, 
                102.49191833406168, 
                104.89545369107877, 
                107.29898904809585, 
                109.70252440511292, 
                112.10605976213, 
                114.50959511914709, 
                116.91313047616417, 
                119.31666583318125, 
                121.72020119019831, 
                124.12373654721542, 
                126.52727190423249, 
                128.93080726124956, 
                131.33434261826665, 
                133.73787797528374, 
                136.1414133323008, 
                138.54494868931789, 
                140.94848404633495, 
                143.35201940335205, 
                145.75555476036914, 
                148.1590901173862, 
                150.56262547440329, 
                152.96616083142035, 
                155.36969618843744, 
                157.77323154545454, 
                160.1767669024716, 
                162.58030225948869, 
                164.98383761650575, 
                167.38737297352284, 
                169.79090833053993, 
                172.194443687557, 
                174.59797904457406, 
                177.00151440159115, 
                179.40504975860824, 
                181.80858511562531, 
                184.2121204726424, 
                186.61565582965949, 
                189.01919118667655, 
                191.42272654369364, 
                193.82626190071073, 
                196.2297972577278, 
                198.63333261474486, 
                201.03686797176198, 
                203.44040332877901, 
                205.8439386857961, 
                208.24747404281322, 
                210.65100939983026, 
                213.05454475684735, 
                215.45808011386441, 
                217.8616154708815, 
                220.26515082789859, 
                222.66868618491566, 
                225.07222154193278, 
                227.47575689894984, 
                229.8792922559669, 
                232.28282761298402, 
                234.68636297000106, 
                237.08989832701815, 
                239.49343368403527, 
                241.89696904105233, 
                244.30050439806939, 
                246.70403975508646, 
                249.10757511210358, 
                251.51111046912064, 
                253.9146458261377, 
                256.31818118315482, 
                258.72171654017183, 
                261.12525189718895, 
                263.52878725420607, 
                265.93232261122307, 
                268.33585796824019, 
                270.73939332525725, 
                273.14292868227432, 
                275.54646403929144, 
                277.9499993963085
            ], 
            "data": [
                [
                    -860.0606246287894, 
                    -851.7663447850224, 
                    -843.4506071173594, 
                    -820.565561967904, 
                    -815.0508322288301, 
                    -811.1285038462477, 
                    -798.19956163257, 
                    -726.2863625947939, 
                    -734.5164001262556, 
                    -700.5733787387869, 
                    -641.687374105393, 
                    -643.5225591063286, 
                    -611.6174130084942, 
                    -554.4088802252329, 
                    -545.3785555871821, 
                    -539.1867660723699, 
                    -528.7205770378519, 
                    -497.31840787686315, 
                    -500.4722562046495, 
                    -470.6375959517177, 
                    -372.3867339599417, 
                    -354.5470444994951, 
                    -356.14452560387235, 
                    -354.94778167950835, 
                    -369.7071689781624, 
                    -348.8352991478157, 
                    -295.6933371077978, 
                    -88.007827500252, 
                    -88.07691315858165, 
                    120.67112173596865, 
                    266.15124744386026, 
                    232.65434638273177, 
                    207.3576366892205, 
                    219.0501817823872, 
                    240.98927134819155, 
                    240.98927134819155, 
                    243.9181327546819, 
                    270.82402273777393, 
                    269.8536320017108, 
                    280.2571582516532, 
                    279.0693522338395, 
                    288.03965141892445, 
                    286.0508875800558, 
                    287.8093813197777, 
                    305.8286073625179, 
                    319.4756791320267, 
                    345.61990675058473, 
                    362.43114071869536, 
                    504.5355739386898, 
                    536.5002136826026, 
                    576.519728314762, 
                    631.8647458308035, 
                    795.5738132086606, 
                    804.952181016399, 
                    780.7944505382977, 
                    746.9403689267422, 
                    748.5221702705028, 
                    748.5221702705028, 
                    736.8680853679386, 
                    736.8680853679386, 
                    819.6700057901355, 
                    845.2209916278482, 
                    1295.3691959902487, 
                    1131.677500254845, 
                    1037.5244768428076, 
                    1013.2047279107762, 
                    1127.3107860187122, 
                    1191.5188669890847, 
                    1151.7349074195347, 
                    1151.7349074195347, 
                    1435.1718447348605, 
                    1402.4640597806094, 
                    1389.8330504952926, 
                    1391.308011123794, 
                    1515.5615894648097, 
                    1599.5984574001684, 
                    1633.691587388954, 
                    1705.3640122870622, 
                    1719.4202034928496, 
                    1727.7926035676935, 
                    1741.3388152045047, 
                    1797.9005050095882, 
                    1806.2527755916578, 
                    1815.4073891280607, 
                    1734.2367466178546, 
                    1745.4974528961095, 
                    1663.989917985116, 
                    1626.138231373586, 
                    1626.138231373586, 
                    1731.3955146670653, 
                    2006.912320135288, 
                    1897.1523338530335, 
                    1875.5052228788647, 
                    2119.3415163751943, 
                    2172.2371287462975, 
                    2225.3183230811637, 
                    2150.0087739527435, 
                    2101.697255870132, 
                    2119.5597686449373, 
                    2455.8700984414463
                ]
            ], 
            "feature": "Sq. Mt."
        }, 
        {
            "featureBins": [
                1.0
            ], 
            "data": [
                [
                    -4.249451670161761
                ]
            ], 
            "feature": "num_flagonly:Penthouse:not_missing"
        }, 
        {
            "featureBins": [
                1.0
            ], 
            "data": [
                [
                    -4.249451670161761
                ]
            ], 
            "feature": "num_flagonly:Outer:not_missing"
        }, 
        {
            "featureBins": [
                1.0
            ], 
            "data": [
                [
                    -4.249451670161761
                ]
            ], 
            "feature": "num_flagonly:Cottage:not_missing"
        }, 
        {
            "featureBins": [
                0.0, 
                1.0
            ], 
            "data": [
                [
                    -15.194756804929284, 
                    174.398862530222
                ]
            ], 
            "feature": "dummy:Area:Chueca-Justicia"
        }, 
        {
            "featureBins": [
                0.0, 
                1.0
            ], 
            "data": [
                [
                    -50.12909068962222, 
                    738.9171827446737
                ]
            ], 
            "feature": "dummy:Area:Recoletos"
        }, 
        {
            "featureBins": [
                0.0, 
                1.0
            ], 
            "data": [
                [
                    -16.7495907964435, 
                    172.44601099715032
                ]
            ], 
            "feature": "dummy:Area:Castellana"
        }, 
        {
            "featureBins": [
                0.0, 
                1.0
            ], 
            "data": [
                [
                    -19.96461628464681, 
                    386.4271848081514
                ]
            ], 
            "feature": "dummy:Area:Almagro"
        }, 
        {
            "featureBins": [
                0.0, 
                1.0
            ], 
            "data": [
                [
                    -16.888193835393395, 
                    251.56703191464135
                ]
            ], 
            "feature": "dummy:Area:Goya"
        }, 
        {
            "featureBins": [
                0.0, 
                1.0
            ], 
            "data": [
                [
                    -7.240198389840998, 
                    57.58192444534757
                ]
            ], 
            "feature": "dummy:Area:Arguelles"
        }, 
        {
            "featureBins": [
                0.0, 
                1.0
            ], 
            "data": [
                [
                    -4.3776595383599215, 
                    -2.214149225599158
                ]
            ], 
            "feature": "dummy:Area:Cuatro Caminos"
        }, 
        {
            "featureBins": [
                0.0, 
                1.0
            ], 
            "data": [
                [
                    -4.376505689246187, 
                    -1.5263295317729444
                ]
            ], 
            "feature": "dummy:Area:Nuevos Ministerios-Rios Rosas"
        }, 
        {
            "featureBins": [
                0.0, 
                1.0
            ], 
            "data": [
                [
                    -4.493583559675017, 
                    2.831625100166775
                ]
            ], 
            "feature": "dummy:Area:Nueva Espana"
        }, 
        {
            "featureBins": [
                0.0, 
                1.0
            ], 
            "data": [
                [
                    -4.879299887779098, 
                    9.681945098810274
                ]
            ], 
            "feature": "dummy:Area:Bernabeu-Hispanoamerica"
        }, 
        {
            "featureBins": [
                0.0, 
                1.0
            ], 
            "data": [
                [
                    -5.384675895916416, 
                    21.887698985849966
                ]
            ], 
            "feature": "dummy:Area:Lavapies-Embajadores"
        }, 
        {
            "featureBins": [
                0.0, 
                1.0
            ], 
            "data": [
                [
                    -5.692427191600018, 
                    36.9235499606782
                ]
            ], 
            "feature": "dummy:Area:Palacio"
        }, 
        {
            "featureBins": [
                0.0, 
                1.0
            ], 
            "data": [
                [
                    -5.321354827523919, 
                    45.24518968827283
                ]
            ], 
            "feature": "dummy:Area:Malasana-Universidad"
        }, 
        {
            "featureBins": [
                0.0, 
                1.0
            ], 
            "data": [
                [
                    -5.789396186550221, 
                    33.97338351246253
                ]
            ], 
            "feature": "dummy:Area:El Viso"
        }, 
        {
            "featureBins": [
                0.0, 
                1.0
            ], 
            "data": [
                [
                    -4.230072324907951, 
                    -3.738189794260961
                ]
            ], 
            "feature": "dummy:Area:Cuzco-Castillejos"
        }, 
        {
            "featureBins": [
                0.0, 
                1.0
            ], 
            "data": [
                [
                    -4.260178466839307, 
                    -4.1207301100319
                ]
            ], 
            "feature": "dummy:Area:Arapiles"
        }, 
        {
            "featureBins": [
                0.0, 
                1.0
            ], 
            "data": [
                [
                    -4.180393144490608, 
                    -5.9076676472620875
                ]
            ], 
            "feature": "dummy:Area:Las Tablas"
        }, 
        {
            "featureBins": [
                0.0, 
                1.0
            ], 
            "data": [
                [
                    -5.50571305229505, 
                    7.961159535286697
                ]
            ], 
            "feature": "dummy:Area:Ibiza"
        }, 
        {
            "featureBins": [
                0.0, 
                1.0
            ], 
            "data": [
                [
                    -6.425873010034138, 
                    56.54244462707288
                ]
            ], 
            "feature": "dummy:Area:Huertas-Cortes"
        }, 
        {
            "featureBins": [
                0.0, 
                1.0
            ], 
            "data": [
                [
                    -4.699004715572983, 
                    9.330536449237798
                ]
            ], 
            "feature": "dummy:Area:Sol"
        }, 
        {
            "featureBins": [
                0.0, 
                1.0
            ], 
            "data": [
                [
                    -4.249451670161761, 
                    -4.249451670161761
                ]
            ], 
            "feature": "dummy:Area:Prosperidad"
        }, 
        {
            "featureBins": [
                0.0, 
                1.0
            ], 
            "data": [
                [
                    -4.249451670161761, 
                    -4.249451670161761
                ]
            ], 
            "feature": "dummy:Area:Sanchinarro"
        }, 
        {
            "featureBins": [
                0.0, 
                1.0
            ], 
            "data": [
                [
                    -4.29552131026071, 
                    -2.155060226509022
                ]
            ], 
            "feature": "dummy:Area:Lista"
        }, 
        {
            "featureBins": [
                0.0, 
                1.0
            ], 
            "data": [
                [
                    -5.348276241995563, 
                    69.48744393394577
                ]
            ], 
            "feature": "dummy:Area:Trafalgar"
        }, 
        {
            "featureBins": [
                0.0, 
                1.0
            ], 
            "data": [
                [
                    -6.957008473520773, 
                    75.2659610430328
                ]
            ], 
            "feature": "dummy:Area:Vallehermoso"
        }, 
        {
            "featureBins": [
                0.0, 
                1.0
            ], 
            "data": [
                [
                    -4.249451670161761, 
                    -4.249451670161761
                ]
            ], 
            "feature": "dummy:Area:Rejas"
        }, 
        {
            "featureBins": [
                0.0, 
                1.0
            ], 
            "data": [
                [
                    -4.22903855036202, 
                    -4.691735932493657
                ]
            ], 
            "feature": "dummy:Area:Barajas"
        }, 
        {
            "featureBins": [
                0.0, 
                1.0
            ], 
            "data": [
                [
                    -4.249451670161761, 
                    -4.249451670161761
                ]
            ], 
            "feature": "dummy:Area:Gaztambide"
        }, 
        {
            "featureBins": [
                0.0, 
                1.0
            ], 
            "data": [
                [
                    -4.249451670161761, 
                    -4.249451670161761
                ]
            ], 
            "feature": "dummy:Area:Castilla"
        }, 
        {
            "featureBins": [
                0.0, 
                1.0
            ], 
            "data": [
                [
                    -4.694322208300946, 
                    24.61941391073833
                ]
            ], 
            "feature": "dummy:Area:Ciudad Jardin"
        }, 
        {
            "featureBins": [
                0.0, 
                1.0
            ], 
            "data": [
                [
                    -4.282263972228293, 
                    -3.322140475002243
                ]
            ], 
            "feature": "dummy:Area:Guindalera"
        }, 
        {
            "featureBins": [
                0.0, 
                1.0
            ], 
            "data": [
                [
                    -3.955245867927488, 
                    -8.132272254078543
                ]
            ], 
            "feature": "dummy:Area:San Diego"
        }, 
        {
            "featureBins": [
                0.0, 
                1.0
            ], 
            "data": [
                [
                    -4.086298818509249, 
                    -7.898814886357741
                ]
            ], 
            "feature": "dummy:Area:San Isidro"
        }, 
        {
            "featureBins": [
                0.0, 
                1.0
            ], 
            "data": [
                [
                    -4.217624129358683, 
                    -5.6244014328617595
                ]
            ], 
            "feature": "dummy:Area:Ensanche de Vallecas - La Gavia"
        }, 
        {
            "featureBins": [
                0.0, 
                1.0
            ], 
            "data": [
                [
                    -4.302757204648515, 
                    -3.463926674743334
                ]
            ], 
            "feature": "dummy:Area:Aravaca"
        }, 
        {
            "featureBins": [
                0.0, 
                1.0
            ], 
            "data": [
                [
                    -3.9050909498885176, 
                    -6.9033558915689355
                ]
            ], 
            "feature": "dummy:Area:Valdemarin"
        }, 
        {
            "featureBins": [
                0.0, 
                1.0
            ], 
            "data": [
                [
                    -4.249451670161761, 
                    -4.249451670161761
                ]
            ], 
            "feature": "dummy:Area:San Juan Bautista"
        }, 
        {
            "featureBins": [
                0.0, 
                1.0
            ], 
            "data": [
                [
                    -4.249451670161761, 
                    -4.249451670161761
                ]
            ], 
            "feature": "dummy:Area:Montecarmelo"
        }, 
        {
            "featureBins": [
                0.0, 
                1.0
            ], 
            "data": [
                [
                    -4.291658051930199, 
                    -4.378816241105824
                ]
            ], 
            "feature": "dummy:Area:Valdezarza"
        }, 
        {
            "featureBins": [
                0.0, 
                1.0
            ], 
            "data": [
                [
                    -4.249451670161761, 
                    -4.249451670161761
                ]
            ], 
            "feature": "dummy:Area:Costillares"
        }, 
        {
            "featureBins": [
                0.0, 
                1.0
            ], 
            "data": [
                [
                    -4.249451670161761, 
                    -4.249451670161761
                ]
            ], 
            "feature": "dummy:Area:Valdeacederas"
        }, 
        {
            "featureBins": [
                0.0, 
                1.0
            ], 
            "data": [
                [
                    -4.249451670161761, 
                    -4.249451670161761
                ]
            ], 
            "feature": "dummy:Area:San Pascual"
        }, 
        {
            "featureBins": [
                0.0, 
                1.0
            ], 
            "data": [
                [
                    -4.249451670161761, 
                    -4.249451670161761
                ]
            ], 
            "feature": "dummy:Area:Berruguete"
        }, 
        {
            "featureBins": [
                0.0, 
                1.0
            ], 
            "data": [
                [
                    -4.249451670161761, 
                    -4.249451670161761
                ]
            ], 
            "feature": "dummy:Area:Concepcion"
        }, 
        {
            "featureBins": [
                0.0, 
                1.0
            ], 
            "data": [
                [
                    -4.249451670161761, 
                    -4.249451670161761
                ]
            ], 
            "feature": "dummy:Area:Bellas Vistas"
        }, 
        {
            "featureBins": [
                0.0, 
                1.0
            ], 
            "data": [
                [
                    -4.201423377276342, 
                    -5.575630704720879
                ]
            ], 
            "feature": "dummy:Area:Casco Historico de Vallecas"
        }, 
        {
            "featureBins": [
                0.0, 
                1.0
            ], 
            "data": [
                [
                    -4.249451670161761, 
                    -4.249451670161761
                ]
            ], 
            "feature": "dummy:Area:Pinar del Rey"
        }, 
        {
            "featureBins": [
                0.0, 
                1.0
            ], 
            "data": [
                [
                    -4.249451670161761, 
                    -4.249451670161761
                ]
            ], 
            "feature": "dummy:Area:Conde Orgaz-Piovera"
        }, 
        {
            "featureBins": [
                0.0, 
                1.0
            ], 
            "data": [
                [
                    -4.167404720045852, 
                    -5.758129706392538
                ]
            ], 
            "feature": "dummy:Area:Delicias"
        }, 
        {
            "featureBins": [
                0.0, 
                1.0
            ], 
            "data": [
                [
                    -4.4410403147153374, 
                    3.123794573722307
                ]
            ], 
            "feature": "dummy:Area:Jeronimos"
        }, 
        {
            "featureBins": [
                0.0, 
                1.0
            ], 
            "data": [
                [
                    -4.249451670161761, 
                    -4.249451670161761
                ]
            ], 
            "feature": "dummy:Area:Ciudad Universitaria"
        }, 
        {
            "featureBins": [
                0.0, 
                1.0
            ], 
            "data": [
                [
                    -4.249451670161761, 
                    -4.249451670161761
                ]
            ], 
            "feature": "dummy:Area:Valdebebas - Valdefuentes"
        }, 
        {
            "featureBins": [
                0.0, 
                1.0
            ], 
            "data": [
                [
                    -4.205619694323332, 
                    -4.571072135390978
                ]
            ], 
            "feature": "dummy:Area:Ventilla-Almenara"
        }, 
        {
            "featureBins": [
                0.0, 
                1.0
            ], 
            "data": [
                [
                    -4.249451670161761, 
                    -4.249451670161761
                ]
            ], 
            "feature": "dummy:Area:Acacias"
        }, 
        {
            "featureBins": [
                0.0, 
                1.0
            ], 
            "data": [
                [
                    -4.106482844414359, 
                    -5.5131514854108445
                ]
            ], 
            "feature": "dummy:Area:Pilar"
        }, 
        {
            "featureBins": [
                0.0, 
                1.0
            ], 
            "data": [
                [
                    -4.249451670161761, 
                    -4.249451670161761
                ]
            ], 
            "feature": "dummy:Area:Pacifico"
        }, 
        {
            "featureBins": [
                0.0, 
                1.0
            ], 
            "data": [
                [
                    -4.312394394102512, 
                    -3.332956831693309
                ]
            ], 
            "feature": "dummy:Area:Ni\u00f1o Jesus"
        }, 
        {
            "featureBins": [
                0.0, 
                1.0
            ], 
            "data": [
                [
                    -4.249451670161761, 
                    -4.249451670161761
                ]
            ], 
            "feature": "dummy:Area:Fuente del Berro"
        }, 
        {
            "featureBins": [
                0.0, 
                1.0
            ], 
            "data": [
                [
                    -4.249451670161761, 
                    -4.249451670161761
                ]
            ], 
            "feature": "dummy:Area:Numancia"
        }, 
        {
            "featureBins": [
                0.0, 
                1.0
            ], 
            "data": [
                [
                    -4.249451670161761, 
                    -4.249451670161761
                ]
            ], 
            "feature": "dummy:Area:Penagrande"
        }, 
        {
            "featureBins": [
                0.0, 
                1.0
            ], 
            "data": [
                [
                    -4.229899423024563, 
                    -4.640496612909146
                ]
            ], 
            "feature": "dummy:Area:Los Angeles"
        }, 
        {
            "featureBins": [
                0.0, 
                1.0
            ], 
            "data": [
                [
                    -4.249451670161761, 
                    -4.249451670161761
                ]
            ], 
            "feature": "dummy:Area:Canillas"
        }, 
        {
            "featureBins": [
                0.0, 
                1.0
            ], 
            "data": [
                [
                    -4.249451670161761, 
                    -4.249451670161761
                ]
            ], 
            "feature": "dummy:Area:Vista Alegre"
        }, 
        {
            "featureBins": [
                0.0, 
                1.0
            ], 
            "data": [
                [
                    -4.249451670161761, 
                    -4.249451670161761
                ]
            ], 
            "feature": "dummy:Area:Ap\u00f3stol Santiago"
        }, 
        {
            "featureBins": [
                0.0, 
                1.0
            ], 
            "data": [
                [
                    -4.249451670161761, 
                    -4.249451670161761
                ]
            ], 
            "feature": "dummy:Area:Quintana"
        }, 
        {
            "featureBins": [
                0.0, 
                1.0
            ], 
            "data": [
                [
                    -4.249451670161761, 
                    -4.249451670161761
                ]
            ], 
            "feature": "dummy:Area:Simancas"
        }, 
        {
            "featureBins": [
                0.0, 
                1.0
            ], 
            "data": [
                [
                    -4.249451670161761, 
                    -4.249451670161761
                ]
            ], 
            "feature": "dummy:Area:Pueblo Nuevo"
        }, 
        {
            "featureBins": [
                0.0, 
                1.0
            ], 
            "data": [
                [
                    -4.187477619967694, 
                    -4.644949918570774
                ]
            ], 
            "feature": "dummy:Area:La Paz"
        }, 
        {
            "featureBins": [
                0.0, 
                1.0
            ], 
            "data": [
                [
                    -4.2276325755253765, 
                    -4.745836073140708
                ]
            ], 
            "feature": "dummy:Area:Aluche"
        }, 
        {
            "featureBins": [
                0.0, 
                1.0
            ], 
            "data": [
                [
                    -4.249451670161761, 
                    -4.249451670161761
                ]
            ], 
            "feature": "dummy:Area:Palomas"
        }, 
        {
            "featureBins": [
                0.0, 
                1.0
            ], 
            "data": [
                [
                    -4.249451670161761, 
                    -4.249451670161761
                ]
            ], 
            "feature": "dummy:Area:Palos de Moguer"
        }, 
        {
            "featureBins": [
                0.0, 
                1.0
            ], 
            "data": [
                [
                    -4.249451670161761, 
                    -4.249451670161761
                ]
            ], 
            "feature": "dummy:Area:Almendrales"
        }, 
        {
            "featureBins": [
                0.0, 
                1.0
            ], 
            "data": [
                [
                    -4.249451670161761, 
                    -4.249451670161761
                ]
            ], 
            "feature": "dummy:Area:Puerta Bonita"
        }, 
        {
            "featureBins": [
                0.0, 
                1.0
            ], 
            "data": [
                [
                    -4.249451670161761, 
                    -4.249451670161761
                ]
            ], 
            "feature": "dummy:Area:Campamento"
        }, 
        {
            "featureBins": [
                0.0, 
                1.0
            ], 
            "data": [
                [
                    -4.249451670161761, 
                    -4.249451670161761
                ]
            ], 
            "feature": "dummy:Area:Legazpi"
        }, 
        {
            "featureBins": [
                0.0, 
                1.0
            ], 
            "data": [
                [
                    -4.249451670161761, 
                    -4.249451670161761
                ]
            ], 
            "feature": "dummy:Area:Puerta del Angel"
        }, 
        {
            "featureBins": [
                0.0, 
                1.0
            ], 
            "data": [
                [
                    -4.249451670161761, 
                    -4.249451670161761
                ]
            ], 
            "feature": "dummy:Area:Imperial"
        }, 
        {
            "featureBins": [
                0.0, 
                1.0
            ], 
            "data": [
                [
                    -4.249451670161761, 
                    -4.249451670161761
                ]
            ], 
            "feature": "dummy:Area:Tres Olivos - Valverde"
        }, 
        {
            "featureBins": [
                0.0, 
                1.0
            ], 
            "data": [
                [
                    -4.249451670161761, 
                    -4.249451670161761
                ]
            ], 
            "feature": "dummy:Area:Estrella"
        }, 
        {
            "featureBins": [
                0.0, 
                1.0
            ], 
            "data": [
                [
                    -4.249451670161761, 
                    -4.249451670161761
                ]
            ], 
            "feature": "dummy:Area:Colina"
        }, 
        {
            "featureBins": [
                0.0, 
                1.0
            ], 
            "data": [
                [
                    -4.249451670161761, 
                    -4.249451670161761
                ]
            ], 
            "feature": "dummy:Area:Comillas"
        }, 
        {
            "featureBins": [
                0.0, 
                1.0
            ], 
            "data": [
                [
                    -4.249451670161761, 
                    -4.249451670161761
                ]
            ], 
            "feature": "dummy:Area:Butarque"
        }, 
        {
            "featureBins": [
                0.0, 
                1.0
            ], 
            "data": [
                [
                    -4.249451670161761, 
                    -4.249451670161761
                ]
            ], 
            "feature": "dummy:Area:Rosas"
        }, 
        {
            "featureBins": [
                0.0, 
                1.0
            ], 
            "data": [
                [
                    -4.249451670161761, 
                    -4.249451670161761
                ]
            ], 
            "feature": "dummy:Area:Arcos"
        }, 
        {
            "featureBins": [
                0.0, 
                1.0
            ], 
            "data": [
                [
                    -4.249451670161761, 
                    -4.249451670161761
                ]
            ], 
            "feature": "dummy:Area:Fuentelarreina"
        }, 
        {
            "featureBins": [
                0.0, 
                1.0
            ], 
            "data": [
                [
                    -4.176904533270999, 
                    -6.028962187020397
                ]
            ], 
            "feature": "dummy:Area:Media Legua"
        }, 
        {
            "featureBins": [
                0.0, 
                1.0
            ], 
            "data": [
                [
                    -4.249451670161761, 
                    -4.249451670161761
                ]
            ], 
            "feature": "dummy:Area:San Fermin"
        }, 
        {
            "featureBins": [
                0.0, 
                1.0
            ], 
            "data": [
                [
                    -4.249451670161761, 
                    -4.249451670161761
                ]
            ], 
            "feature": "dummy:Area:San Andres"
        }, 
        {
            "featureBins": [
                0.0, 
                1.0
            ], 
            "data": [
                [
                    -4.249451670161761, 
                    -4.249451670161761
                ]
            ], 
            "feature": "dummy:Area:Palomeras sureste"
        }, 
        {
            "featureBins": [
                0.0, 
                1.0
            ], 
            "data": [
                [
                    -4.249451670161761, 
                    -4.249451670161761
                ]
            ], 
            "feature": "dummy:Area:Valdebernardo - Valderribas"
        }, 
        {
            "featureBins": [
                0.0, 
                1.0
            ], 
            "data": [
                [
                    -4.249451670161761, 
                    -4.249451670161761
                ]
            ], 
            "feature": "dummy:Area:Salvador"
        }, 
        {
            "featureBins": [
                0.0, 
                1.0
            ], 
            "data": [
                [
                    -4.249451670161761, 
                    -4.249451670161761
                ]
            ], 
            "feature": "dummy:Area:Abrantes"
        }, 
        {
            "featureBins": [
                0.0, 
                1.0
            ], 
            "data": [
                [
                    -4.249451670161761, 
                    -4.249451670161761
                ]
            ], 
            "feature": "dummy:Area:Pau de Carabanchel"
        }, 
        {
            "featureBins": [
                0.0, 
                1.0
            ], 
            "data": [
                [
                    -4.249451670161761, 
                    -4.249451670161761
                ]
            ], 
            "feature": "dummy:Area:Opanel"
        }, 
        {
            "featureBins": [
                0.0, 
                1.0
            ], 
            "data": [
                [
                    -4.249451670161761, 
                    -4.249451670161761
                ]
            ], 
            "feature": "dummy:Area:Buena Vista"
        }, 
        {
            "featureBins": [
                0.0, 
                1.0
            ], 
            "data": [
                [
                    -4.249451670161761, 
                    -4.249451670161761
                ]
            ], 
            "feature": "dummy:Area:Lucero"
        }, 
        {
            "featureBins": [
                0.0, 
                1.0
            ], 
            "data": [
                [
                    -4.249451670161761, 
                    -4.249451670161761
                ]
            ], 
            "feature": "dummy:Area:Mirasierra"
        }, 
        {
            "featureBins": [
                0.0, 
                1.0
            ], 
            "data": [
                [
                    -4.249451670161761, 
                    -4.249451670161761
                ]
            ], 
            "feature": "dummy:Area:Adelfas"
        }, 
        {
            "featureBins": [
                0.0, 
                1.0
            ], 
            "data": [
                [
                    -4.249451670161761, 
                    -4.249451670161761
                ]
            ], 
            "feature": "dummy:Area:Manoteras"
        }, 
        {
            "featureBins": [
                0.0, 
                1.0
            ], 
            "data": [
                [
                    -4.249451670161761, 
                    -4.249451670161761
                ]
            ], 
            "feature": "dummy:Area:Vinateros"
        }, 
        {
            "featureBins": [
                0.0, 
                1.0
            ], 
            "data": [
                [
                    -4.249451670161761, 
                    -4.249451670161761
                ]
            ], 
            "feature": "dummy:Area:Atalaya"
        }, 
        {
            "featureBins": [
                0.0
            ], 
            "data": [
                [
                    -4.249451670161761
                ]
            ], 
            "feature": "dummy:Area:N/A"
        }, 
        {
            "featureBins": [
                0.0, 
                1.0
            ], 
            "data": [
                [
                    -4.0319800726827, 
                    -7.940233882201028
                ]
            ], 
            "feature": "dummy:Area:__Others__"
        }
    ], 
    "modelInputNCols": 108, 
    "modelInputMemory": 967680, 
    "modelInputIsSparse": false
}