{
    "metrics": {
        "rmse": 836.1547442620237, 
        "pearson": 0.83039074679769731, 
        "mae": 438.72010450097218, 
        "r2": 0.67851586124482344, 
        "mape": 0.24755585465795663, 
        "mse": 699154.75635189028, 
        "evs": 0.67873623770046076, 
        "rmsle": 0.2983327903527756
    }, 
    "scatterPlotData": {
        "y": [
            959.6416, 
            1303.4837, 
            4572.8461, 
            1297.1156, 
            6117.4046, 
            898.2282, 
            1146.1727, 
            1316.2594, 
            1025.4019, 
            1314.155, 
            2107.673, 
            1683.2351, 
            966.3503, 
            921.9437, 
            962.6099, 
            1097.3165, 
            1145.6634, 
            2998.777, 
            2974.5511, 
            1203.1339, 
            2704.0814, 
            1319.0338, 
            957.8204, 
            4202.2931, 
            1249.8407, 
            1035.9644, 
            943.9805, 
            1831.1172, 
            2361.9959, 
            3228.4877, 
            2606.9904, 
            2744.1716, 
            1872.1472, 
            1934.0123, 
            1338.7855, 
            1932.7563, 
            1209.3728, 
            1189.1553, 
            1554.731, 
            1169.3688, 
            1902.9636, 
            1324.6617, 
            904.6516, 
            1880.6438, 
            1400.6905, 
            1199.2244, 
            1915.167, 
            1979.5594, 
            1308.7571, 
            1341.2035, 
            2394.0369, 
            1152.3664, 
            1979.0707, 
            1280.5674, 
            1139.5968, 
            1776.5904, 
            1211.4936, 
            3050.2196, 
            1175.0717, 
            1338.2753, 
            2649.2043, 
            933.3436, 
            1198.2092, 
            1303.4837, 
            2421.5601, 
            4325.1724, 
            2129.7413, 
            1280.5674, 
            3500.7244, 
            1269.2523, 
            1231.856, 
            1319.0338, 
            1806.6599, 
            3160.9171, 
            1837.4536, 
            854.4671, 
            2707.5798, 
            3167.6358, 
            3295.6471, 
            1627.2169, 
            1312.1853, 
            1876.6739, 
            898.2282, 
            1595.7388, 
            1198.2092, 
            1142.2967, 
            1008.7415, 
            1020.8813, 
            6890.6839, 
            1175.0717, 
            1828.0757, 
            2374.2683, 
            2719.071, 
            2361.025, 
            1272.0739, 
            1059.2005, 
            1097.077, 
            996.2929, 
            3462.0734, 
            1099.8023, 
            1069.9089, 
            891.064, 
            1487.286, 
            1311.0782, 
            4510.2799, 
            1280.5674, 
            1170.0398, 
            2049.6995, 
            1980.4805, 
            1198.2092, 
            3373.1024, 
            892.0173, 
            1170.0398, 
            1313.6952, 
            1142.3065, 
            1716.9148, 
            1495.3894, 
            1274.8865, 
            1280.5674, 
            1867.1761, 
            1072.6683, 
            1967.5615, 
            5095.2696, 
            1325.0754, 
            1072.0238, 
            1120.3319, 
            1166.9703, 
            3938.433, 
            1592.155, 
            2546.4215, 
            2813.8849, 
            1280.5674, 
            6828.9305, 
            1155.6239, 
            1388.0972, 
            3158.8898, 
            1203.1339, 
            920.9864, 
            1319.0338, 
            830.2856, 
            2209.2232, 
            1815.7212, 
            2816.7071, 
            4152.2908, 
            2033.3192, 
            1588.4069, 
            2523.1672, 
            2107.673, 
            1770.1126, 
            997.025, 
            2766.0019, 
            1118.1626, 
            1338.4588, 
            1102.629, 
            1319.0338, 
            1226.0106, 
            2314.0765, 
            1311.0782, 
            1087.3975, 
            1170.3833, 
            1209.1319, 
            1836.1329, 
            1207.6313, 
            3042.5828, 
            1883.2852, 
            1303.4837, 
            1071.5389, 
            1318.6356, 
            865.3997, 
            973.2601, 
            3045.0915, 
            3541.4631, 
            868.1951, 
            1189.1553, 
            1205.4909, 
            1080.3907, 
            1077.1663, 
            1146.1727, 
            1360.2864, 
            1200.3595, 
            2301.2222, 
            3420.9647, 
            1256.8198, 
            4093.3348, 
            3322.6479, 
            1065.697, 
            893.1759, 
            937.6407, 
            1320.6032, 
            1887.3236, 
            4784.1211, 
            1849.4462, 
            4307.8501, 
            1737.8786, 
            6779.0352, 
            1347.8606, 
            929.0462, 
            1141.8248, 
            1152.1707, 
            956.2328, 
            842.2844, 
            3125.1633, 
            1404.5184, 
            1248.0184, 
            1152.3664, 
            2296.5403, 
            1535.7768, 
            996.0307, 
            1170.0398, 
            4192.0853, 
            2836.1036, 
            981.1916, 
            2508.7299, 
            1170.2338, 
            1110.6439, 
            2425.2896, 
            2444.003, 
            2846.0104, 
            1009.3099, 
            1448.7952, 
            1838.1361, 
            860.3602, 
            966.3503, 
            1515.7363, 
            1141.8248, 
            1102.629, 
            1355.7445, 
            3509.4745, 
            4054.5721, 
            1371.3995, 
            1968.2504, 
            1127.413, 
            1959.873, 
            4301.3744, 
            1895.5157, 
            1147.9466, 
            946.81, 
            1580.8208, 
            3694.2, 
            1204.6392, 
            992.4524, 
            5654.5149, 
            2700.053, 
            959.6416, 
            2153.9452, 
            1312.1853, 
            2448.2854, 
            1202.8472, 
            933.3436, 
            988.5535, 
            2014.2054, 
            933.3436, 
            1206.5642, 
            2888.8297, 
            2992.2836, 
            1201.8128, 
            1897.2762, 
            1342.4733, 
            3772.8024, 
            1950.449, 
            3978.7529, 
            3322.6162, 
            2592.8038, 
            1180.0934, 
            988.6362, 
            3423.1441, 
            2847.2609, 
            946.81, 
            1345.4844, 
            1327.5283, 
            1318.6356, 
            3517.0667, 
            1337.5021, 
            3228.4877, 
            1005.5461, 
            1877.1337, 
            815.1795, 
            2891.9702, 
            1555.9932, 
            1327.5283, 
            1173.2758, 
            2493.0081, 
            1141.5195, 
            1400.794, 
            2383.8654, 
            1887.1968, 
            3843.7619, 
            1319.0338, 
            854.4671, 
            3343.2535, 
            1788.2141, 
            1308.3038, 
            1857.566, 
            1849.0816, 
            1771.8039, 
            1054.0344, 
            1252.7381, 
            1345.4844, 
            1199.1818, 
            1506.7347, 
            1066.603, 
            1942.8712, 
            1067.9933, 
            1007.2848, 
            1800.6253, 
            921.9437, 
            1183.917, 
            1200.5662, 
            2380.4947, 
            1205.4909, 
            1072.0238, 
            1023.1544, 
            4785.1501, 
            844.7823, 
            1880.8801, 
            1846.3959, 
            4202.2931, 
            6801.7397, 
            1311.6679, 
            1683.2351, 
            1146.1727, 
            2959.7293, 
            2541.7714, 
            1789.6735, 
            820.1941, 
            933.3436, 
            1149.639, 
            1166.4414, 
            1280.435, 
            2070.3206, 
            1290.4531, 
            1483.2712, 
            2765.6403, 
            2289.911, 
            1837.8876, 
            1203.1339, 
            2731.1005, 
            1883.5324, 
            2400.4876, 
            1220.0906, 
            1352.8537, 
            3079.9884, 
            1312.1853, 
            1520.8679, 
            1010.5115, 
            1494.4556, 
            819.85, 
            1746.8727, 
            1011.6782, 
            2377.397, 
            893.1759, 
            1203.1339, 
            1295.6414, 
            1227.026, 
            2234.4437, 
            1148.7328, 
            906.69, 
            859.8324, 
            1061.7933, 
            949.84, 
            873.7432, 
            3260.9381, 
            988.6362, 
            3141.9065, 
            865.3997, 
            1164.6299, 
            4785.5657, 
            1393.1865, 
            2641.9546, 
            996.2929, 
            2393.5125, 
            1397.2105, 
            1156.2246, 
            1974.5438, 
            933.3436, 
            1777.2343, 
            1777.2343, 
            1247.0662, 
            1321.41, 
            1792.0432, 
            1167.1643, 
            4688.2053, 
            1204.8569, 
            1324.6617, 
            1009.3099, 
            826.7568, 
            1199.2992, 
            871.0642, 
            1243.2065, 
            973.8766, 
            3548.1402, 
            1142.3065, 
            816.8655, 
            894.189, 
            3869.1313, 
            926.4405, 
            1181.3462, 
            995.6735, 
            1155.6239, 
            1321.41, 
            2719.071, 
            1321.41, 
            950.6036, 
            1172.3632, 
            995.6735, 
            2133.2704, 
            1783.6448, 
            2070.8938, 
            933.3436, 
            1880.6438, 
            2393.5125, 
            892.0173, 
            3587.6919, 
            1313.6952, 
            5132.2803, 
            1074.5839, 
            977.7787, 
            1318.6356, 
            2311.8582, 
            1981.9689, 
            1684.7114, 
            4754.0103, 
            917.4251, 
            6200.3144, 
            2325.631, 
            1849.0816, 
            2094.9139, 
            2444.4938, 
            2520.3644, 
            1972.4209, 
            2421.5601, 
            2383.8654, 
            3422.3404, 
            993.5847, 
            1967.5615, 
            775.7834, 
            825.8717, 
            3723.2645, 
            1054.2585, 
            3642.645, 
            3627.8374, 
            1011.6983, 
            1840.2934, 
            1053.2308, 
            2415.2848, 
            2568.9171, 
            2582.2638, 
            1845.8534, 
            4881.9639, 
            1316.7568, 
            906.69, 
            1141.9632, 
            806.1246, 
            1165.8859, 
            963.2729, 
            1028.6415, 
            4256.3074, 
            1280.5674, 
            1810.7446, 
            1313.6952, 
            2549.8495, 
            1061.7637, 
            1893.3019, 
            863.6333, 
            3398.3761, 
            939.9145, 
            3326.7671, 
            906.69, 
            1148.7328, 
            1071.241, 
            1207.0996, 
            913.0059, 
            3906.3971, 
            940.6998, 
            2549.8495, 
            1148.7328, 
            6039.5238, 
            1409.813, 
            2321.1726, 
            1513.1538, 
            1298.8359, 
            1170.2338, 
            1272.0739, 
            906.69, 
            2959.7293, 
            3196.1294, 
            1222.3535, 
            1456.0447, 
            1327.5283, 
            1074.5839, 
            1222.1236, 
            1170.2338, 
            894.9474, 
            1069.9089, 
            6957.2742, 
            1683.2351, 
            1798.9872, 
            933.3436, 
            1249.8407, 
            1864.4925, 
            3443.4482, 
            1862.6186, 
            1100.2363, 
            931.8254, 
            1783.4675, 
            1853.833, 
            1206.9962, 
            892.0173, 
            5652.8164, 
            1969.7778, 
            3324.6754, 
            2719.071, 
            4808.519, 
            1533.3934, 
            1938.7045, 
            1818.0385, 
            974.9672, 
            854.4671, 
            947.2848, 
            5433.0649, 
            3366.7897, 
            3046.9702, 
            3380.3802, 
            977.2047, 
            1322.2854, 
            1376.154, 
            1789.6735, 
            1069.9089, 
            883.329, 
            3195.6586, 
            996.2929, 
            1316.2594, 
            2651.3576, 
            1156.6373, 
            2477.9511, 
            4829.0772, 
            1829.985, 
            2992.2836, 
            1166.9703, 
            1409.2585, 
            1592.155, 
            988.6362, 
            1712.1652, 
            742.9896, 
            912.4715, 
            2601.1701, 
            4165.7354, 
            3078.5591, 
            1007.0663, 
            1148.7328, 
            1147.8228, 
            3094.5348, 
            962.2594, 
            1883.5324, 
            985.1139, 
            1857.4237, 
            1298.6049, 
            853.5618, 
            2004.9048, 
            1955.7819, 
            2992.2836, 
            1165.8859, 
            1729.5623, 
            1886.5521, 
            3471.7202, 
            1294.1828, 
            1070.1081, 
            2775.7118, 
            3666.6111, 
            2891.9702, 
            1592.5982, 
            1377.3384, 
            1023.7515, 
            1714.3821, 
            1359.1619, 
            2162.2091, 
            1991.7567, 
            1335.08, 
            1327.5283, 
            1760.5108, 
            1226.3969, 
            3205.6509, 
            1068.3609, 
            1141.8248, 
            1200.5662, 
            1294.3401, 
            1197.5169, 
            1583.5279, 
            1861.0017, 
            1049.8786, 
            4028.6612, 
            939.9145, 
            4175.457, 
            1081.881, 
            1825.5013, 
            1322.2854, 
            1864.9748, 
            989.7538, 
            1155.6239, 
            892.0173, 
            1888.1938, 
            1117.2885, 
            1371.3995, 
            3704.5871, 
            1943.8382, 
            1341.2035, 
            1044.0388, 
            2811.7736, 
            3609.1627, 
            1319.0338, 
            1029.3454, 
            1325.0754, 
            3174.785, 
            986.8783, 
            1932.7563, 
            1737.8786, 
            1940.4093, 
            1152.3664, 
            1204.6392, 
            3250.5843, 
            1749.6778, 
            2923.185, 
            1228.2873, 
            1839.7468, 
            1855.6643, 
            2915.6738, 
            2069.2987, 
            1291.5043, 
            2974.5511, 
            1201.9249, 
            3234.7839, 
            2377.397, 
            1168.8067, 
            988.6362, 
            1354.3196, 
            819.85, 
            884.853, 
            1800.6253, 
            1335.08, 
            1712.1652, 
            917.1425, 
            3866.2598, 
            1737.8786, 
            986.8783, 
            1143.1033, 
            2691.0578, 
            2992.2836, 
            1228.2873, 
            1580.8208, 
            906.69, 
            996.0307, 
            3600.967, 
            892.0173, 
            3152.4049, 
            2919.2237, 
            1355.7254, 
            1345.4844, 
            834.8293, 
            829.403, 
            3160.9171, 
            1313.6952, 
            1319.5727, 
            881.4888, 
            1448.0686, 
            1316.2594, 
            1471.1179, 
            1141.8248, 
            950.6036, 
            1188.7393, 
            982.1352, 
            853.5618, 
            1980.4805, 
            1096.1461, 
            3380.1955, 
            1170.2338, 
            1065.4595, 
            2992.2836, 
            1173.6733, 
            1103.0108, 
            1072.0238, 
            1852.0227, 
            1303.4837, 
            986.8783, 
            1186.9753, 
            4801.7097, 
            950.6036, 
            1074.5839, 
            1311.6679, 
            1206.9962, 
            1386.4093, 
            1176.244, 
            1967.5615, 
            3250.5843, 
            1327.5283, 
            1033.8726, 
            966.3503, 
            1322.2854, 
            1027.6059, 
            1840.6, 
            1127.7772, 
            1724.3679, 
            933.3576, 
            1777.2343, 
            1069.9089, 
            2441.0769, 
            989.1796, 
            1173.2758, 
            1341.2035, 
            885.6867, 
            1352.8537, 
            1943.0887, 
            4026.6045, 
            1590.496, 
            3067.925, 
            3126.9217, 
            1100.2363, 
            966.3503, 
            996.2929, 
            986.8783, 
            1629.0893, 
            1995.8298, 
            1345.4679, 
            2155.1884, 
            1483.2737, 
            1316.2594, 
            1880.6438, 
            950.6036, 
            1327.5283, 
            893.9317, 
            1678.8505, 
            1834.3169, 
            3057.9936, 
            1162.2617, 
            1760.5108, 
            959.5588, 
            1298.8359, 
            1112.5125, 
            1905.6007, 
            1837.8876, 
            1968.2504, 
            1704.6804, 
            1592.0156, 
            1239.0172, 
            1827.016, 
            929.7823, 
            3809.514, 
            929.0462, 
            1170.0398, 
            1761.8652, 
            966.1097, 
            1831.4601, 
            860.4724, 
            2288.9699, 
            4641.2833
        ], 
        "x": [
            950.0, 
            1350.0, 
            3690.0, 
            1450.0, 
            5000.0, 
            1000.0, 
            900.0, 
            3000.0, 
            800.0, 
            800.0, 
            2800.0, 
            1400.0, 
            850.0, 
            850.0, 
            700.0, 
            650.0, 
            1100.0, 
            3500.0, 
            4300.0, 
            1250.0, 
            2900.0, 
            1300.0, 
            900.0, 
            3800.0, 
            1150.0, 
            800.0, 
            1200.0, 
            2565.0, 
            2400.0, 
            3500.0, 
            2650.0, 
            3300.0, 
            1250.0, 
            2300.0, 
            1300.0, 
            1800.0, 
            1190.0, 
            1200.0, 
            1400.0, 
            1100.0, 
            4725.0, 
            800.0, 
            725.0, 
            1475.0, 
            1400.0, 
            950.0, 
            3105.0, 
            2200.0, 
            1300.0, 
            1400.0, 
            2250.0, 
            650.0, 
            1800.0, 
            1250.0, 
            1450.0, 
            1300.0, 
            1300.0, 
            2800.0, 
            800.0, 
            1100.0, 
            2600.0, 
            800.0, 
            840.0, 
            950.0, 
            1800.0, 
            5373.0, 
            2400.0, 
            750.0, 
            4500.0, 
            1300.0, 
            1300.0, 
            900.0, 
            2295.0, 
            2900.0, 
            1250.0, 
            800.0, 
            2800.0, 
            2950.0, 
            3500.0, 
            2000.0, 
            1250.0, 
            1500.0, 
            775.0, 
            3240.0, 
            1699.0, 
            775.0, 
            875.0, 
            950.0, 
            7500.0, 
            690.0, 
            2700.0, 
            2400.0, 
            2500.0, 
            1500.0, 
            850.0, 
            1100.0, 
            680.0, 
            750.0, 
            3500.0, 
            1600.0, 
            975.0, 
            1175.0, 
            1500.0, 
            1100.0, 
            5500.0, 
            995.0, 
            695.0, 
            1600.0, 
            2100.0, 
            2750.0, 
            3300.0, 
            1100.0, 
            950.0, 
            1200.0, 
            1300.0, 
            2300.0, 
            1750.0, 
            790.0, 
            900.0, 
            1900.0, 
            720.0, 
            1550.0, 
            4300.0, 
            1250.0, 
            1100.0, 
            870.0, 
            775.0, 
            3600.0, 
            2100.0, 
            2500.0, 
            3000.0, 
            760.0, 
            7500.0, 
            1200.0, 
            2150.0, 
            3200.0, 
            800.0, 
            590.0, 
            875.0, 
            700.0, 
            1700.0, 
            1350.0, 
            2500.0, 
            4500.0, 
            3780.0, 
            1400.0, 
            1900.0, 
            1500.0, 
            2500.0, 
            800.0, 
            4320.0, 
            900.0, 
            1300.0, 
            950.0, 
            1000.0, 
            950.0, 
            2600.0, 
            1200.0, 
            800.0, 
            1050.0, 
            1200.0, 
            1500.0, 
            2500.0, 
            1500.0, 
            2200.0, 
            749.0, 
            950.0, 
            975.0, 
            750.0, 
            925.0, 
            2950.0, 
            2250.0, 
            1000.0, 
            1100.0, 
            800.0, 
            1300.0, 
            850.0, 
            900.0, 
            1300.0, 
            990.0, 
            2100.0, 
            2100.0, 
            1400.0, 
            2900.0, 
            2500.0, 
            2700.0, 
            1000.0, 
            900.0, 
            1450.0, 
            2970.0, 
            4500.0, 
            1500.0, 
            3500.0, 
            1500.0, 
            9000.0, 
            900.0, 
            680.0, 
            800.0, 
            1100.0, 
            800.0, 
            850.0, 
            2800.0, 
            2160.0, 
            1300.0, 
            1350.0, 
            2100.0, 
            1850.0, 
            800.0, 
            700.0, 
            2900.0, 
            2500.0, 
            700.0, 
            1600.0, 
            1300.0, 
            900.0, 
            2500.0, 
            2000.0, 
            1600.0, 
            730.0, 
            2700.0, 
            1100.0, 
            750.0, 
            800.0, 
            999.0, 
            700.0, 
            875.0, 
            920.0, 
            2800.0, 
            3500.0, 
            2295.0, 
            1600.0, 
            950.0, 
            1600.0, 
            3600.0, 
            2500.0, 
            900.0, 
            800.0, 
            1500.0, 
            3000.0, 
            1000.0, 
            750.0, 
            4900.0, 
            2100.0, 
            800.0, 
            2800.0, 
            1300.0, 
            2200.0, 
            1325.0, 
            620.0, 
            980.0, 
            2700.0, 
            750.0, 
            1800.0, 
            2000.0, 
            3450.0, 
            2565.0, 
            2200.0, 
            1550.0, 
            4100.0, 
            1700.0, 
            3700.0, 
            2500.0, 
            2700.0, 
            900.0, 
            825.0, 
            3000.0, 
            2500.0, 
            625.0, 
            1300.0, 
            1350.0, 
            1240.0, 
            4800.0, 
            1300.0, 
            3500.0, 
            750.0, 
            3105.0, 
            600.0, 
            3300.0, 
            2000.0, 
            1300.0, 
            1100.0, 
            3000.0, 
            750.0, 
            1800.0, 
            2500.0, 
            2500.0, 
            3900.0, 
            700.0, 
            950.0, 
            2950.0, 
            1350.0, 
            1100.0, 
            1700.0, 
            2000.0, 
            2565.0, 
            750.0, 
            1400.0, 
            780.0, 
            930.0, 
            1000.0, 
            850.0, 
            1900.0, 
            690.0, 
            880.0, 
            1485.0, 
            990.0, 
            940.0, 
            1000.0, 
            1750.0, 
            1750.0, 
            700.0, 
            1890.0, 
            4800.0, 
            750.0, 
            1450.0, 
            1400.0, 
            3800.0, 
            15000.0, 
            2000.0, 
            1200.0, 
            640.0, 
            2100.0, 
            2300.0, 
            1200.0, 
            750.0, 
            700.0, 
            1550.0, 
            950.0, 
            950.0, 
            1600.0, 
            2160.0, 
            1400.0, 
            2380.0, 
            2000.0, 
            1600.0, 
            1175.0, 
            2600.0, 
            1400.0, 
            2200.0, 
            940.0, 
            895.0, 
            3800.0, 
            1250.0, 
            1700.0, 
            2430.0, 
            1200.0, 
            700.0, 
            1750.0, 
            850.0, 
            2275.0, 
            630.0, 
            900.0, 
            1350.0, 
            900.0, 
            2700.0, 
            800.0, 
            650.0, 
            925.0, 
            1852.0, 
            1000.0, 
            575.0, 
            3400.0, 
            720.0, 
            2800.0, 
            1100.0, 
            950.0, 
            16000.0, 
            1600.0, 
            2500.0, 
            650.0, 
            3200.0, 
            2500.0, 
            1100.0, 
            2300.0, 
            750.0, 
            1200.0, 
            1200.0, 
            1000.0, 
            1600.0, 
            2000.0, 
            1400.0, 
            3800.0, 
            1600.0, 
            1000.0, 
            1300.0, 
            750.0, 
            900.0, 
            700.0, 
            1400.0, 
            660.0, 
            3000.0, 
            950.0, 
            1215.0, 
            500.0, 
            7500.0, 
            1200.0, 
            2695.0, 
            1090.0, 
            1300.0, 
            1200.0, 
            2300.0, 
            1700.0, 
            900.0, 
            950.0, 
            800.0, 
            1950.0, 
            1000.0, 
            2750.0, 
            800.0, 
            1550.0, 
            1700.0, 
            725.0, 
            4000.0, 
            1400.0, 
            7500.0, 
            1060.0, 
            1200.0, 
            1850.0, 
            1575.0, 
            1200.0, 
            2970.0, 
            5000.0, 
            900.0, 
            5500.0, 
            3950.0, 
            1850.0, 
            3250.0, 
            2700.0, 
            1600.0, 
            1800.0, 
            3375.0, 
            2400.0, 
            2650.0, 
            1250.0, 
            1700.0, 
            999.0, 
            800.0, 
            3900.0, 
            790.0, 
            4000.0, 
            3400.0, 
            1200.0, 
            1850.0, 
            870.0, 
            2600.0, 
            3400.0, 
            2750.0, 
            1300.0, 
            4300.0, 
            900.0, 
            900.0, 
            950.0, 
            750.0, 
            1050.0, 
            825.0, 
            925.0, 
            8000.0, 
            1200.0, 
            2970.0, 
            1150.0, 
            10000.0, 
            1250.0, 
            2500.0, 
            850.0, 
            2900.0, 
            630.0, 
            2600.0, 
            825.0, 
            1150.0, 
            660.0, 
            900.0, 
            640.0, 
            3500.0, 
            850.0, 
            2300.0, 
            630.0, 
            6000.0, 
            2200.0, 
            2750.0, 
            1800.0, 
            1400.0, 
            1250.0, 
            1500.0, 
            700.0, 
            2200.0, 
            4000.0, 
            1000.0, 
            1600.0, 
            1450.0, 
            950.0, 
            1290.0, 
            800.0, 
            710.0, 
            850.0, 
            7450.0, 
            1600.0, 
            1150.0, 
            650.0, 
            1100.0, 
            2700.0, 
            4500.0, 
            1300.0, 
            675.0, 
            1300.0, 
            1000.0, 
            1500.0, 
            790.0, 
            950.0, 
            5500.0, 
            2500.0, 
            2300.0, 
            2800.0, 
            6500.0, 
            4300.0, 
            1300.0, 
            1350.0, 
            800.0, 
            450.0, 
            1400.0, 
            6000.0, 
            2900.0, 
            2800.0, 
            3000.0, 
            800.0, 
            1350.0, 
            1800.0, 
            1100.0, 
            765.0, 
            750.0, 
            3500.0, 
            780.0, 
            1090.0, 
            2380.0, 
            1400.0, 
            2800.0, 
            3000.0, 
            1700.0, 
            2800.0, 
            750.0, 
            1800.0, 
            2250.0, 
            700.0, 
            1300.0, 
            500.0, 
            1250.0, 
            2100.0, 
            4950.0, 
            3000.0, 
            900.0, 
            950.0, 
            1000.0, 
            3000.0, 
            850.0, 
            2500.0, 
            1200.0, 
            1700.0, 
            1000.0, 
            1440.0, 
            2300.0, 
            2430.0, 
            1900.0, 
            1200.0, 
            1500.0, 
            1900.0, 
            4300.0, 
            915.0, 
            900.0, 
            2600.0, 
            8000.0, 
            2600.0, 
            1500.0, 
            2200.0, 
            1100.0, 
            1200.0, 
            1300.0, 
            2750.0, 
            2750.0, 
            1100.0, 
            1300.0, 
            1200.0, 
            1400.0, 
            3200.0, 
            1100.0, 
            1300.0, 
            1000.0, 
            1200.0, 
            1000.0, 
            2100.0, 
            1600.0, 
            950.0, 
            3700.0, 
            750.0, 
            2900.0, 
            620.0, 
            1500.0, 
            1050.0, 
            3200.0, 
            550.0, 
            800.0, 
            750.0, 
            1500.0, 
            1200.0, 
            1400.0, 
            3500.0, 
            1400.0, 
            850.0, 
            2295.0, 
            2300.0, 
            4700.0, 
            1000.0, 
            850.0, 
            1850.0, 
            3500.0, 
            800.0, 
            1850.0, 
            1250.0, 
            4500.0, 
            1050.0, 
            1100.0, 
            3000.0, 
            1200.0, 
            2650.0, 
            995.0, 
            2200.0, 
            2700.0, 
            3500.0, 
            1400.0, 
            1400.0, 
            3000.0, 
            1200.0, 
            2000.0, 
            1800.0, 
            850.0, 
            800.0, 
            1200.0, 
            600.0, 
            750.0, 
            1700.0, 
            1650.0, 
            1250.0, 
            1250.0, 
            4500.0, 
            1300.0, 
            1300.0, 
            750.0, 
            2500.0, 
            3900.0, 
            1195.0, 
            1200.0, 
            700.0, 
            1100.0, 
            6500.0, 
            950.0, 
            3149.0, 
            3500.0, 
            1150.0, 
            800.0, 
            900.0, 
            730.0, 
            2800.0, 
            1155.0, 
            1300.0, 
            900.0, 
            2430.0, 
            1550.0, 
            1200.0, 
            680.0, 
            850.0, 
            700.0, 
            600.0, 
            600.0, 
            2300.0, 
            975.0, 
            4000.0, 
            900.0, 
            915.0, 
            2500.0, 
            800.0, 
            700.0, 
            850.0, 
            900.0, 
            1400.0, 
            720.0, 
            1000.0, 
            7800.0, 
            1000.0, 
            815.0, 
            1700.0, 
            900.0, 
            1300.0, 
            800.0, 
            1550.0, 
            3000.0, 
            1200.0, 
            650.0, 
            700.0, 
            1700.0, 
            1150.0, 
            1590.0, 
            1100.0, 
            2300.0, 
            890.0, 
            1600.0, 
            1100.0, 
            1700.0, 
            900.0, 
            700.0, 
            2295.0, 
            950.0, 
            1150.0, 
            1450.0, 
            5000.0, 
            1500.0, 
            2200.0, 
            2500.0, 
            900.0, 
            830.0, 
            850.0, 
            725.0, 
            3500.0, 
            1500.0, 
            1600.0, 
            1700.0, 
            1650.0, 
            850.0, 
            1500.0, 
            850.0, 
            1300.0, 
            500.0, 
            1300.0, 
            1300.0, 
            1800.0, 
            1150.0, 
            1400.0, 
            675.0, 
            1100.0, 
            900.0, 
            2400.0, 
            3500.0, 
            1950.0, 
            1400.0, 
            1200.0, 
            855.0, 
            1550.0, 
            700.0, 
            3900.0, 
            725.0, 
            1190.0, 
            1250.0, 
            1200.0, 
            2495.0, 
            540.0, 
            2970.0, 
            5700.0
        ]
    }, 
    "processed_feature_names": [
        "Floor", 
        "Sq. Mt.", 
        "num_flagonly:Penthouse:not_missing", 
        "num_flagonly:Outer:not_missing", 
        "num_flagonly:Cottage:not_missing", 
        "dummy:Area:Chueca-Justicia", 
        "dummy:Area:Recoletos", 
        "dummy:Area:Castellana", 
        "dummy:Area:Almagro", 
        "dummy:Area:Goya", 
        "dummy:Area:Arguelles", 
        "dummy:Area:Cuatro Caminos", 
        "dummy:Area:Nuevos Ministerios-Rios Rosas", 
        "dummy:Area:Nueva Espana", 
        "dummy:Area:Bernabeu-Hispanoamerica", 
        "dummy:Area:Lavapies-Embajadores", 
        "dummy:Area:Palacio", 
        "dummy:Area:Malasana-Universidad", 
        "dummy:Area:El Viso", 
        "dummy:Area:Cuzco-Castillejos", 
        "dummy:Area:Arapiles", 
        "dummy:Area:Las Tablas", 
        "dummy:Area:Ibiza", 
        "dummy:Area:Huertas-Cortes", 
        "dummy:Area:Sol", 
        "dummy:Area:Prosperidad", 
        "dummy:Area:Sanchinarro", 
        "dummy:Area:Lista", 
        "dummy:Area:Trafalgar", 
        "dummy:Area:Vallehermoso", 
        "dummy:Area:Rejas", 
        "dummy:Area:Barajas", 
        "dummy:Area:Gaztambide", 
        "dummy:Area:Castilla", 
        "dummy:Area:Ciudad Jardin", 
        "dummy:Area:Guindalera", 
        "dummy:Area:San Diego", 
        "dummy:Area:San Isidro", 
        "dummy:Area:Ensanche de Vallecas - La Gavia", 
        "dummy:Area:Aravaca", 
        "dummy:Area:Valdemarin", 
        "dummy:Area:San Juan Bautista", 
        "dummy:Area:Montecarmelo", 
        "dummy:Area:Valdezarza", 
        "dummy:Area:Costillares", 
        "dummy:Area:Valdeacederas", 
        "dummy:Area:San Pascual", 
        "dummy:Area:Berruguete", 
        "dummy:Area:Concepcion", 
        "dummy:Area:Bellas Vistas", 
        "dummy:Area:Casco Historico de Vallecas", 
        "dummy:Area:Pinar del Rey", 
        "dummy:Area:Conde Orgaz-Piovera", 
        "dummy:Area:Delicias", 
        "dummy:Area:Jeronimos", 
        "dummy:Area:Ciudad Universitaria", 
        "dummy:Area:Valdebebas - Valdefuentes", 
        "dummy:Area:Ventilla-Almenara", 
        "dummy:Area:Acacias", 
        "dummy:Area:Pilar", 
        "dummy:Area:Pacifico", 
        "dummy:Area:Ni\u00f1o Jesus", 
        "dummy:Area:Fuente del Berro", 
        "dummy:Area:Numancia", 
        "dummy:Area:Penagrande", 
        "dummy:Area:Los Angeles", 
        "dummy:Area:Canillas", 
        "dummy:Area:Vista Alegre", 
        "dummy:Area:Ap\u00f3stol Santiago", 
        "dummy:Area:Quintana", 
        "dummy:Area:Simancas", 
        "dummy:Area:Pueblo Nuevo", 
        "dummy:Area:La Paz", 
        "dummy:Area:Aluche", 
        "dummy:Area:Palomas", 
        "dummy:Area:Palos de Moguer", 
        "dummy:Area:Almendrales", 
        "dummy:Area:Puerta Bonita", 
        "dummy:Area:Campamento", 
        "dummy:Area:Legazpi", 
        "dummy:Area:Puerta del Angel", 
        "dummy:Area:Imperial", 
        "dummy:Area:Tres Olivos - Valverde", 
        "dummy:Area:Estrella", 
        "dummy:Area:Colina", 
        "dummy:Area:Comillas", 
        "dummy:Area:Butarque", 
        "dummy:Area:Rosas", 
        "dummy:Area:Arcos", 
        "dummy:Area:Fuentelarreina", 
        "dummy:Area:Media Legua", 
        "dummy:Area:San Fermin", 
        "dummy:Area:San Andres", 
        "dummy:Area:Palomeras sureste", 
        "dummy:Area:Valdebernardo - Valderribas", 
        "dummy:Area:Salvador", 
        "dummy:Area:Abrantes", 
        "dummy:Area:Pau de Carabanchel", 
        "dummy:Area:Opanel", 
        "dummy:Area:Buena Vista", 
        "dummy:Area:Lucero", 
        "dummy:Area:Mirasierra", 
        "dummy:Area:Adelfas", 
        "dummy:Area:Manoteras", 
        "dummy:Area:Vinateros", 
        "dummy:Area:Atalaya", 
        "dummy:Area:N/A", 
        "dummy:Area:__Others__"
    ], 
    "regression_performance": {
        "max_error": 1691.0166084621035, 
        "median_error": -133.33630671239627, 
        "error_distribution": [
            {
                "count": 44, 
                "bin_max": -647.68061974583338, 
                "bin_id": 0, 
                "bin_min": -910.1344198002796
            }, 
            {
                "count": 106, 
                "bin_max": -387.82537216717367, 
                "bin_id": 1, 
                "bin_min": -647.68061974583338
            }, 
            {
                "count": 232, 
                "bin_max": -127.97012458851395, 
                "bin_id": 2, 
                "bin_min": -387.82537216717367
            }, 
            {
                "count": 173, 
                "bin_max": 131.88512299014565, 
                "bin_id": 3, 
                "bin_min": -127.97012458851395
            }, 
            {
                "count": 77, 
                "bin_max": 391.74037056880525, 
                "bin_id": 4, 
                "bin_min": 131.88512299014565
            }, 
            {
                "count": 43, 
                "bin_max": 651.59561814746507, 
                "bin_id": 5, 
                "bin_min": 391.74037056880525
            }, 
            {
                "count": 29, 
                "bin_max": 911.45086572612468, 
                "bin_id": 6, 
                "bin_min": 651.59561814746507
            }, 
            {
                "count": 15, 
                "bin_max": 1171.3061133047843, 
                "bin_id": 7, 
                "bin_min": 911.45086572612468
            }, 
            {
                "count": 11, 
                "bin_max": 1431.1613608834439, 
                "bin_id": 8, 
                "bin_min": 1171.3061133047843
            }, 
            {
                "count": 24, 
                "bin_max": 1691.0166084621035, 
                "bin_id": 9, 
                "bin_min": 1431.1613608834439
            }
        ], 
        "min_error": -907.53586732449298, 
        "average_error": -18.531117340758094, 
        "std_error": 524.6566615933829, 
        "p75_error": 164.58854920573583, 
        "p90_error": 676.6951998234032, 
        "p25_error": -330.5915700977369
    }
}