{
  "state": "DONE",
  "preSearchDescription": {
    "gridLength": 1,
    "importantParams": [
      {
        "name": "trees",
        "vals": [
          "100"
        ]
      },
      {
        "name": "depth",
        "vals": [
          "8"
        ]
      },
      {
        "name": "min_samples",
        "vals": [
          "3"
        ]
      }
    ]
  },
  "postSearchDescription": {
    "importantParams": [
      {
        "name": "trees",
        "val": "100"
      },
      {
        "name": "depth",
        "val": "8"
      },
      {
        "name": "min_samples",
        "val": "3"
      }
    ]
  },
  "sampleWeightsEnabled": false,
  "modelId": "m1",
  "progress": {
    "top_level_todo": [],
    "stack": [],
    "top_level_done": [
      {
        "name": "Loading train set",
        "time": 28
      },
      {
        "name": "Loading test set",
        "time": 23
      },
      {
        "name": "Collecting statistics",
        "time": 43
      },
      {
        "name": "Preprocessing train set",
        "time": 107
      },
      {
        "name": "Preprocessing test set",
        "time": 85
      },
      {
        "name": "Fitting model",
        "time": 929
      },
      {
        "name": "Saving model",
        "time": 104
      },
      {
        "name": "Scoring model",
        "time": 1250
      }
    ]
  },
  "startTime": 1562034246940,
  "endTime": 1562034249516,
  "preprocessingTime": 292,
  "trainingTime": 2284
}