{
    "metrics": {
        "rmse": 761.7844746778919, 
        "pearson": 0.85711427459595568, 
        "mae": 416.72479448968789, 
        "r2": 0.73316028442693315, 
        "mape": 0.23584706606070951, 
        "mse": 580315.58586027171, 
        "evs": 0.73318064670006844, 
        "rmsle": 0.30048945699937124
    }, 
    "scatterPlotData": {
        "y": [
            696.9064, 
            1309.5148, 
            5575.0314, 
            1229.6053, 
            6150.8453, 
            879.1969, 
            1112.8025, 
            1346.4081, 
            805.7338, 
            1383.3013, 
            2200.921, 
            1543.1205, 
            770.6929, 
            879.1969, 
            806.8411, 
            1128.1875, 
            887.4957, 
            2907.8609, 
            2827.9513, 
            1313.2196, 
            3167.6324, 
            1383.3013, 
            836.1805, 
            3873.0535, 
            1212.0741, 
            894.5819, 
            1042.2994, 
            1696.8165, 
            2328.5046, 
            3178.3598, 
            2838.0224, 
            2429.9223, 
            1924.299, 
            2047.2249, 
            1149.6957, 
            2157.9046, 
            1398.6864, 
            1112.8025, 
            2360.3113, 
            1139.8678, 
            3107.9038, 
            1065.7246, 
            688.9309, 
            1844.3894, 
            1625.251, 
            1716.2681, 
            2287.3222, 
            2475.4863, 
            1513.6368, 
            1552.3824, 
            2671.482, 
            1186.5889, 
            2357.7559, 
            898.855, 
            1017.5078, 
            1638.4151, 
            1361.7932, 
            2570.9852, 
            907.1515, 
            1275.7605, 
            2609.7308, 
            742.6267, 
            930.5121, 
            1047.3149, 
            2710.7197, 
            3380.7664, 
            2200.921, 
            1295.9822, 
            3963.1527, 
            1435.5796, 
            1334.3064, 
            1021.215, 
            1623.03, 
            2845.1888, 
            1817.3241, 
            725.5008, 
            2552.8483, 
            2748.0418, 
            3418.2431, 
            2315.6672, 
            1379.5965, 
            1813.6193, 
            879.1969, 
            2185.779, 
            1192.712, 
            1317.8589, 
            1007.6799, 
            819.1182, 
            6735.6567, 
            1169.3515, 
            1685.1362, 
            2317.7238, 
            2472.9387, 
            1665.4804, 
            1389.4244, 
            1026.7698, 
            912.7087, 
            1032.8929, 
            3102.964, 
            1705.0351, 
            1017.5078, 
            616.9969, 
            1346.4081, 
            1144.3137, 
            4227.5284, 
            1272.6216, 
            1147.8433, 
            2229.8387, 
            2453.0505, 
            1034.6337, 
            3261.9741, 
            842.3036, 
            1136.163, 
            1075.9092, 
            1254.2523, 
            2122.5303, 
            1748.5289, 
            1114.9782, 
            1272.6216, 
            1743.5376, 
            818.2176, 
            2225.568, 
            3959.8067, 
            1511.7844, 
            1054.4011, 
            1017.5078, 
            910.8563, 
            4235.2793, 
            2222.6723, 
            2946.7824, 
            3336.1223, 
            1284.3019, 
            6602.1056, 
            1248.3222, 
            1772.8239, 
            2806.4432, 
            1266.4985, 
            758.2676, 
            1394.9816, 
            719.3777, 
            2164.0277, 
            1533.4677, 
            2732.6567, 
            3673.4454, 
            1972.5175, 
            1975.6594, 
            2185.5359, 
            2200.921, 
            1787.985, 
            922.2132, 
            3156.4228, 
            1153.4005, 
            1450.9647, 
            1138.0154, 
            1383.3013, 
            1349.6915, 
            2471.4198, 
            1144.3137, 
            1177.6955, 
            1097.4174, 
            1266.4985, 
            1755.2179, 
            1266.4985, 
            2503.7088, 
            3138.6739, 
            924.068, 
            1056.2535, 
            1246.7312, 
            762.3941, 
            900.705, 
            3294.7338, 
            1989.752, 
            799.2873, 
            1112.8025, 
            1062.6999, 
            1069.7861, 
            1054.4011, 
            1112.8025, 
            1171.2039, 
            1229.6053, 
            2136.5511, 
            3287.1871, 
            1902.4573, 
            3978.9851, 
            3446.0853, 
            1609.8591, 
            844.156, 
            840.4512, 
            1149.6957, 
            1892.608, 
            5108.3899, 
            1895.3813, 
            4401.9979, 
            1727.5866, 
            6368.5, 
            1540.7021, 
            712.2915, 
            1039.016, 
            1112.8025, 
            723.9718, 
            688.6076, 
            2477.5429, 
            2286.5248, 
            1462.7895, 
            1186.5889, 
            2117.3066, 
            1647.6771, 
            995.9997, 
            830.6901, 
            3476.0611, 
            2804.0249, 
            644.0622, 
            2797.5468, 
            1208.0971, 
            1005.2616, 
            2381.3094, 
            2210.7489, 
            2815.7051, 
            989.8766, 
            2088.1847, 
            2572.4087, 
            558.5955, 
            770.6929, 
            1558.5055, 
            663.0379, 
            1138.0154, 
            1074.0568, 
            3020.393, 
            4552.4993, 
            1414.0715, 
            2097.0849, 
            1063.663, 
            2097.0849, 
            4550.6469, 
            1813.6193, 
            1122.209, 
            747.3324, 
            1806.5783, 
            3986.1515, 
            1303.3917, 
            1484.5149, 
            5430.3727, 
            2334.6277, 
            696.9064, 
            2274.7074, 
            1367.9163, 
            2643.8327, 
            1171.2039, 
            397.6966, 
            995.9997, 
            2128.421, 
            900.705, 
            1251.1134, 
            2965.8335, 
            3785.36, 
            1371.0551, 
            3185.395, 
            1419.2766, 
            4505.3075, 
            1787.8404, 
            4346.3878, 
            3252.1462, 
            2819.4099, 
            1181.0318, 
            959.1064, 
            3384.3341, 
            2557.4525, 
            759.0126, 
            1493.981, 
            1536.9974, 
            1393.1292, 
            3170.5214, 
            1461.3585, 
            3178.3598, 
            510.2287, 
            2193.8799, 
            630.2062, 
            2631.239, 
            1704.5173, 
            1500.1041, 
            1021.3878, 
            2428.4035, 
            609.794, 
            1551.4645, 
            2296.2156, 
            1592.4145, 
            4266.0494, 
            1383.3013, 
            725.5008, 
            4022.1453, 
            1554.8007, 
            1107.4205, 
            1776.7261, 
            1770.603, 
            1919.4624, 
            674.5114, 
            1353.8177, 
            1231.781, 
            1133.7447, 
            1581.8661, 
            940.6598, 
            1961.1923, 
            1003.9752, 
            1011.3847, 
            1801.5176, 
            879.1969, 
            1243.138, 
            1251.1134, 
            2259.3224, 
            1324.8999, 
            1042.7208, 
            873.0738, 
            5119.3819, 
            876.9231, 
            1438.1731, 
            1688.841, 
            3767.931, 
            15537.0282, 
            1408.5143, 
            1543.1205, 
            1112.8025, 
            2514.4361, 
            1539.7782, 
            1601.5219, 
            703.9926, 
            900.705, 
            1296.3507, 
            1722.9824, 
            2111.3206, 
            2422.2804, 
            1303.3917, 
            1536.0794, 
            3214.3535, 
            2150.4951, 
            1807.4962, 
            1313.2196, 
            3165.1956, 
            1821.9182, 
            2753.7361, 
            1392.7078, 
            1499.5382, 
            3141.4665, 
            1367.9163, 
            1414.0715, 
            954.8357, 
            1245.8796, 
            740.8859, 
            1767.6187, 
            1026.7698, 
            2354.617, 
            844.156, 
            1108.4202, 
            1355.6701, 
            1413.1535, 
            2090.2413, 
            1013.5093, 
            530.6432, 
            809.1152, 
            946.8602, 
            900.705, 
            699.8662, 
            3215.253, 
            573.6595, 
            2969.4012, 
            762.3941, 
            1347.6946, 
            4813.599, 
            1266.4985, 
            2881.7485, 
            1032.8929, 
            2391.5102, 
            1561.6444, 
            1275.7605, 
            2196.6503, 
            900.705, 
            1733.7097, 
            1733.7097, 
            925.9204, 
            1604.8053, 
            1659.9233, 
            909.0039, 
            4967.2951, 
            1229.6053, 
            1141.7226, 
            989.8766, 
            853.5625, 
            1266.4985, 
            857.6887, 
            1357.5224, 
            929.6228, 
            3209.1299, 
            1254.2523, 
            667.0994, 
            652.0377, 
            4995.1695, 
            916.0901, 
            1149.6957, 
            989.8766, 
            1223.4822, 
            1306.985, 
            2472.9387, 
            1465.0633, 
            974.4915, 
            1349.547, 
            989.8766, 
            1686.9886, 
            1673.4559, 
            2532.9601, 
            900.705, 
            1844.3894, 
            2391.5102, 
            684.2253, 
            3666.1582, 
            1075.9092, 
            5235.0013, 
            1091.2943, 
            976.3439, 
            1404.8095, 
            1870.1683, 
            1920.0283, 
            1641.554, 
            4599.0833, 
            721.3744, 
            6441.0, 
            3065.6234, 
            1770.603, 
            2999.0607, 
            2779.621, 
            2879.3087, 
            2077.9951, 
            2710.7197, 
            2296.2156, 
            3305.2336, 
            947.0532, 
            2225.568, 
            682.4845, 
            740.8859, 
            3703.5436, 
            603.6709, 
            3813.7312, 
            4091.274, 
            1534.1016, 
            1897.2337, 
            1067.9337, 
            2694.8425, 
            2243.9373, 
            2535.3784, 
            1693.8323, 
            5429.8806, 
            962.0548, 
            916.0901, 
            1160.8101, 
            793.3087, 
            1097.4174, 
            836.1805, 
            1023.065, 
            5265.6684, 
            1272.6216, 
            1792.1111, 
            1075.9092, 
            2419.1415, 
            1046.4256, 
            3197.0753, 
            820.7955, 
            3145.1713, 
            937.5983, 
            3295.4057, 
            916.0901, 
            1149.6957, 
            737.2479, 
            1407.9484, 
            962.8112, 
            4165.1976, 
            1028.7667, 
            2419.1415, 
            807.3296, 
            5987.3214, 
            1463.2109, 
            2348.4939, 
            1530.8743, 
            1426.3177, 
            969.1095, 
            1552.527, 
            916.0901, 
            1450.6067, 
            3399.3642, 
            1262.7937, 
            1523.4647, 
            1700.0999, 
            1091.2943, 
            957.254, 
            1071.9108, 
            480.2173, 
            1017.5078, 
            7261.2693, 
            1543.1205, 
            1740.7643, 
            604.2678, 
            1212.0741, 
            2504.7454, 
            2981.6474, 
            2076.1427, 
            1185.671, 
            814.6724, 
            1675.3083, 
            1574.6317, 
            1361.7932, 
            842.3036, 
            5016.0057, 
            2262.4612, 
            2827.9513, 
            2472.9387, 
            5831.9976, 
            1884.5101, 
            1998.0855, 
            1770.603, 
            949.2785, 
            725.5008, 
            805.4104, 
            4094.4129, 
            2901.7378, 
            2564.8621, 
            3415.1042, 
            894.5819, 
            1420.1946, 
            1509.932, 
            1601.5219, 
            1017.5078, 
            826.3526, 
            2944.7541, 
            1032.8929, 
            1346.4081, 
            3175.6079, 
            1201.974, 
            2860.2189, 
            5041.0816, 
            1943.9548, 
            2477.5429, 
            873.963, 
            1952.1734, 
            2222.6723, 
            959.1064, 
            1653.8002, 
            494.9568, 
            881.0493, 
            1582.7945, 
            4914.0959, 
            2597.1511, 
            945.5738, 
            1149.6957, 
            1039.016, 
            3039.4829, 
            935.7459, 
            2084.1182, 
            960.9588, 
            1916.8894, 
            1344.5557, 
            747.009, 
            1988.2576, 
            2114.8883, 
            2477.5429, 
            1115.864, 
            2153.3004, 
            1951.9303, 
            3958.6574, 
            923.3092, 
            1077.7616, 
            2741.9187, 
            4448.0487, 
            2631.239, 
            1783.2177, 
            1614.1336, 
            1162.807, 
            1690.6934, 
            1493.981, 
            2575.9764, 
            2391.6649, 
            1626.3134, 
            1536.9974, 
            1424.7886, 
            1830.5232, 
            2736.3615, 
            959.1064, 
            1075.9092, 
            1251.1134, 
            1427.7971, 
            1845.9083, 
            1786.9225, 
            1813.6193, 
            1071.6385, 
            3587.4127, 
            779.52, 
            3534.4625, 
            865.9876, 
            1663.6281, 
            1420.1946, 
            1893.5289, 
            890.4555, 
            1223.4822, 
            706.1173, 
            1881.2827, 
            1166.9332, 
            1414.0715, 
            4038.5669, 
            1985.8393, 
            1290.1824, 
            1658.314, 
            2652.7471, 
            3634.8222, 
            1383.3013, 
            816.5247, 
            1585.5709, 
            3215.253, 
            922.2132, 
            2157.9046, 
            1488.599, 
            2390.5923, 
            1186.5889, 
            1303.3917, 
            3399.7192, 
            1672.3241, 
            2954.8252, 
            1299.687, 
            1850.5125, 
            1908.9139, 
            3024.2349, 
            2009.1999, 
            1437.9979, 
            2827.9513, 
            1128.1875, 
            2880.3668, 
            1290.7875, 
            1123.5439, 
            801.0281, 
            1473.0388, 
            740.8859, 
            580.1036, 
            1638.4151, 
            1463.2109, 
            1653.8002, 
            889.0247, 
            4245.1072, 
            1727.5866, 
            922.2132, 
            850.6025, 
            2356.1359, 
            2477.5429, 
            1299.687, 
            1818.2586, 
            530.6432, 
            995.9997, 
            3285.3347, 
            842.3036, 
            3735.6701, 
            3225.4426, 
            2094.899, 
            1517.3416, 
            702.1403, 
            775.9267, 
            2821.8282, 
            1075.9092, 
            1298.0097, 
            818.9431, 
            1513.0709, 
            1544.5515, 
            1604.6607, 
            761.0254, 
            589.0446, 
            1265.5806, 
            986.1718, 
            747.009, 
            2453.0505, 
            1048.278, 
            3273.6544, 
            1208.0971, 
            1164.1628, 
            2477.5429, 
            1209.9495, 
            1051.9828, 
            1054.4011, 
            1749.0948, 
            1321.1951, 
            922.2132, 
            1735.2286, 
            5873.0429, 
            974.4915, 
            678.423, 
            1445.4075, 
            1099.5932, 
            1266.4985, 
            1281.8836, 
            2213.8877, 
            3399.7192, 
            1151.5505, 
            1047.36, 
            770.6929, 
            1457.0878, 
            952.9833, 
            1954.5032, 
            1053.8351, 
            2163.1283, 
            902.5574, 
            1733.7097, 
            1594.2881, 
            2257.47, 
            888.4588, 
            1260.3754, 
            1552.3824, 
            826.3526, 
            1487.8579, 
            2056.1139, 
            3937.8211, 
            2068.9762, 
            2858.7215, 
            3395.1149, 
            1185.671, 
            770.6929, 
            1032.8929, 
            940.6598, 
            1518.6281, 
            2553.3576, 
            1477.678, 
            2014.2116, 
            1589.2757, 
            1358.0884, 
            1844.3894, 
            974.4915, 
            1151.5505, 
            892.7295, 
            2502.3271, 
            1625.0576, 
            2562.1102, 
            1670.1129, 
            1698.6689, 
            733.7997, 
            1426.3177, 
            1174.9087, 
            2084.1182, 
            1807.4962, 
            2071.872, 
            1616.9069, 
            1715.9064, 
            889.0271, 
            1658.0709, 
            863.8118, 
            3878.7478, 
            712.2915, 
            109.2268, 
            2477.1141, 
            863.8118, 
            2248.0038, 
            653.1451, 
            2157.9046, 
            4238.847
        ], 
        "x": [
            950.0, 
            1350.0, 
            3690.0, 
            1450.0, 
            5000.0, 
            1000.0, 
            900.0, 
            3000.0, 
            800.0, 
            800.0, 
            2800.0, 
            1400.0, 
            850.0, 
            850.0, 
            700.0, 
            650.0, 
            1100.0, 
            3500.0, 
            4300.0, 
            1250.0, 
            2900.0, 
            1300.0, 
            900.0, 
            3800.0, 
            1150.0, 
            800.0, 
            1200.0, 
            2565.0, 
            2400.0, 
            3500.0, 
            2650.0, 
            3300.0, 
            1250.0, 
            2300.0, 
            1300.0, 
            1800.0, 
            1190.0, 
            1200.0, 
            1400.0, 
            1100.0, 
            4725.0, 
            800.0, 
            725.0, 
            1475.0, 
            1400.0, 
            950.0, 
            3105.0, 
            2200.0, 
            1300.0, 
            1400.0, 
            2250.0, 
            650.0, 
            1800.0, 
            1250.0, 
            1450.0, 
            1300.0, 
            1300.0, 
            2800.0, 
            800.0, 
            1100.0, 
            2600.0, 
            800.0, 
            840.0, 
            950.0, 
            1800.0, 
            5373.0, 
            2400.0, 
            750.0, 
            4500.0, 
            1300.0, 
            1300.0, 
            900.0, 
            2295.0, 
            2900.0, 
            1250.0, 
            800.0, 
            2800.0, 
            2950.0, 
            3500.0, 
            2000.0, 
            1250.0, 
            1500.0, 
            775.0, 
            3240.0, 
            1699.0, 
            775.0, 
            875.0, 
            950.0, 
            7500.0, 
            690.0, 
            2700.0, 
            2400.0, 
            2500.0, 
            1500.0, 
            850.0, 
            1100.0, 
            680.0, 
            750.0, 
            3500.0, 
            1600.0, 
            975.0, 
            1175.0, 
            1500.0, 
            1100.0, 
            5500.0, 
            995.0, 
            695.0, 
            1600.0, 
            2100.0, 
            2750.0, 
            3300.0, 
            1100.0, 
            950.0, 
            1200.0, 
            1300.0, 
            2300.0, 
            1750.0, 
            790.0, 
            900.0, 
            1900.0, 
            720.0, 
            1550.0, 
            4300.0, 
            1250.0, 
            1100.0, 
            870.0, 
            775.0, 
            3600.0, 
            2100.0, 
            2500.0, 
            3000.0, 
            760.0, 
            7500.0, 
            1200.0, 
            2150.0, 
            3200.0, 
            800.0, 
            590.0, 
            875.0, 
            700.0, 
            1700.0, 
            1350.0, 
            2500.0, 
            4500.0, 
            3780.0, 
            1400.0, 
            1900.0, 
            1500.0, 
            2500.0, 
            800.0, 
            4320.0, 
            900.0, 
            1300.0, 
            950.0, 
            1000.0, 
            950.0, 
            2600.0, 
            1200.0, 
            800.0, 
            1050.0, 
            1200.0, 
            1500.0, 
            2500.0, 
            1500.0, 
            2200.0, 
            749.0, 
            950.0, 
            975.0, 
            750.0, 
            925.0, 
            2950.0, 
            2250.0, 
            1000.0, 
            1100.0, 
            800.0, 
            1300.0, 
            850.0, 
            900.0, 
            1300.0, 
            990.0, 
            2100.0, 
            2100.0, 
            1400.0, 
            2900.0, 
            2500.0, 
            2700.0, 
            1000.0, 
            900.0, 
            1450.0, 
            2970.0, 
            4500.0, 
            1500.0, 
            3500.0, 
            1500.0, 
            9000.0, 
            900.0, 
            680.0, 
            800.0, 
            1100.0, 
            800.0, 
            850.0, 
            2800.0, 
            2160.0, 
            1300.0, 
            1350.0, 
            2100.0, 
            1850.0, 
            800.0, 
            700.0, 
            2900.0, 
            2500.0, 
            700.0, 
            1600.0, 
            1300.0, 
            900.0, 
            2500.0, 
            2000.0, 
            1600.0, 
            730.0, 
            2700.0, 
            1100.0, 
            750.0, 
            800.0, 
            999.0, 
            700.0, 
            875.0, 
            920.0, 
            2800.0, 
            3500.0, 
            2295.0, 
            1600.0, 
            950.0, 
            1600.0, 
            3600.0, 
            2500.0, 
            900.0, 
            800.0, 
            1500.0, 
            3000.0, 
            1000.0, 
            750.0, 
            4900.0, 
            2100.0, 
            800.0, 
            2800.0, 
            1300.0, 
            2200.0, 
            1325.0, 
            620.0, 
            980.0, 
            2700.0, 
            750.0, 
            1800.0, 
            2000.0, 
            3450.0, 
            2565.0, 
            2200.0, 
            1550.0, 
            4100.0, 
            1700.0, 
            3700.0, 
            2500.0, 
            2700.0, 
            900.0, 
            825.0, 
            3000.0, 
            2500.0, 
            625.0, 
            1300.0, 
            1350.0, 
            1240.0, 
            4800.0, 
            1300.0, 
            3500.0, 
            750.0, 
            3105.0, 
            600.0, 
            3300.0, 
            2000.0, 
            1300.0, 
            1100.0, 
            3000.0, 
            750.0, 
            1800.0, 
            2500.0, 
            2500.0, 
            3900.0, 
            700.0, 
            950.0, 
            2950.0, 
            1350.0, 
            1100.0, 
            1700.0, 
            2000.0, 
            2565.0, 
            750.0, 
            1400.0, 
            780.0, 
            930.0, 
            1000.0, 
            850.0, 
            1900.0, 
            690.0, 
            880.0, 
            1485.0, 
            990.0, 
            940.0, 
            1000.0, 
            1750.0, 
            1750.0, 
            700.0, 
            1890.0, 
            4800.0, 
            750.0, 
            1450.0, 
            1400.0, 
            3800.0, 
            15000.0, 
            2000.0, 
            1200.0, 
            640.0, 
            2100.0, 
            2300.0, 
            1200.0, 
            750.0, 
            700.0, 
            1550.0, 
            950.0, 
            950.0, 
            1600.0, 
            2160.0, 
            1400.0, 
            2380.0, 
            2000.0, 
            1600.0, 
            1175.0, 
            2600.0, 
            1400.0, 
            2200.0, 
            940.0, 
            895.0, 
            3800.0, 
            1250.0, 
            1700.0, 
            2430.0, 
            1200.0, 
            700.0, 
            1750.0, 
            850.0, 
            2275.0, 
            630.0, 
            900.0, 
            1350.0, 
            900.0, 
            2700.0, 
            800.0, 
            650.0, 
            925.0, 
            1852.0, 
            1000.0, 
            575.0, 
            3400.0, 
            720.0, 
            2800.0, 
            1100.0, 
            950.0, 
            16000.0, 
            1600.0, 
            2500.0, 
            650.0, 
            3200.0, 
            2500.0, 
            1100.0, 
            2300.0, 
            750.0, 
            1200.0, 
            1200.0, 
            1000.0, 
            1600.0, 
            2000.0, 
            1400.0, 
            3800.0, 
            1600.0, 
            1000.0, 
            1300.0, 
            750.0, 
            900.0, 
            700.0, 
            1400.0, 
            660.0, 
            3000.0, 
            950.0, 
            1215.0, 
            500.0, 
            7500.0, 
            1200.0, 
            2695.0, 
            1090.0, 
            1300.0, 
            1200.0, 
            2300.0, 
            1700.0, 
            900.0, 
            950.0, 
            800.0, 
            1950.0, 
            1000.0, 
            2750.0, 
            800.0, 
            1550.0, 
            1700.0, 
            725.0, 
            4000.0, 
            1400.0, 
            7500.0, 
            1060.0, 
            1200.0, 
            1850.0, 
            1575.0, 
            1200.0, 
            2970.0, 
            5000.0, 
            900.0, 
            5500.0, 
            3950.0, 
            1850.0, 
            3250.0, 
            2700.0, 
            1600.0, 
            1800.0, 
            3375.0, 
            2400.0, 
            2650.0, 
            1250.0, 
            1700.0, 
            999.0, 
            800.0, 
            3900.0, 
            790.0, 
            4000.0, 
            3400.0, 
            1200.0, 
            1850.0, 
            870.0, 
            2600.0, 
            3400.0, 
            2750.0, 
            1300.0, 
            4300.0, 
            900.0, 
            900.0, 
            950.0, 
            750.0, 
            1050.0, 
            825.0, 
            925.0, 
            8000.0, 
            1200.0, 
            2970.0, 
            1150.0, 
            10000.0, 
            1250.0, 
            2500.0, 
            850.0, 
            2900.0, 
            630.0, 
            2600.0, 
            825.0, 
            1150.0, 
            660.0, 
            900.0, 
            640.0, 
            3500.0, 
            850.0, 
            2300.0, 
            630.0, 
            6000.0, 
            2200.0, 
            2750.0, 
            1800.0, 
            1400.0, 
            1250.0, 
            1500.0, 
            700.0, 
            2200.0, 
            4000.0, 
            1000.0, 
            1600.0, 
            1450.0, 
            950.0, 
            1290.0, 
            800.0, 
            710.0, 
            850.0, 
            7450.0, 
            1600.0, 
            1150.0, 
            650.0, 
            1100.0, 
            2700.0, 
            4500.0, 
            1300.0, 
            675.0, 
            1300.0, 
            1000.0, 
            1500.0, 
            790.0, 
            950.0, 
            5500.0, 
            2500.0, 
            2300.0, 
            2800.0, 
            6500.0, 
            4300.0, 
            1300.0, 
            1350.0, 
            800.0, 
            450.0, 
            1400.0, 
            6000.0, 
            2900.0, 
            2800.0, 
            3000.0, 
            800.0, 
            1350.0, 
            1800.0, 
            1100.0, 
            765.0, 
            750.0, 
            3500.0, 
            780.0, 
            1090.0, 
            2380.0, 
            1400.0, 
            2800.0, 
            3000.0, 
            1700.0, 
            2800.0, 
            750.0, 
            1800.0, 
            2250.0, 
            700.0, 
            1300.0, 
            500.0, 
            1250.0, 
            2100.0, 
            4950.0, 
            3000.0, 
            900.0, 
            950.0, 
            1000.0, 
            3000.0, 
            850.0, 
            2500.0, 
            1200.0, 
            1700.0, 
            1000.0, 
            1440.0, 
            2300.0, 
            2430.0, 
            1900.0, 
            1200.0, 
            1500.0, 
            1900.0, 
            4300.0, 
            915.0, 
            900.0, 
            2600.0, 
            8000.0, 
            2600.0, 
            1500.0, 
            2200.0, 
            1100.0, 
            1200.0, 
            1300.0, 
            2750.0, 
            2750.0, 
            1100.0, 
            1300.0, 
            1200.0, 
            1400.0, 
            3200.0, 
            1100.0, 
            1300.0, 
            1000.0, 
            1200.0, 
            1000.0, 
            2100.0, 
            1600.0, 
            950.0, 
            3700.0, 
            750.0, 
            2900.0, 
            620.0, 
            1500.0, 
            1050.0, 
            3200.0, 
            550.0, 
            800.0, 
            750.0, 
            1500.0, 
            1200.0, 
            1400.0, 
            3500.0, 
            1400.0, 
            850.0, 
            2295.0, 
            2300.0, 
            4700.0, 
            1000.0, 
            850.0, 
            1850.0, 
            3500.0, 
            800.0, 
            1850.0, 
            1250.0, 
            4500.0, 
            1050.0, 
            1100.0, 
            3000.0, 
            1200.0, 
            2650.0, 
            995.0, 
            2200.0, 
            2700.0, 
            3500.0, 
            1400.0, 
            1400.0, 
            3000.0, 
            1200.0, 
            2000.0, 
            1800.0, 
            850.0, 
            800.0, 
            1200.0, 
            600.0, 
            750.0, 
            1700.0, 
            1650.0, 
            1250.0, 
            1250.0, 
            4500.0, 
            1300.0, 
            1300.0, 
            750.0, 
            2500.0, 
            3900.0, 
            1195.0, 
            1200.0, 
            700.0, 
            1100.0, 
            6500.0, 
            950.0, 
            3149.0, 
            3500.0, 
            1150.0, 
            800.0, 
            900.0, 
            730.0, 
            2800.0, 
            1155.0, 
            1300.0, 
            900.0, 
            2430.0, 
            1550.0, 
            1200.0, 
            680.0, 
            850.0, 
            700.0, 
            600.0, 
            600.0, 
            2300.0, 
            975.0, 
            4000.0, 
            900.0, 
            915.0, 
            2500.0, 
            800.0, 
            700.0, 
            850.0, 
            900.0, 
            1400.0, 
            720.0, 
            1000.0, 
            7800.0, 
            1000.0, 
            815.0, 
            1700.0, 
            900.0, 
            1300.0, 
            800.0, 
            1550.0, 
            3000.0, 
            1200.0, 
            650.0, 
            700.0, 
            1700.0, 
            1150.0, 
            1590.0, 
            1100.0, 
            2300.0, 
            890.0, 
            1600.0, 
            1100.0, 
            1700.0, 
            900.0, 
            700.0, 
            2295.0, 
            950.0, 
            1150.0, 
            1450.0, 
            5000.0, 
            1500.0, 
            2200.0, 
            2500.0, 
            900.0, 
            830.0, 
            850.0, 
            725.0, 
            3500.0, 
            1500.0, 
            1600.0, 
            1700.0, 
            1650.0, 
            850.0, 
            1500.0, 
            850.0, 
            1300.0, 
            500.0, 
            1300.0, 
            1300.0, 
            1800.0, 
            1150.0, 
            1400.0, 
            675.0, 
            1100.0, 
            900.0, 
            2400.0, 
            3500.0, 
            1950.0, 
            1400.0, 
            1200.0, 
            855.0, 
            1550.0, 
            700.0, 
            3900.0, 
            725.0, 
            1190.0, 
            1250.0, 
            1200.0, 
            2495.0, 
            540.0, 
            2970.0, 
            5700.0
        ]
    }, 
    "processed_feature_names": [
        "Sq. Mt.", 
        "Floor", 
        "dummy:Area:Chueca-Justicia", 
        "dummy:Area:Recoletos", 
        "dummy:Area:Castellana", 
        "dummy:Area:Almagro", 
        "dummy:Area:Goya", 
        "dummy:Area:Lavapies-Embajadores", 
        "dummy:Area:El Viso", 
        "dummy:Area:Las Tablas", 
        "dummy:Area:Rejas", 
        "dummy:Area:Guindalera", 
        "dummy:Area:San Diego", 
        "dummy:Area:San Isidro", 
        "dummy:Area:Ensanche de Vallecas - La Gavia", 
        "dummy:Area:Valdeacederas", 
        "dummy:Area:Berruguete", 
        "dummy:Area:Casco Historico de Vallecas", 
        "dummy:Area:Jeronimos", 
        "dummy:Area:Ni\u00f1o Jesus", 
        "dummy:Area:Numancia", 
        "dummy:Area:Los Angeles", 
        "dummy:Area:Vista Alegre", 
        "dummy:Area:Mirasierra", 
        "dummy:Area:__Others__"
    ], 
    "regression_performance": {
        "max_error": 1713.9945157306674, 
        "median_error": -84.523592617963, 
        "error_distribution": [
            {
                "count": 36, 
                "bin_max": -776.57606679445621, 
                "bin_id": 0, 
                "bin_min": -1056.0734321667201
            }, 
            {
                "count": 76, 
                "bin_max": -499.84600206944253, 
                "bin_id": 1, 
                "bin_min": -776.57606679445621
            }, 
            {
                "count": 139, 
                "bin_max": -223.11593734442886, 
                "bin_id": 2, 
                "bin_min": -499.84600206944253
            }, 
            {
                "count": 235, 
                "bin_max": 53.614127380584932, 
                "bin_id": 3, 
                "bin_min": -223.11593734442886
            }, 
            {
                "count": 145, 
                "bin_max": 330.34419210559872, 
                "bin_id": 4, 
                "bin_min": 53.614127380584932
            }, 
            {
                "count": 47, 
                "bin_max": 607.07425683061228, 
                "bin_id": 5, 
                "bin_min": 330.34419210559872
            }, 
            {
                "count": 27, 
                "bin_max": 883.80432155562607, 
                "bin_id": 6, 
                "bin_min": 607.07425683061228
            }, 
            {
                "count": 16, 
                "bin_max": 1160.5343862806399, 
                "bin_id": 7, 
                "bin_min": 883.80432155562607
            }, 
            {
                "count": 8, 
                "bin_max": 1437.2644510056534, 
                "bin_id": 8, 
                "bin_min": 1160.5343862806399
            }, 
            {
                "count": 25, 
                "bin_max": 1713.9945157306674, 
                "bin_id": 9, 
                "bin_min": 1437.2644510056534
            }
        ], 
        "min_error": -1053.30613151947, 
        "average_error": -20.44208572786326, 
        "std_error": 529.817484705026, 
        "p75_error": 190.73606414366924, 
        "p90_error": 607.0218705660657, 
        "p25_error": -314.1525233211554
    }
}