{
  "state": "DONE",
  "preSearchDescription": {
    "gridLength": 1,
    "importantParams": []
  },
  "postSearchDescription": {
    "importantParams": []
  },
  "sampleWeightsEnabled": false,
  "modelId": "m1",
  "progress": {
    "top_level_todo": [],
    "stack": [],
    "top_level_done": [
      {
        "name": "Loading train set",
        "time": 40
      },
      {
        "name": "Loading test set",
        "time": 25
      },
      {
        "name": "Collecting statistics",
        "time": 55
      },
      {
        "name": "Preprocessing train set",
        "time": 782
      },
      {
        "name": "Preprocessing test set",
        "time": 84
      },
      {
        "name": "Fitting model",
        "time": 47
      },
      {
        "name": "Saving model",
        "time": 2
      },
      {
        "name": "Scoring model",
        "time": 240
      }
    ]
  },
  "startTime": 1562028843571,
  "endTime": 1562028844851,
  "preprocessingTime": 991,
  "trainingTime": 289
}