{
    "per_feature": {
        "Outer": {
            "stats": {
                "std": 0.3657727925002573, 
                "p99": 1.0, 
                "min": 0.0, 
                "max": 1.0, 
                "average": 0.8410714285714286, 
                "median": 1.0
            }, 
            "missing_impute_with_value": 0.8410714285714286
        }, 
        "Floor": {
            "stats": {
                "std": 2.969997642279998, 
                "p99": 14.0, 
                "min": -0.5, 
                "max": 29.0, 
                "average": 3.5357142857142856, 
                "median": 3.0
            }, 
            "missing_impute_with_value": 3.5357142857142856
        }, 
        "Area_Nueva Espana": {
            "stats": {
                "std": 0.15345035887490277, 
                "p99": 1.0, 
                "min": 0.0, 
                "max": 1.0, 
                "average": 0.024107142857142858, 
                "median": 0.0
            }, 
            "missing_impute_with_value": 0.024107142857142858
        }, 
        "Area_Trafalgar": {
            "stats": {
                "std": 0.11871906660339661, 
                "p99": 1.0, 
                "min": 0.0, 
                "max": 1.0, 
                "average": 0.014285714285714285, 
                "median": 0.0
            }, 
            "missing_impute_with_value": 0.014285714285714285
        }, 
        "col_0": {
            "stats": {}
        }, 
        "Area_Conde Orgaz-Piovera": {
            "stats": {
                "std": 0.07884470772129744, 
                "p99": 0.0, 
                "min": 0.0, 
                "max": 1.0, 
                "average": 0.00625, 
                "median": 0.0
            }, 
            "missing_impute_with_value": 0.00625
        }, 
        "Area_Cuatro Caminos": {
            "stats": {
                "std": 0.15345035887490038, 
                "p99": 1.0, 
                "min": 0.0, 
                "max": 1.0, 
                "average": 0.024107142857142858, 
                "median": 0.0
            }, 
            "missing_impute_with_value": 0.024107142857142858
        }, 
        "Area_Vallehermoso": {
            "stats": {
                "std": 0.11115206275419662, 
                "p99": 1.0, 
                "min": 0.0, 
                "max": 1.0, 
                "average": 0.0125, 
                "median": 0.0
            }, 
            "missing_impute_with_value": 0.0125
        }, 
        "Area_Ibiza": {
            "stats": {
                "std": 0.12919520796754286, 
                "p99": 1.0, 
                "min": 0.0, 
                "max": 1.0, 
                "average": 0.016964285714285713, 
                "median": 0.0
            }, 
            "missing_impute_with_value": 0.016964285714285713
        }, 
        "Area_Huertas-Cortes": {
            "stats": {
                "std": 0.12580647537189624, 
                "p99": 1.0, 
                "min": 0.0, 
                "max": 1.0, 
                "average": 0.01607142857142857, 
                "median": 0.0
            }, 
            "missing_impute_with_value": 0.01607142857142857
        }, 
        "Area_Palacio": {
            "stats": {
                "std": 0.14779270886987717, 
                "p99": 1.0, 
                "min": 0.0, 
                "max": 1.0, 
                "average": 0.022321428571428572, 
                "median": 0.0
            }, 
            "missing_impute_with_value": 0.022321428571428572
        }, 
        "Area_Chueca-Justicia": {
            "stats": {
                "std": 0.21618825399245467, 
                "p99": 1.0, 
                "min": 0.0, 
                "max": 1.0, 
                "average": 0.049107142857142856, 
                "median": 0.0
            }, 
            "missing_impute_with_value": 0.049107142857142856
        }, 
        "Area_Ni\u00f1o Jesus": {
            "stats": {
                "std": 0.0730288002662397, 
                "p99": 0.0, 
                "min": 0.0, 
                "max": 1.0, 
                "average": 0.005357142857142857, 
                "median": 0.0
            }, 
            "missing_impute_with_value": 0.005357142857142857
        }, 
        "Area_Jeronimos": {
            "stats": {
                "std": 0.07884470772129747, 
                "p99": 0.0, 
                "min": 0.0, 
                "max": 1.0, 
                "average": 0.00625, 
                "median": 0.0
            }, 
            "missing_impute_with_value": 0.00625
        }, 
        "Cottage": {
            "stats": {}
        }, 
        "Area_Sol": {
            "stats": {
                "std": 0.12580647537189626, 
                "p99": 1.0, 
                "min": 0.0, 
                "max": 1.0, 
                "average": 0.01607142857142857, 
                "median": 0.0
            }, 
            "missing_impute_with_value": 0.01607142857142857
        }, 
        "Area_Castellana": {
            "stats": {
                "std": 0.18787915407296252, 
                "p99": 1.0, 
                "min": 0.0, 
                "max": 1.0, 
                "average": 0.03660714285714286, 
                "median": 0.0
            }, 
            "missing_impute_with_value": 0.03660714285714286
        }, 
        "Sq. Mt.": {
            "stats": {
                "std": 79.31157884170081, 
                "p99": 436.1999999999989, 
                "min": 15.0, 
                "max": 557.0, 
                "average": 113.07678571428572, 
                "median": 90.0
            }, 
            "missing_impute_with_value": 113.07678571428572
        }, 
        "Area_Malasana-Universidad": {
            "stats": {
                "std": 0.1388316406122274, 
                "p99": 1.0, 
                "min": 0.0, 
                "max": 1.0, 
                "average": 0.019642857142857142, 
                "median": 0.0
            }, 
            "missing_impute_with_value": 0.019642857142857142
        }, 
        "Area_Lista": {
            "stats": {
                "std": 0.11871906660339712, 
                "p99": 1.0, 
                "min": 0.0, 
                "max": 1.0, 
                "average": 0.014285714285714285, 
                "median": 0.0
            }, 
            "missing_impute_with_value": 0.014285714285714285
        }, 
        "Penthouse": {
            "stats": {
                "std": 0.28783918762362604, 
                "p99": 1.0, 
                "min": 0.0, 
                "max": 1.0, 
                "average": 0.09107142857142857, 
                "median": 0.0
            }, 
            "missing_impute_with_value": 0.09107142857142857
        }, 
        "Area_Goya": {
            "stats": {
                "std": 0.17164466783271812, 
                "p99": 1.0, 
                "min": 0.0, 
                "max": 1.0, 
                "average": 0.030357142857142857, 
                "median": 0.0
            }, 
            "missing_impute_with_value": 0.030357142857142857
        }, 
        "Area_El Viso": {
            "stats": {
                "std": 0.1357014346149987, 
                "p99": 1.0, 
                "min": 0.0, 
                "max": 1.0, 
                "average": 0.01875, 
                "median": 0.0
            }, 
            "missing_impute_with_value": 0.01875
        }, 
        "Area_Recoletos": {
            "stats": {
                "std": 0.21242033524472592, 
                "p99": 1.0, 
                "min": 0.0, 
                "max": 1.0, 
                "average": 0.04732142857142857, 
                "median": 0.0
            }, 
            "missing_impute_with_value": 0.04732142857142857
        }, 
        "Area_Arguelles": {
            "stats": {
                "std": 0.16917948063504426, 
                "p99": 1.0, 
                "min": 0.0, 
                "max": 1.0, 
                "average": 0.029464285714285714, 
                "median": 0.0
            }, 
            "missing_impute_with_value": 0.029464285714285714
        }, 
        "Area_Almagro": {
            "stats": {
                "std": 0.1834091912742916, 
                "p99": 1.0, 
                "min": 0.0, 
                "max": 1.0, 
                "average": 0.03482142857142857, 
                "median": 0.0
            }, 
            "missing_impute_with_value": 0.03482142857142857
        }, 
        "Rent": {
            "stats": {}
        }, 
        "Area_Lavapies-Embajadores": {
            "stats": {
                "std": 0.14779270886987725, 
                "p99": 1.0, 
                "min": 0.0, 
                "max": 1.0, 
                "average": 0.022321428571428572, 
                "median": 0.0
            }, 
            "missing_impute_with_value": 0.022321428571428572
        }
    }, 
    "feature_order": [
        "Outer", 
        "Floor", 
        "Area_Nueva Espana", 
        "Area_Trafalgar", 
        "col_0", 
        "Area_Conde Orgaz-Piovera", 
        "Area_Cuatro Caminos", 
        "Area_Vallehermoso", 
        "Area_Ibiza", 
        "Area_Huertas-Cortes", 
        "Area_Palacio", 
        "Area_Chueca-Justicia", 
        "Area_Sol", 
        "Area_Ni\u00f1o Jesus", 
        "Area_Jeronimos", 
        "Cottage", 
        "Area_Castellana", 
        "Sq. Mt.", 
        "Area_Malasana-Universidad", 
        "Area_Lista", 
        "Penthouse", 
        "Area_Goya", 
        "Area_El Viso", 
        "Area_Recoletos", 
        "Area_Arguelles", 
        "Area_Almagro", 
        "Rent", 
        "Area_Lavapies-Embajadores"
    ]
}