{
  "type": "UploadedFiles",
  "managed": false,
  "formatType": "excel",
  "checklists": {
    "checklists": []
  },
  "customMeta": {
    "kv": {}
  },
  "flowOptions": {
    "virtualizable": false,
    "rebuildBehavior": "NORMAL",
    "crossProjectBuildBehavior": "DEFAULT"
  },
  "readWriteOptions": {
    "preserveOrder": false,
    "writeBuckets": 1,
    "forceSingleOutputFile": false,
    "defaultReadOrdering": {
      "enabled": false,
      "rules": []
    }
  },
  "formatParams": {
    "xlsx": true,
    "preserveNumberFormatting": false,
    "parseDatesToISO": false,
    "skipRowsBeforeHeader": 0,
    "parseHeaderRow": true,
    "skipRowsAfterHeader": 0,
    "sheets": "*Sheet1"
  },
  "partitioning": {
    "ignoreNonMatchingFile": false,
    "considerMissingRequestedPartitionsAsEmpty": false,
    "dimensions": []
  },
  "versionTag": {
    "versionNumber": 1,
    "lastModifiedBy": {
      "login": "admin"
    },
    "lastModifiedOn": 1562032943526
  },
  "creationTag": {
    "versionNumber": 0,
    "lastModifiedBy": {
      "login": "admin"
    },
    "lastModifiedOn": 1562032943466
  },
  "tags": [],
  "params": {
    "uploadConnection": "Default (in DSS data dir.)",
    "notReadyIfEmpty": false,
    "filesSelectionRules": {
      "mode": "ALL",
      "excludeRules": [],
      "includeRules": [],
      "explicitFiles": []
    }
  },
  "schema": {
    "columns": [
      {
        "name": "col_0",
        "type": "string"
      },
      {
        "name": "Rent",
        "type": "string"
      },
      {
        "name": "Sq. Mt.",
        "type": "string"
      },
      {
        "name": "Floor",
        "type": "string"
      },
      {
        "name": "Outer",
        "type": "string"
      },
      {
        "name": "Penthouse",
        "type": "string"
      },
      {
        "name": "Cottage",
        "type": "string"
      },
      {
        "name": "Area_Almagro",
        "type": "string"
      },
      {
        "name": "Area_Arguelles",
        "type": "string"
      },
      {
        "name": "Area_Castellana",
        "type": "string"
      },
      {
        "name": "Area_Chueca-Justicia",
        "type": "string"
      },
      {
        "name": "Area_Conde Orgaz-Piovera",
        "type": "string"
      },
      {
        "name": "Area_Cuatro Caminos",
        "type": "string"
      },
      {
        "name": "Area_El Viso",
        "type": "string"
      },
      {
        "name": "Area_Goya",
        "type": "string"
      },
      {
        "name": "Area_Huertas-Cortes",
        "type": "string"
      },
      {
        "name": "Area_Ibiza",
        "type": "string"
      },
      {
        "name": "Area_Jeronimos",
        "type": "string"
      },
      {
        "name": "Area_Lavapies-Embajadores",
        "type": "string"
      },
      {
        "name": "Area_Lista",
        "type": "string"
      },
      {
        "name": "Area_Malasana-Universidad",
        "type": "string"
      },
      {
        "name": "Area_Niño Jesus",
        "type": "string"
      },
      {
        "name": "Area_Nueva Espana",
        "type": "string"
      },
      {
        "name": "Area_Palacio",
        "type": "string"
      },
      {
        "name": "Area_Recoletos",
        "type": "string"
      },
      {
        "name": "Area_Sol",
        "type": "string"
      },
      {
        "name": "Area_Trafalgar",
        "type": "string"
      },
      {
        "name": "Area_Vallehermoso",
        "type": "string"
      }
    ],
    "userModified": true
  },
  "metrics": {
    "probes": [
      {
        "type": "basic",
        "enabled": true,
        "computeOnBuildMode": "PARTITION",
        "meta": {
          "name": "Basic data",
          "level": 0
        },
        "configuration": {}
      },
      {
        "type": "records",
        "enabled": true,
        "computeOnBuildMode": "NO",
        "meta": {
          "name": "Record count",
          "level": 0
        },
        "configuration": {}
      }
    ],
    "engineConfig": {
      "padRunsWithMetrics": false,
      "hive": {
        "active": true,
        "extraConf": []
      },
      "basic": {},
      "dss": {
        "active": true,
        "selection": {
          "useMemTable": false,
          "filter": {
            "distinct": false,
            "enabled": false
          },
          "partitionSelectionMethod": "ALL",
          "latestPartitionsN": 1,
          "ordering": {
            "enabled": false,
            "rules": []
          },
          "samplingMethod": "FULL",
          "maxRecords": -1,
          "targetRatio": 0.02,
          "withinFirstN": -1,
          "maxReadUncompressedBytes": -1
        }
      },
      "sql": {
        "active": true
      },
      "impala": {
        "active": true
      },
      "python": {}
    },
    "displayedState": {
      "columns": [],
      "metrics": [
        "basic:COUNT_COLUMNS",
        "basic:COUNT_FILES",
        "basic:SIZE",
        "records:COUNT_RECORDS"
      ]
    }
  },
  "metricsChecks": {
    "runOnBuild": false,
    "checks": [],
    "displayedState": {
      "checks": []
    }
  }
}