{
  "state": "DONE",
  "preSearchDescription": {
    "gridLength": 1,
    "importantParams": []
  },
  "postSearchDescription": {
    "importantParams": []
  },
  "sampleWeightsEnabled": false,
  "modelId": "m1",
  "progress": {
    "top_level_todo": [],
    "stack": [],
    "top_level_done": [
      {
        "name": "Loading train set",
        "time": 28
      },
      {
        "name": "Loading test set",
        "time": 37
      },
      {
        "name": "Collecting statistics",
        "time": 58
      },
      {
        "name": "Preprocessing train set",
        "time": 64
      },
      {
        "name": "Preprocessing test set",
        "time": 45
      },
      {
        "name": "Fitting model",
        "time": 89
      },
      {
        "name": "Saving model",
        "time": 2
      },
      {
        "name": "Scoring model",
        "time": 161
      }
    ]
  },
  "startTime": 1562034601342,
  "endTime": 1562034601832,
  "preprocessingTime": 237,
  "trainingTime": 253
}