{
    "rawImportance": {
        "variables": [
            "Floor", 
            "Sq. Mt.", 
            "dummy:Area:Chueca-Justicia", 
            "dummy:Area:Recoletos", 
            "dummy:Area:Almagro", 
            "dummy:Area:Castellana", 
            "dummy:Area:Goya", 
            "dummy:Area:Arguelles", 
            "dummy:Area:Cuatro Caminos", 
            "dummy:Area:Nueva Espana", 
            "dummy:Area:Bernabeu-Hispanoamerica", 
            "dummy:Area:Palacio", 
            "dummy:Area:Lavapies-Embajadores", 
            "dummy:Area:Malasana-Universidad", 
            "dummy:Area:Nuevos Ministerios-Rios Rosas", 
            "dummy:Area:El Viso", 
            "dummy:Area:Cuzco-Castillejos", 
            "dummy:Area:Arapiles", 
            "dummy:Area:Sol", 
            "dummy:Area:Las Tablas", 
            "dummy:Area:Ibiza", 
            "dummy:Area:Lista", 
            "dummy:Area:Huertas-Cortes", 
            "dummy:Area:Trafalgar", 
            "dummy:Area:Castilla", 
            "dummy:Area:Vallehermoso", 
            "dummy:Area:Ciudad Jardin", 
            "dummy:Area:Aravaca", 
            "dummy:Area:San Diego", 
            "dummy:Area:Valdemarin", 
            "dummy:Area:San Isidro", 
            "dummy:Area:Valdeacederas", 
            "dummy:Area:Valdezarza", 
            "dummy:Area:Ciudad Universitaria", 
            "dummy:Area:Conde Orgaz-Piovera", 
            "dummy:Area:Jeronimos", 
            "dummy:Area:Delicias", 
            "dummy:Area:La Paz", 
            "dummy:Area:Numancia", 
            "dummy:Area:Simancas", 
            "dummy:Area:Ni\u00f1o Jesus", 
            "dummy:Area:Ventilla-Almenara", 
            "dummy:Area:Media Legua"
        ], 
        "importances": [
            0.037523360937180318, 
            0.87605392218311839, 
            0.002937570073942364, 
            0.0455988759500046, 
            0.0083205880663009164, 
            0.0081863692550665761, 
            0.0069625061305027512, 
            0.0019492839730591038, 
            7.4027273825266174e-05, 
            0.00072779424822234397, 
            0.00077509888069092004, 
            0.00072943813442082788, 
            0.00044985938344761821, 
            0.00062774241801101787, 
            3.8350080753474061e-05, 
            0.0013208042743995713, 
            6.6578161108861588e-05, 
            4.8994603887914499e-06, 
            0.00026625974136772028, 
            3.8526590531370023e-05, 
            0.00065396949373481899, 
            0.00015772033766746918, 
            0.00090645477574860165, 
            0.00072121997946698532, 
            9.1958203877664391e-06, 
            0.0012360049384803411, 
            0.00023522387187251319, 
            4.6467470114970851e-05, 
            7.9237433834809765e-05, 
            3.1244133542606567e-05, 
            1.1110354929534799e-05, 
            5.797055135528268e-05, 
            3.4668219225131755e-05, 
            3.5565364298816234e-05, 
            0.00069468690779927523, 
            0.0019178554079086318, 
            0.00010167945888017609, 
            0.00015278312644797785, 
            9.6264888798335516e-06, 
            4.1627765452985428e-06, 
            0.0001575575918048824, 
            1.0358500919685022e-05, 
            8.3381779812341498e-05
        ]
    }, 
    "modelInputNRows": 1315, 
    "partialDependencies": [
        {
            "featureBins": [
                -0.50000003643027124, 
                7.9930528418259428e-08, 
                0.4999998433244901, 
                0.99999995968528976, 
                2.0000000159234701, 
                2.9999999839199409, 
                3.9999999960372667, 
                5.0000000081545926, 
                6.0000000643927729, 
                6.9999999441475342, 
                7.9999998239022956, 
                9.0000000566238949, 
                10.000000289345493, 
                10.999999816133418, 
                12.000000048855018, 
                13.000000281576618, 
                13.999999808364539, 
                15.000000041086139, 
                15.999999567874063, 
                16.999999800595663, 
                20.00000049876046, 
                22.999999785057906, 
                25.000000250501106, 
                28.000000948665907, 
                29.000001181387503
            ], 
            "data": [
                [
                    -34.438404245766606, 
                    -34.438404245766606, 
                    -26.58753701251976, 
                    -21.60665927380569, 
                    -22.390504167123026, 
                    -49.912347497543806, 
                    -22.942129208016013, 
                    9.23584157504547, 
                    54.34674310052901, 
                    126.87358620276837, 
                    121.41789257882033, 
                    106.0768493338619, 
                    114.56957362860658, 
                    169.23148004574227, 
                    178.85598503465826, 
                    237.21645780769222, 
                    258.2731644498276, 
                    445.6235735207015, 
                    494.16945484341977, 
                    512.3801123326612, 
                    532.8715967581443, 
                    532.8715967581443, 
                    532.8715967581443, 
                    532.8715967581443, 
                    532.8715967581443
                ]
            ], 
            "feature": "Floor"
        }, 
        {
            "featureBins": [
                41.999999896310271, 
                44.404040270955534, 
                46.808080645600796, 
                49.212121020246073, 
                51.616161394891328, 
                54.020201769536591, 
                56.424242144181861, 
                58.828282518827123, 
                61.232322893472386, 
                63.636363268117648, 
                66.040403642762911, 
                68.444444017408188, 
                70.84848439205345, 
                73.252524766698713, 
                75.656565141343975, 
                78.060605515989238, 
                80.4646458906345, 
                82.868686265279763, 
                85.272726639925025, 
                87.676767014570302, 
                90.080807389215565, 
                92.484847763860827, 
                94.888888138506104, 
                97.292928513151367, 
                99.696968887796615, 
                102.10100926244188, 
                104.50504963708714, 
                106.90909001173242, 
                109.31313038637768, 
                111.71717076102294, 
                114.12121113566822, 
                116.52525151031348, 
                118.92929188495874, 
                121.33333225960399, 
                123.73737263424925, 
                126.14141300889453, 
                128.54545338353978, 
                130.94949375818507, 
                133.35353413283033, 
                135.7575745074756, 
                138.16161488212086, 
                140.56565525676612, 
                142.96969563141138, 
                145.37373600605665, 
                147.77777638070194, 
                150.1818167553472, 
                152.58585712999246, 
                154.98989750463772, 
                157.39393787928299, 
                159.79797825392825, 
                162.20201862857351, 
                164.60605900321877, 
                167.01009937786401, 
                169.4141397525093, 
                171.81818012715456, 
                174.22222050179982, 
                176.62626087644509, 
                179.03030125109035, 
                181.43434162573561, 
                183.83838200038088, 
                186.24242237502614, 
                188.6464627496714, 
                191.05050312431666, 
                193.45454349896193, 
                195.85858387360719, 
                198.26262424825245, 
                200.66666462289771, 
                203.07070499754298, 
                205.47474537218824, 
                207.87878574683353, 
                210.28282612147879, 
                212.68686649612405, 
                215.09090687076929, 
                217.49494724541461, 
                219.89898762005987, 
                222.30302799470513, 
                224.7070683693504, 
                227.11110874399566, 
                229.51514911864092, 
                231.91918949328618, 
                234.32322986793145, 
                236.72727024257671, 
                239.13131061722197, 
                241.53535099186723, 
                243.9393913665125, 
                246.34343174115776, 
                248.74747211580302, 
                251.15151249044828, 
                253.55555286509355, 
                255.95959323973881, 
                258.36363361438407, 
                260.76767398902933, 
                263.1717143636746, 
                265.57575473831986, 
                267.97979511296512, 
                270.38383548761038, 
                272.78787586225565, 
                275.19191623690091, 
                277.59595661154617, 
                279.99999698619143
            ], 
            "data": [
                [
                    -879.4762771720673, 
                    -877.402522557809, 
                    -855.414375411777, 
                    -852.2606097518938, 
                    -813.8430026233056, 
                    -791.5875235582378, 
                    -762.6926656824558, 
                    -773.3793581998079, 
                    -725.3210528410855, 
                    -708.2379124374775, 
                    -701.6233138680154, 
                    -699.4404961831965, 
                    -583.3538623088393, 
                    -573.2069029468098, 
                    -566.096900725551, 
                    -540.2586353816898, 
                    -508.81825762388894, 
                    -509.2573541034758, 
                    -492.2532223799094, 
                    -382.4654699138937, 
                    -352.4712167063726, 
                    -356.7198235936446, 
                    -352.4282993275747, 
                    -356.15069219372754, 
                    -350.3412652553568, 
                    -280.76722402908376, 
                    -185.05683244705983, 
                    -182.58447947039076, 
                    -186.87101689919677, 
                    138.03667806189537, 
                    145.26365961831675, 
                    129.94108416604968, 
                    261.8079326192842, 
                    273.8832180606323, 
                    272.87896398137855, 
                    271.1077933439665, 
                    281.68539875216266, 
                    299.04449335394656, 
                    309.47705042827783, 
                    309.77587855327783, 
                    306.80802544512426, 
                    313.2640278432373, 
                    310.7699329318384, 
                    319.5031601347291, 
                    315.0229328530995, 
                    341.42201369859094, 
                    358.7615789181159, 
                    503.39189144285865, 
                    556.8334849510206, 
                    573.9753562345868, 
                    594.5054176029457, 
                    736.8514860519626, 
                    715.0170793358197, 
                    725.3718463182058, 
                    702.0458158677247, 
                    694.5491451280868, 
                    694.5733668051826, 
                    700.7340698258845, 
                    698.947753157478, 
                    735.5674394910411, 
                    734.4887906628578, 
                    1062.224996474115, 
                    963.2468372081503, 
                    916.0870152207581, 
                    873.4860060341239, 
                    967.3126070943813, 
                    1150.132373544036, 
                    1148.020804600375, 
                    1145.9104416679816, 
                    1452.8044155153475, 
                    1385.6130977662338, 
                    1343.4061397065434, 
                    1345.865056439341, 
                    1411.3457761924064, 
                    1459.643498343558, 
                    1460.755442590717, 
                    1509.2093826632358, 
                    1526.1589120820436, 
                    1572.5019824656265, 
                    1585.3648492206485, 
                    1628.4704581221804, 
                    1605.7123447415215, 
                    1609.0940083671676, 
                    1555.2290301313192, 
                    1553.2453566619315, 
                    1439.3387264921894, 
                    1370.1725198185063, 
                    1370.1725198185063, 
                    1278.085721697847, 
                    2327.4325308906873, 
                    2414.1700654193546, 
                    2199.2646087178314, 
                    2122.1093627336472, 
                    2336.877160158446, 
                    2280.68679451565, 
                    2206.542955993793, 
                    2182.9523124694188, 
                    2203.1045673811736, 
                    2483.8156099315265, 
                    2483.8156099315265
                ]
            ], 
            "feature": "Sq. Mt."
        }, 
        {
            "featureBins": [
                1.0
            ], 
            "data": [
                [
                    1.7055900338646097
                ]
            ], 
            "feature": "num_flagonly:Penthouse:not_missing"
        }, 
        {
            "featureBins": [
                1.0
            ], 
            "data": [
                [
                    1.7055900338646097
                ]
            ], 
            "feature": "num_flagonly:Outer:not_missing"
        }, 
        {
            "featureBins": [
                1.0
            ], 
            "data": [
                [
                    1.7055900338646097
                ]
            ], 
            "feature": "num_flagonly:Cottage:not_missing"
        }, 
        {
            "featureBins": [
                0.0, 
                1.0
            ], 
            "data": [
                [
                    -6.749266148849529, 
                    140.27851801960355
                ]
            ], 
            "feature": "dummy:Area:Chueca-Justicia"
        }, 
        {
            "featureBins": [
                0.0, 
                1.0
            ], 
            "data": [
                [
                    -45.81593109596224, 
                    791.1253334930857
                ]
            ], 
            "feature": "dummy:Area:Recoletos"
        }, 
        {
            "featureBins": [
                0.0, 
                1.0
            ], 
            "data": [
                [
                    -12.477780599020889, 
                    386.5174625245181
                ]
            ], 
            "feature": "dummy:Area:Almagro"
        }, 
        {
            "featureBins": [
                0.0, 
                1.0
            ], 
            "data": [
                [
                    -11.886664517651525, 
                    171.35537360863077
                ]
            ], 
            "feature": "dummy:Area:Castellana"
        }, 
        {
            "featureBins": [
                0.0, 
                1.0
            ], 
            "data": [
                [
                    -10.61122977237801, 
                    218.63320391607954
                ]
            ], 
            "feature": "dummy:Area:Goya"
        }, 
        {
            "featureBins": [
                0.0, 
                1.0
            ], 
            "data": [
                [
                    -1.9309126726993782, 
                    86.03347381673234
                ]
            ], 
            "feature": "dummy:Area:Arguelles"
        }, 
        {
            "featureBins": [
                0.0, 
                1.0
            ], 
            "data": [
                [
                    1.626724856825831, 
                    3.3252963267589166
                ]
            ], 
            "feature": "dummy:Area:Cuatro Caminos"
        }, 
        {
            "featureBins": [
                0.0, 
                1.0
            ], 
            "data": [
                [
                    0.23576450464406662, 
                    40.483752554484
                ]
            ], 
            "feature": "dummy:Area:Nueva Espana"
        }, 
        {
            "featureBins": [
                0.0, 
                1.0
            ], 
            "data": [
                [
                    0.34144080361670603, 
                    25.075409791711763
                ]
            ], 
            "feature": "dummy:Area:Bernabeu-Hispanoamerica"
        }, 
        {
            "featureBins": [
                0.0, 
                1.0
            ], 
            "data": [
                [
                    0.343435760454895, 
                    41.570435640363485
                ]
            ], 
            "feature": "dummy:Area:Palacio"
        }, 
        {
            "featureBins": [
                0.0, 
                1.0
            ], 
            "data": [
                [
                    0.6620675391429813, 
                    32.8161602893058
                ]
            ], 
            "feature": "dummy:Area:Lavapies-Embajadores"
        }, 
        {
            "featureBins": [
                0.0, 
                1.0
            ], 
            "data": [
                [
                    0.46557067442540756, 
                    49.58421896251548
                ]
            ], 
            "feature": "dummy:Area:Malasana-Universidad"
        }, 
        {
            "featureBins": [
                0.0, 
                1.0
            ], 
            "data": [
                [
                    1.6313113083433564, 
                    4.1811385250482545
                ]
            ], 
            "feature": "dummy:Area:Nuevos Ministerios-Rios Rosas"
        }, 
        {
            "featureBins": [
                0.0, 
                1.0
            ], 
            "data": [
                [
                    -0.38387302566911785, 
                    82.35832112151002
                ]
            ], 
            "feature": "dummy:Area:El Viso"
        }, 
        {
            "featureBins": [
                0.0, 
                1.0
            ], 
            "data": [
                [
                    1.6472130233316875, 
                    2.8234317281635413
                ]
            ], 
            "feature": "dummy:Area:Cuzco-Castillejos"
        }, 
        {
            "featureBins": [
                0.0, 
                1.0
            ], 
            "data": [
                [
                    1.6662345520069266, 
                    2.3760359905452333
                ]
            ], 
            "feature": "dummy:Area:Arapiles"
        }, 
        {
            "featureBins": [
                0.0, 
                1.0
            ], 
            "data": [
                [
                    0.9996531967879037, 
                    23.24654118296121
                ]
            ], 
            "feature": "dummy:Area:Sol"
        }, 
        {
            "featureBins": [
                0.0, 
                1.0
            ], 
            "data": [
                [
                    1.7055900338646097, 
                    1.7055900338646097
                ]
            ], 
            "feature": "dummy:Area:Sanchinarro"
        }, 
        {
            "featureBins": [
                0.0, 
                1.0
            ], 
            "data": [
                [
                    1.7575070545799463, 
                    0.23194053764859746
                ]
            ], 
            "feature": "dummy:Area:Las Tablas"
        }, 
        {
            "featureBins": [
                0.0, 
                1.0
            ], 
            "data": [
                [
                    0.7062841959677826, 
                    15.070285062907715
                ]
            ], 
            "feature": "dummy:Area:Ibiza"
        }, 
        {
            "featureBins": [
                0.0, 
                1.0
            ], 
            "data": [
                [
                    1.4278037392969054, 
                    9.135644638436816
                ]
            ], 
            "feature": "dummy:Area:Lista"
        }, 
        {
            "featureBins": [
                0.0, 
                1.0
            ], 
            "data": [
                [
                    0.38954969192627686, 
                    46.26359367966347
                ]
            ], 
            "feature": "dummy:Area:Huertas-Cortes"
        }, 
        {
            "featureBins": [
                0.0, 
                1.0
            ], 
            "data": [
                [
                    0.6230113980770966, 
                    58.138834778163755
                ]
            ], 
            "feature": "dummy:Area:Trafalgar"
        }, 
        {
            "featureBins": [
                0.0, 
                1.0
            ], 
            "data": [
                [
                    1.7055900338646097, 
                    1.7055900338646097
                ]
            ], 
            "feature": "dummy:Area:Prosperidad"
        }, 
        {
            "featureBins": [
                0.0, 
                1.0
            ], 
            "data": [
                [
                    1.7282029717703153, 
                    1.1176536483162636
                ]
            ], 
            "feature": "dummy:Area:Castilla"
        }, 
        {
            "featureBins": [
                0.0, 
                1.0
            ], 
            "data": [
                [
                    1.7055900338646097, 
                    1.7055900338646097
                ]
            ], 
            "feature": "dummy:Area:Barajas"
        }, 
        {
            "featureBins": [
                0.0, 
                1.0
            ], 
            "data": [
                [
                    1.7055900338646097, 
                    1.7055900338646097
                ]
            ], 
            "feature": "dummy:Area:Rejas"
        }, 
        {
            "featureBins": [
                0.0, 
                1.0
            ], 
            "data": [
                [
                    0.03475943043395091, 
                    60.02088843229376
                ]
            ], 
            "feature": "dummy:Area:Vallehermoso"
        }, 
        {
            "featureBins": [
                0.0, 
                1.0
            ], 
            "data": [
                [
                    1.3337647553000807, 
                    19.84109199329214
                ]
            ], 
            "feature": "dummy:Area:Ciudad Jardin"
        }, 
        {
            "featureBins": [
                0.0, 
                1.0
            ], 
            "data": [
                [
                    1.6211202582392161, 
                    3.8700460978436695
                ]
            ], 
            "feature": "dummy:Area:Aravaca"
        }, 
        {
            "featureBins": [
                0.0, 
                1.0
            ], 
            "data": [
                [
                    1.7055900338646097, 
                    1.7055900338646097
                ]
            ], 
            "feature": "dummy:Area:San Juan Bautista"
        }, 
        {
            "featureBins": [
                0.0, 
                1.0
            ], 
            "data": [
                [
                    2.1377141564908015, 
                    -4.369068859987237
                ]
            ], 
            "feature": "dummy:Area:San Diego"
        }, 
        {
            "featureBins": [
                0.0, 
                1.0
            ], 
            "data": [
                [
                    1.7055900338646097, 
                    1.7055900338646097
                ]
            ], 
            "feature": "dummy:Area:Gaztambide"
        }, 
        {
            "featureBins": [
                0.0, 
                1.0
            ], 
            "data": [
                [
                    1.7055900338646097, 
                    1.7055900338646097
                ]
            ], 
            "feature": "dummy:Area:Guindalera"
        }, 
        {
            "featureBins": [
                0.0, 
                1.0
            ], 
            "data": [
                [
                    1.728642012662931, 
                    1.5300768331430845
                ]
            ], 
            "feature": "dummy:Area:Valdemarin"
        }, 
        {
            "featureBins": [
                0.0, 
                1.0
            ], 
            "data": [
                [
                    1.7657587938006145, 
                    0.33801603739789243
                ]
            ], 
            "feature": "dummy:Area:San Isidro"
        }, 
        {
            "featureBins": [
                0.0, 
                1.0
            ], 
            "data": [
                [
                    1.6267792663879845, 
                    6.332627896667191
                ]
            ], 
            "feature": "dummy:Area:Valdeacederas"
        }, 
        {
            "featureBins": [
                0.0, 
                1.0
            ], 
            "data": [
                [
                    1.7055900338646097, 
                    1.7055900338646097
                ]
            ], 
            "feature": "dummy:Area:Acacias"
        }, 
        {
            "featureBins": [
                0.0, 
                1.0
            ], 
            "data": [
                [
                    1.7055900338646097, 
                    1.7055900338646097
                ]
            ], 
            "feature": "dummy:Area:Ensanche de Vallecas - La Gavia"
        }, 
        {
            "featureBins": [
                0.0, 
                1.0
            ], 
            "data": [
                [
                    1.688180147275716, 
                    2.093313486316447
                ]
            ], 
            "feature": "dummy:Area:Valdezarza"
        }, 
        {
            "featureBins": [
                0.0, 
                1.0
            ], 
            "data": [
                [
                    1.7055900338646097, 
                    1.7055900338646097
                ]
            ], 
            "feature": "dummy:Area:Montecarmelo"
        }, 
        {
            "featureBins": [
                0.0, 
                1.0
            ], 
            "data": [
                [
                    1.7055900338646097, 
                    1.7055900338646097
                ]
            ], 
            "feature": "dummy:Area:Concepcion"
        }, 
        {
            "featureBins": [
                0.0, 
                1.0
            ], 
            "data": [
                [
                    1.810183387793586, 
                    0.3513559695084041
                ]
            ], 
            "feature": "dummy:Area:Ciudad Universitaria"
        }, 
        {
            "featureBins": [
                0.0, 
                1.0
            ], 
            "data": [
                [
                    1.7055900338646097, 
                    1.7055900338646097
                ]
            ], 
            "feature": "dummy:Area:Costillares"
        }, 
        {
            "featureBins": [
                0.0, 
                1.0
            ], 
            "data": [
                [
                    1.7055900338646097, 
                    1.7055900338646097
                ]
            ], 
            "feature": "dummy:Area:Bellas Vistas"
        }, 
        {
            "featureBins": [
                0.0, 
                1.0
            ], 
            "data": [
                [
                    1.0647253591434946, 
                    14.848178875520944
                ]
            ], 
            "feature": "dummy:Area:Conde Orgaz-Piovera"
        }, 
        {
            "featureBins": [
                0.0, 
                1.0
            ], 
            "data": [
                [
                    -0.8537234150496715, 
                    89.26422831962259
                ]
            ], 
            "feature": "dummy:Area:Jeronimos"
        }, 
        {
            "featureBins": [
                0.0, 
                1.0
            ], 
            "data": [
                [
                    1.7055900338646097, 
                    1.7055900338646097
                ]
            ], 
            "feature": "dummy:Area:Berruguete"
        }, 
        {
            "featureBins": [
                0.0, 
                1.0
            ], 
            "data": [
                [
                    1.9239148714591465, 
                    -2.5863891254334703
                ]
            ], 
            "feature": "dummy:Area:Delicias"
        }, 
        {
            "featureBins": [
                0.0, 
                1.0
            ], 
            "data": [
                [
                    2.092682921485448, 
                    -2.373826272653787
                ]
            ], 
            "feature": "dummy:Area:La Paz"
        }, 
        {
            "featureBins": [
                0.0, 
                1.0
            ], 
            "data": [
                [
                    1.7361242765182396, 
                    0.5558157983120964
                ]
            ], 
            "feature": "dummy:Area:Numancia"
        }, 
        {
            "featureBins": [
                0.0, 
                1.0
            ], 
            "data": [
                [
                    1.7055900338646097, 
                    1.7055900338646097
                ]
            ], 
            "feature": "dummy:Area:San Pascual"
        }, 
        {
            "featureBins": [
                0.0, 
                1.0
            ], 
            "data": [
                [
                    1.7055900338646097, 
                    1.7055900338646097
                ]
            ], 
            "feature": "dummy:Area:Casco Historico de Vallecas"
        }, 
        {
            "featureBins": [
                0.0, 
                1.0
            ], 
            "data": [
                [
                    1.7055900338646097, 
                    1.7055900338646097
                ]
            ], 
            "feature": "dummy:Area:Valdebebas - Valdefuentes"
        }, 
        {
            "featureBins": [
                0.0, 
                1.0
            ], 
            "data": [
                [
                    1.7239489403834796, 
                    1.200720104595348
                ]
            ], 
            "feature": "dummy:Area:Simancas"
        }, 
        {
            "featureBins": [
                0.0, 
                1.0
            ], 
            "data": [
                [
                    1.7055900338646097, 
                    1.7055900338646097
                ]
            ], 
            "feature": "dummy:Area:Pacifico"
        }, 
        {
            "featureBins": [
                0.0, 
                1.0
            ], 
            "data": [
                [
                    1.7055900338646097, 
                    1.7055900338646097
                ]
            ], 
            "feature": "dummy:Area:Pinar del Rey"
        }, 
        {
            "featureBins": [
                0.0, 
                1.0
            ], 
            "data": [
                [
                    1.4708580820142743, 
                    8.079221274914289
                ]
            ], 
            "feature": "dummy:Area:Ni\u00f1o Jesus"
        }, 
        {
            "featureBins": [
                0.0, 
                1.0
            ], 
            "data": [
                [
                    1.7349061545696713, 
                    1.5004253848824192
                ]
            ], 
            "feature": "dummy:Area:Ventilla-Almenara"
        }, 
        {
            "featureBins": [
                0.0, 
                1.0
            ], 
            "data": [
                [
                    1.7055900338646097, 
                    1.7055900338646097
                ]
            ], 
            "feature": "dummy:Area:Penagrande"
        }, 
        {
            "featureBins": [
                0.0, 
                1.0
            ], 
            "data": [
                [
                    1.7055900338646097, 
                    1.7055900338646097
                ]
            ], 
            "feature": "dummy:Area:Pilar"
        }, 
        {
            "featureBins": [
                0.0, 
                1.0
            ], 
            "data": [
                [
                    1.7055900338646097, 
                    1.7055900338646097
                ]
            ], 
            "feature": "dummy:Area:Vista Alegre"
        }, 
        {
            "featureBins": [
                0.0, 
                1.0
            ], 
            "data": [
                [
                    1.7055900338646097, 
                    1.7055900338646097
                ]
            ], 
            "feature": "dummy:Area:Fuente del Berro"
        }, 
        {
            "featureBins": [
                0.0, 
                1.0
            ], 
            "data": [
                [
                    1.7055900338646097, 
                    1.7055900338646097
                ]
            ], 
            "feature": "dummy:Area:Quintana"
        }, 
        {
            "featureBins": [
                0.0, 
                1.0
            ], 
            "data": [
                [
                    1.7055900338646097, 
                    1.7055900338646097
                ]
            ], 
            "feature": "dummy:Area:Puerta Bonita"
        }, 
        {
            "featureBins": [
                0.0, 
                1.0
            ], 
            "data": [
                [
                    1.7055900338646097, 
                    1.7055900338646097
                ]
            ], 
            "feature": "dummy:Area:Aluche"
        }, 
        {
            "featureBins": [
                0.0, 
                1.0
            ], 
            "data": [
                [
                    1.7055900338646097, 
                    1.7055900338646097
                ]
            ], 
            "feature": "dummy:Area:Campamento"
        }, 
        {
            "featureBins": [
                0.0, 
                1.0
            ], 
            "data": [
                [
                    1.7055900338646097, 
                    1.7055900338646097
                ]
            ], 
            "feature": "dummy:Area:Imperial"
        }, 
        {
            "featureBins": [
                0.0, 
                1.0
            ], 
            "data": [
                [
                    1.7055900338646097, 
                    1.7055900338646097
                ]
            ], 
            "feature": "dummy:Area:Canillas"
        }, 
        {
            "featureBins": [
                0.0, 
                1.0
            ], 
            "data": [
                [
                    1.7055900338646097, 
                    1.7055900338646097
                ]
            ], 
            "feature": "dummy:Area:Ap\u00f3stol Santiago"
        }, 
        {
            "featureBins": [
                0.0, 
                1.0
            ], 
            "data": [
                [
                    1.7055900338646097, 
                    1.7055900338646097
                ]
            ], 
            "feature": "dummy:Area:Legazpi"
        }, 
        {
            "featureBins": [
                0.0, 
                1.0
            ], 
            "data": [
                [
                    1.7055900338646097, 
                    1.7055900338646097
                ]
            ], 
            "feature": "dummy:Area:Puerta del Angel"
        }, 
        {
            "featureBins": [
                0.0, 
                1.0
            ], 
            "data": [
                [
                    1.7055900338646097, 
                    1.7055900338646097
                ]
            ], 
            "feature": "dummy:Area:Pueblo Nuevo"
        }, 
        {
            "featureBins": [
                0.0, 
                1.0
            ], 
            "data": [
                [
                    1.7055900338646097, 
                    1.7055900338646097
                ]
            ], 
            "feature": "dummy:Area:Palomas"
        }, 
        {
            "featureBins": [
                0.0, 
                1.0
            ], 
            "data": [
                [
                    1.7055900338646097, 
                    1.7055900338646097
                ]
            ], 
            "feature": "dummy:Area:Los Angeles"
        }, 
        {
            "featureBins": [
                0.0, 
                1.0
            ], 
            "data": [
                [
                    1.8453837029937858, 
                    -2.4234292056023605
                ]
            ], 
            "feature": "dummy:Area:Media Legua"
        }, 
        {
            "featureBins": [
                0.0, 
                1.0
            ], 
            "data": [
                [
                    1.7055900338646097, 
                    1.7055900338646097
                ]
            ], 
            "feature": "dummy:Area:Salvador"
        }, 
        {
            "featureBins": [
                0.0, 
                1.0
            ], 
            "data": [
                [
                    1.7055900338646097, 
                    1.7055900338646097
                ]
            ], 
            "feature": "dummy:Area:Colina"
        }, 
        {
            "featureBins": [
                0.0, 
                1.0
            ], 
            "data": [
                [
                    1.7055900338646097, 
                    1.7055900338646097
                ]
            ], 
            "feature": "dummy:Area:Tres Olivos - Valverde"
        }, 
        {
            "featureBins": [
                0.0, 
                1.0
            ], 
            "data": [
                [
                    1.7055900338646097, 
                    1.7055900338646097
                ]
            ], 
            "feature": "dummy:Area:Palos de Moguer"
        }, 
        {
            "featureBins": [
                0.0, 
                1.0
            ], 
            "data": [
                [
                    1.7055900338646097, 
                    1.7055900338646097
                ]
            ], 
            "feature": "dummy:Area:Almendrales"
        }, 
        {
            "featureBins": [
                0.0, 
                1.0
            ], 
            "data": [
                [
                    1.7055900338646097, 
                    1.7055900338646097
                ]
            ], 
            "feature": "dummy:Area:Palomeras sureste"
        }, 
        {
            "featureBins": [
                0.0, 
                1.0
            ], 
            "data": [
                [
                    1.7055900338646097, 
                    1.7055900338646097
                ]
            ], 
            "feature": "dummy:Area:Butarque"
        }, 
        {
            "featureBins": [
                0.0, 
                1.0
            ], 
            "data": [
                [
                    1.7055900338646097, 
                    1.7055900338646097
                ]
            ], 
            "feature": "dummy:Area:Abrantes"
        }, 
        {
            "featureBins": [
                0.0, 
                1.0
            ], 
            "data": [
                [
                    1.7055900338646097, 
                    1.7055900338646097
                ]
            ], 
            "feature": "dummy:Area:Comillas"
        }, 
        {
            "featureBins": [
                0.0, 
                1.0
            ], 
            "data": [
                [
                    1.7055900338646097, 
                    1.7055900338646097
                ]
            ], 
            "feature": "dummy:Area:Adelfas"
        }, 
        {
            "featureBins": [
                0.0, 
                1.0
            ], 
            "data": [
                [
                    1.7055900338646097, 
                    1.7055900338646097
                ]
            ], 
            "feature": "dummy:Area:Arroyo del Fresno"
        }, 
        {
            "featureBins": [
                0.0, 
                1.0
            ], 
            "data": [
                [
                    1.7055900338646097, 
                    1.7055900338646097
                ]
            ], 
            "feature": "dummy:Area:Fuentelarreina"
        }, 
        {
            "featureBins": [
                0.0, 
                1.0
            ], 
            "data": [
                [
                    1.7055900338646097, 
                    1.7055900338646097
                ]
            ], 
            "feature": "dummy:Area:Arcos"
        }, 
        {
            "featureBins": [
                0.0, 
                1.0
            ], 
            "data": [
                [
                    1.7055900338646097, 
                    1.7055900338646097
                ]
            ], 
            "feature": "dummy:Area:San Andres"
        }, 
        {
            "featureBins": [
                0.0, 
                1.0
            ], 
            "data": [
                [
                    1.7055900338646097, 
                    1.7055900338646097
                ]
            ], 
            "feature": "dummy:Area:Mirasierra"
        }, 
        {
            "featureBins": [
                0.0, 
                1.0
            ], 
            "data": [
                [
                    1.7055900338646097, 
                    1.7055900338646097
                ]
            ], 
            "feature": "dummy:Area:Atalaya"
        }, 
        {
            "featureBins": [
                0.0, 
                1.0
            ], 
            "data": [
                [
                    1.7055900338646097, 
                    1.7055900338646097
                ]
            ], 
            "feature": "dummy:Area:Valdebernardo - Valderribas"
        }, 
        {
            "featureBins": [
                0.0, 
                1.0
            ], 
            "data": [
                [
                    1.7055900338646097, 
                    1.7055900338646097
                ]
            ], 
            "feature": "dummy:Area:Pau de Carabanchel"
        }, 
        {
            "featureBins": [
                0.0, 
                1.0
            ], 
            "data": [
                [
                    1.7055900338646097, 
                    1.7055900338646097
                ]
            ], 
            "feature": "dummy:Area:Buena Vista"
        }, 
        {
            "featureBins": [
                0.0, 
                1.0
            ], 
            "data": [
                [
                    1.7055900338646097, 
                    1.7055900338646097
                ]
            ], 
            "feature": "dummy:Area:San Fermin"
        }, 
        {
            "featureBins": [
                0.0, 
                1.0
            ], 
            "data": [
                [
                    1.7055900338646097, 
                    1.7055900338646097
                ]
            ], 
            "feature": "dummy:Area:Opanel"
        }, 
        {
            "featureBins": [
                0.0, 
                1.0
            ], 
            "data": [
                [
                    1.7055900338646097, 
                    1.7055900338646097
                ]
            ], 
            "feature": "dummy:Area:Estrella"
        }, 
        {
            "featureBins": [
                0.0, 
                1.0
            ], 
            "data": [
                [
                    1.7055900338646097, 
                    1.7055900338646097
                ]
            ], 
            "feature": "dummy:Area:Rosas"
        }, 
        {
            "featureBins": [
                0.0, 
                1.0
            ], 
            "data": [
                [
                    1.7055900338646097, 
                    1.7055900338646097
                ]
            ], 
            "feature": "dummy:Area:Palomeras Bajas"
        }, 
        {
            "featureBins": [
                0.0, 
                1.0
            ], 
            "data": [
                [
                    1.7055900338646097, 
                    1.7055900338646097
                ]
            ], 
            "feature": "dummy:Area:Zofao"
        }, 
        {
            "featureBins": [
                0.0, 
                1.0
            ], 
            "data": [
                [
                    1.7055900338646097, 
                    1.7055900338646097
                ]
            ], 
            "feature": "dummy:Area:Ventas"
        }, 
        {
            "featureBins": [
                0.0, 
                1.0
            ], 
            "data": [
                [
                    1.7055900338646097, 
                    1.7055900338646097
                ]
            ], 
            "feature": "dummy:Area:Manoteras"
        }, 
        {
            "featureBins": [
                0.0, 
                1.0
            ], 
            "data": [
                [
                    1.7055900338646097, 
                    1.7055900338646097
                ]
            ], 
            "feature": "dummy:Area:Los Carmenes"
        }, 
        {
            "featureBins": [
                0.0, 
                1.0
            ], 
            "data": [
                [
                    1.7055900338646097, 
                    1.7055900338646097
                ]
            ], 
            "feature": "dummy:Area:Lucero"
        }, 
        {
            "featureBins": [
                0.0, 
                1.0
            ], 
            "data": [
                [
                    1.7055900338646097, 
                    1.7055900338646097
                ]
            ], 
            "feature": "dummy:Area:Vinateros"
        }, 
        {
            "featureBins": [
                0.0, 
                1.0
            ], 
            "data": [
                [
                    1.7055900338646097, 
                    1.7055900338646097
                ]
            ], 
            "feature": "dummy:Area:Entrevias"
        }, 
        {
            "featureBins": [
                0.0, 
                1.0
            ], 
            "data": [
                [
                    1.7055900338646097, 
                    1.7055900338646097
                ]
            ], 
            "feature": "dummy:Area:12 de Octubre-Orcasur"
        }, 
        {
            "featureBins": [
                0.0, 
                1.0
            ], 
            "data": [
                [
                    1.7055900338646097, 
                    1.7055900338646097
                ]
            ], 
            "feature": "dummy:Area:Ambroz"
        }, 
        {
            "featureBins": [
                0.0, 
                1.0
            ], 
            "data": [
                [
                    1.7055900338646097, 
                    1.7055900338646097
                ]
            ], 
            "feature": "dummy:Area:Moscardo"
        }, 
        {
            "featureBins": [
                0.0, 
                1.0
            ], 
            "data": [
                [
                    1.7055900338646097, 
                    1.7055900338646097
                ]
            ], 
            "feature": "dummy:Area:Chopera"
        }, 
        {
            "featureBins": [
                0.0, 
                1.0
            ], 
            "data": [
                [
                    1.7055900338646097, 
                    1.7055900338646097
                ]
            ], 
            "feature": "dummy:Area:Gasometro"
        }, 
        {
            "featureBins": [
                0.0, 
                1.0
            ], 
            "data": [
                [
                    1.7055900338646097, 
                    1.7055900338646097
                ]
            ], 
            "feature": "dummy:Area:Plaza de Espana"
        }, 
        {
            "featureBins": [
                0.0, 
                1.0
            ], 
            "data": [
                [
                    1.7055900338646097, 
                    1.7055900338646097
                ]
            ], 
            "feature": "dummy:Area:Escalinata"
        }, 
        {
            "featureBins": [
                0.0, 
                1.0
            ], 
            "data": [
                [
                    1.7055900338646097, 
                    1.7055900338646097
                ]
            ], 
            "feature": "dummy:Area:Portazgo"
        }, 
        {
            "featureBins": [
                0.0, 
                1.0
            ], 
            "data": [
                [
                    1.7055900338646097, 
                    1.7055900338646097
                ]
            ], 
            "feature": "dummy:Area:Hellan"
        }, 
        {
            "featureBins": [
                0.0, 
                1.0
            ], 
            "data": [
                [
                    1.7055900338646097, 
                    1.7055900338646097
                ]
            ], 
            "feature": "dummy:Area:Pradolongo"
        }, 
        {
            "featureBins": [
                0.0, 
                1.0
            ], 
            "data": [
                [
                    1.7055900338646097, 
                    1.7055900338646097
                ]
            ], 
            "feature": "dummy:Area:El Plantio"
        }, 
        {
            "featureBins": [
                0.0, 
                1.0
            ], 
            "data": [
                [
                    1.7055900338646097, 
                    1.7055900338646097
                ]
            ], 
            "feature": "dummy:Area:Los Rosales"
        }, 
        {
            "featureBins": [
                0.0, 
                1.0
            ], 
            "data": [
                [
                    1.7055900338646097, 
                    1.7055900338646097
                ]
            ], 
            "feature": "dummy:Area:Oriana"
        }, 
        {
            "featureBins": [
                0.0, 
                1.0
            ], 
            "data": [
                [
                    1.7055900338646097, 
                    1.7055900338646097
                ]
            ], 
            "feature": "dummy:Area:Horcajo"
        }, 
        {
            "featureBins": [
                0.0, 
                1.0
            ], 
            "data": [
                [
                    1.7055900338646097, 
                    1.7055900338646097
                ]
            ], 
            "feature": "dummy:Area:Canillejas"
        }, 
        {
            "featureBins": [
                0.0, 
                1.0
            ], 
            "data": [
                [
                    1.7055900338646097, 
                    1.7055900338646097
                ]
            ], 
            "feature": "dummy:Area:Sodio"
        }, 
        {
            "featureBins": [
                0.0, 
                1.0
            ], 
            "data": [
                [
                    1.7055900338646097, 
                    1.7055900338646097
                ]
            ], 
            "feature": "dummy:Area:Fontarron"
        }, 
        {
            "featureBins": [
                0.0, 
                1.0
            ], 
            "data": [
                [
                    1.7055900338646097, 
                    1.7055900338646097
                ]
            ], 
            "feature": "dummy:Area:Pena"
        }, 
        {
            "featureBins": [
                0.0, 
                1.0
            ], 
            "data": [
                [
                    1.7055900338646097, 
                    1.7055900338646097
                ]
            ], 
            "feature": "dummy:Area:Aguilas"
        }, 
        {
            "featureBins": [
                0.0
            ], 
            "data": [
                [
                    1.7055900338646097
                ]
            ], 
            "feature": "dummy:Area:N/A"
        }, 
        {
            "featureBins": [
                0.0
            ], 
            "data": [
                [
                    1.7055900338646097
                ]
            ], 
            "feature": "dummy:Area:__Others__"
        }
    ], 
    "modelInputNCols": 133, 
    "modelInputMemory": 1399160, 
    "modelInputIsSparse": false
}