{
    "metrics": {
        "rmse": 829.2016835367809, 
        "pearson": 0.82165497839283108, 
        "mae": 430.98093042450137, 
        "r2": 0.66789700668925156, 
        "mape": 0.24540335528342905, 
        "mse": 687575.43198023178, 
        "evs": 0.66871898742102065, 
        "rmsle": 0.2991850159626995
    }, 
    "scatterPlotData": {
        "y": [
            1915.7087, 
            1329.2408, 
            1599.0838, 
            1996.8423, 
            3483.5644, 
            1328.8287, 
            1347.7897, 
            927.9487, 
            1105.2683, 
            1869.8367, 
            1753.9943, 
            1027.736, 
            1327.6758, 
            971.5668, 
            2795.5658, 
            1210.4909, 
            1082.7117, 
            932.4116, 
            2425.5815, 
            774.3716, 
            1625.3568, 
            2542.8633, 
            1048.6722, 
            2821.3247, 
            1271.6451, 
            1130.8924, 
            1270.9299, 
            1463.9443, 
            3077.6013, 
            1440.4675, 
            1034.3776, 
            4345.4536, 
            1073.1369, 
            1271.6451, 
            1275.5059, 
            1453.5913, 
            2785.3911, 
            2919.5378, 
            1179.2577, 
            2266.9037, 
            3211.8112, 
            1320.7761, 
            2343.7388, 
            915.0372, 
            909.8523, 
            1221.0455, 
            975.4025, 
            846.9943, 
            1216.0184, 
            3075.5673, 
            2142.0394, 
            966.7999, 
            1994.0759, 
            1656.1566, 
            1216.0184, 
            1133.2154, 
            1224.9587, 
            1329.2408, 
            1270.9299, 
            2331.9927, 
            1020.7308, 
            1225.2854, 
            1143.5027, 
            880.305, 
            1979.8798, 
            838.9555, 
            1943.0566, 
            1858.5109, 
            1786.0418, 
            1283.0474, 
            1047.8236, 
            3642.452, 
            932.4116, 
            4698.9213, 
            1883.9685, 
            1243.9927, 
            6160.6351, 
            2285.2571, 
            3144.0992, 
            1936.6551, 
            910.7823, 
            3795.3287, 
            1203.4203, 
            3671.9785, 
            3002.8395, 
            1320.7761, 
            1041.7042, 
            2387.6911, 
            1016.3515, 
            1148.276, 
            1053.6506, 
            973.822, 
            1887.0887, 
            1153.5527, 
            1492.9303, 
            1295.6355, 
            1276.4752, 
            3325.4026, 
            1214.9816, 
            973.822, 
            1034.136, 
            930.8188, 
            2994.7239, 
            3669.2683, 
            958.4728, 
            1062.793, 
            992.0549, 
            3892.6357, 
            1151.7371, 
            4763.5101, 
            4702.2219, 
            1019.4905, 
            1332.47, 
            1419.0514, 
            3129.3849, 
            6998.8234, 
            5395.8947, 
            863.2481, 
            915.0372, 
            1028.9439, 
            964.5939, 
            823.9037, 
            971.5668, 
            932.4116, 
            932.4116, 
            1232.855, 
            1930.1382, 
            3016.6783, 
            1047.7394, 
            1033.0489, 
            1656.1566, 
            958.9265, 
            1332.47, 
            3184.3453, 
            1958.1787, 
            2380.1718, 
            2932.4173, 
            1333.5455, 
            1343.8905, 
            1007.466, 
            1743.2007, 
            1953.0794, 
            864.5728, 
            1342.01, 
            3334.9171, 
            1872.7951, 
            3023.062, 
            883.2212, 
            1212.3606, 
            973.822, 
            2807.7089, 
            1332.7279, 
            2341.345, 
            1572.4027, 
            1320.7761, 
            877.1061, 
            981.7351, 
            1130.8924, 
            1525.189, 
            1697.6646, 
            961.3566, 
            2074.5111, 
            2960.3219, 
            2670.52, 
            2763.9995, 
            1154.7509, 
            1482.6695, 
            1207.8268, 
            1203.4203, 
            915.9548, 
            1960.9339, 
            1089.2366, 
            982.6901, 
            1031.2082, 
            1706.9187, 
            1303.8241, 
            7499.4102, 
            1143.5027, 
            1216.0184, 
            1035.1232, 
            1927.5381, 
            1904.4256, 
            1044.5143, 
            3011.7384, 
            998.2247, 
            2115.4425, 
            2795.5658, 
            1031.5992, 
            1975.9936, 
            2005.9143, 
            973.822, 
            1013.7493, 
            1222.3363, 
            1408.0148, 
            1075.7837, 
            2919.5378, 
            2687.0052, 
            1771.5223, 
            2456.8567, 
            4163.3232, 
            1222.2592, 
            958.9265, 
            1329.2408, 
            978.9623, 
            1901.641, 
            1276.3799, 
            1402.8728, 
            1178.9814, 
            1967.9449, 
            1031.2082, 
            973.822, 
            1907.6942, 
            3774.1588, 
            3014.3934, 
            2895.3048, 
            1408.0148, 
            991.9474, 
            1337.1868, 
            1270.9299, 
            1190.4439, 
            1943.365, 
            846.9943, 
            2433.7918, 
            1619.7306, 
            1130.8924, 
            1156.0749, 
            933.7363, 
            913.7125, 
            1764.3738, 
            1869.8367, 
            1325.5703, 
            1292.1536, 
            1203.4203, 
            2832.2898, 
            820.7214, 
            2927.6655, 
            1153.5527, 
            2217.2803, 
            973.822, 
            2813.96, 
            1703.8168, 
            1967.3877, 
            3087.859, 
            1644.5275, 
            2407.5984, 
            1147.6895, 
            843.0647, 
            1658.0226, 
            933.7363, 
            881.8965, 
            1205.108, 
            2864.6213, 
            1337.1868, 
            1031.2082, 
            2498.2949, 
            1151.816, 
            2987.2863, 
            2254.5836, 
            1944.6061, 
            1916.0966, 
            1522.9699, 
            3665.0082, 
            3242.962, 
            1952.7871, 
            947.5081, 
            3729.5265, 
            922.4305, 
            1203.4203, 
            1147.6895, 
            1207.8268, 
            997.2229, 
            1026.5308, 
            1781.99, 
            1823.268, 
            1159.8581, 
            1299.8853, 
            1028.9439, 
            956.6993, 
            1300.9075, 
            1147.6895, 
            1354.395, 
            1337.1868, 
            2393.5341, 
            2158.5465, 
            2811.1623, 
            2288.9669, 
            1021.9696, 
            932.4116, 
            2006.7192, 
            1816.7773, 
            933.7363, 
            972.8915, 
            813.2671, 
            1518.9979, 
            1227.5797, 
            1333.5905, 
            1089.2366, 
            973.822, 
            3469.9407, 
            932.4116, 
            1203.4203, 
            1738.876, 
            2231.2656, 
            1003.861, 
            1178.9814, 
            2436.8501, 
            806.9822, 
            933.7363, 
            2393.5341, 
            2795.5658, 
            1576.6098, 
            1977.5712, 
            1241.0656, 
            1386.8158, 
            1000.2756, 
            994.5848, 
            1212.3606, 
            1271.6451, 
            1928.7641, 
            4468.0721, 
            2025.2357, 
            1320.7761, 
            1885.4944, 
            3066.5579, 
            2451.5243, 
            919.8746, 
            1742.2989, 
            2330.8712, 
            951.8844, 
            881.8965, 
            1345.0398, 
            1110.6716, 
            1153.5527, 
            1329.2408, 
            1337.1868, 
            1440.4675, 
            850.1547, 
            1975.4042, 
            1042.9278, 
            1626.0561, 
            885.0937, 
            4801.6809, 
            2436.8348, 
            932.4116, 
            1320.7761, 
            4699.7069, 
            2004.869, 
            858.6781, 
            1346.6774, 
            1980.5712, 
            1346.2485, 
            1937.581, 
            1034.1187, 
            910.7823, 
            1329.2408, 
            2595.7671, 
            918.5499, 
            1736.2189, 
            1337.4447, 
            3892.2992, 
            3251.5142, 
            2802.2903, 
            825.7761, 
            1711.5921, 
            2562.6988, 
            1101.0037, 
            1021.9696, 
            4254.4397, 
            1957.7557, 
            1925.0125, 
            1201.6137, 
            2873.7752, 
            1354.787, 
            1333.5455, 
            1170.9768, 
            910.7823, 
            1607.3527, 
            3099.7068, 
            1216.0184, 
            1327.6758, 
            1961.5198, 
            855.9343, 
            1011.3758, 
            968.1246, 
            1665.393, 
            2368.8725, 
            3752.9827, 
            1237.4754, 
            2575.4552, 
            1351.2033, 
            1293.0657, 
            3251.6377, 
            2369.645, 
            3638.1272, 
            1458.2458, 
            1136.3424, 
            972.8915, 
            1213.4385, 
            791.911, 
            1869.8367, 
            1088.3779, 
            1730.2323, 
            1453.0617, 
            1329.2408, 
            5952.8387, 
            1327.6758, 
            3424.203, 
            1043.0517, 
            1162.493, 
            3317.7282, 
            913.7125, 
            1291.5351, 
            2696.9174, 
            1665.393, 
            1784.1985, 
            1329.2408, 
            1033.4302, 
            972.8915, 
            2352.7918, 
            1528.5994, 
            1333.416, 
            1925.0235, 
            1154.9023, 
            1490.1631, 
            4544.6958, 
            2321.967, 
            1431.6516, 
            4177.8041, 
            1249.5941, 
            998.2247, 
            1023.5726, 
            1366.8274, 
            1440.4675, 
            1130.8924, 
            1659.9572, 
            813.109, 
            1320.7761, 
            1062.793, 
            1340.6223, 
            1115.5184, 
            2313.8738, 
            2118.2885, 
            1130.8924, 
            3684.3005, 
            2919.1091, 
            1344.927, 
            1136.3424, 
            907.3651, 
            1400.7605, 
            4120.2793, 
            2114.7103, 
            3795.3287, 
            972.8915, 
            1136.3424, 
            1133.2154, 
            1027.736, 
            2912.3989, 
            1440.7086, 
            1325.5703, 
            1877.8698, 
            1154.9023, 
            915.0372, 
            2620.4771, 
            4780.118, 
            915.1597, 
            919.6714, 
            915.0372, 
            2506.4295, 
            1066.014, 
            1947.6644, 
            2065.2543, 
            1064.9911, 
            1130.8924, 
            1332.47, 
            1034.136, 
            3231.2472, 
            923.8769, 
            2498.2949, 
            2221.822, 
            1930.7844, 
            1307.0325, 
            2927.6655, 
            979.264, 
            5410.3844, 
            2800.7324, 
            932.4116, 
            1237.4754, 
            2118.2885, 
            1337.4447, 
            933.7363, 
            1143.5027, 
            951.8844, 
            3819.3915, 
            1337.1868, 
            1933.4544, 
            1329.2408, 
            1048.1838, 
            1040.1039, 
            1691.8314, 
            1527.4379, 
            2827.4374, 
            1904.4256, 
            1804.4971, 
            801.7837, 
            2528.5222, 
            1927.4868, 
            972.8915, 
            4735.0292, 
            972.8915, 
            1408.0148, 
            1271.6451, 
            968.6768, 
            2306.7125, 
            1337.4447, 
            960.1122, 
            8684.5438, 
            6751.474, 
            1872.7951, 
            3096.3266, 
            915.0372, 
            3161.656, 
            2878.553, 
            2080.5471, 
            1149.4523, 
            2310.8897, 
            1950.7757, 
            1724.0537, 
            957.6018, 
            1329.2408, 
            1031.2082, 
            2550.3861, 
            1156.0749, 
            2959.3292, 
            1327.7117, 
            1933.2965, 
            2139.2655, 
            1286.4406, 
            1329.2408, 
            2107.953, 
            1891.6234, 
            5294.0389, 
            1342.01, 
            3527.8904, 
            918.8167, 
            1061.5233, 
            1130.8924, 
            1088.2717, 
            5294.0389, 
            1722.5495, 
            1149.4523, 
            1927.5381, 
            1915.7087, 
            1158.4407, 
            972.8915, 
            1007.466, 
            1031.2082, 
            993.2335, 
            1136.3424, 
            2368.8725
        ], 
        "x": [
            1700.0, 
            800.0, 
            1800.0, 
            1500.0, 
            3900.0, 
            1200.0, 
            975.0, 
            890.0, 
            950.0, 
            1200.0, 
            2000.0, 
            900.0, 
            1000.0, 
            980.0, 
            2800.0, 
            1100.0, 
            950.0, 
            750.0, 
            2200.0, 
            500.0, 
            3240.0, 
            3300.0, 
            1100.0, 
            2300.0, 
            1150.0, 
            900.0, 
            1400.0, 
            1700.0, 
            2950.0, 
            780.0, 
            1852.0, 
            8000.0, 
            900.0, 
            1100.0, 
            1300.0, 
            1000.0, 
            4320.0, 
            3500.0, 
            1000.0, 
            2100.0, 
            2300.0, 
            760.0, 
            3950.0, 
            700.0, 
            1250.0, 
            1190.0, 
            1100.0, 
            950.0, 
            1000.0, 
            4000.0, 
            2970.0, 
            850.0, 
            1800.0, 
            1300.0, 
            900.0, 
            1100.0, 
            1300.0, 
            1300.0, 
            1200.0, 
            2250.0, 
            750.0, 
            850.0, 
            650.0, 
            575.0, 
            2700.0, 
            850.0, 
            1500.0, 
            1200.0, 
            2495.0, 
            1300.0, 
            1300.0, 
            8000.0, 
            800.0, 
            5000.0, 
            1250.0, 
            1100.0, 
            6000.0, 
            2000.0, 
            3500.0, 
            1950.0, 
            950.0, 
            3800.0, 
            840.0, 
            4100.0, 
            4000.0, 
            995.0, 
            750.0, 
            1900.0, 
            1200.0, 
            700.0, 
            1300.0, 
            825.0, 
            2000.0, 
            1400.0, 
            1200.0, 
            1300.0, 
            950.0, 
            2250.0, 
            1200.0, 
            1250.0, 
            1060.0, 
            640.0, 
            3000.0, 
            3900.0, 
            1200.0, 
            650.0, 
            925.0, 
            5000.0, 
            1290.0, 
            3600.0, 
            2900.0, 
            850.0, 
            1100.0, 
            1400.0, 
            2650.0, 
            5500.0, 
            6500.0, 
            850.0, 
            650.0, 
            675.0, 
            550.0, 
            730.0, 
            675.0, 
            700.0, 
            700.0, 
            1150.0, 
            1500.0, 
            3300.0, 
            950.0, 
            790.0, 
            1250.0, 
            600.0, 
            915.0, 
            2900.0, 
            1950.0, 
            2800.0, 
            3500.0, 
            1300.0, 
            1200.0, 
            730.0, 
            1150.0, 
            1900.0, 
            700.0, 
            2295.0, 
            4700.0, 
            2000.0, 
            3200.0, 
            500.0, 
            1600.0, 
            720.0, 
            1600.0, 
            1300.0, 
            1600.0, 
            1600.0, 
            900.0, 
            750.0, 
            800.0, 
            750.0, 
            1400.0, 
            2500.0, 
            650.0, 
            1700.0, 
            2650.0, 
            3450.0, 
            2600.0, 
            700.0, 
            2000.0, 
            1175.0, 
            1100.0, 
            710.0, 
            2430.0, 
            680.0, 
            800.0, 
            765.0, 
            2970.0, 
            1550.0, 
            7500.0, 
            1050.0, 
            1000.0, 
            950.0, 
            1600.0, 
            1550.0, 
            900.0, 
            1500.0, 
            1090.0, 
            2750.0, 
            2500.0, 
            1600.0, 
            4500.0, 
            2400.0, 
            725.0, 
            900.0, 
            940.0, 
            850.0, 
            850.0, 
            3500.0, 
            2650.0, 
            1000.0, 
            2200.0, 
            2900.0, 
            1400.0, 
            800.0, 
            1090.0, 
            1150.0, 
            1590.0, 
            1450.0, 
            1400.0, 
            690.0, 
            1850.0, 
            1100.0, 
            1200.0, 
            1500.0, 
            4500.0, 
            2200.0, 
            2500.0, 
            900.0, 
            880.0, 
            1250.0, 
            1150.0, 
            940.0, 
            1400.0, 
            800.0, 
            2800.0, 
            1500.0, 
            700.0, 
            800.0, 
            1000.0, 
            775.0, 
            1700.0, 
            1200.0, 
            850.0, 
            1600.0, 
            1699.0, 
            2500.0, 
            1215.0, 
            3000.0, 
            1200.0, 
            2400.0, 
            950.0, 
            2500.0, 
            1400.0, 
            2300.0, 
            3500.0, 
            1400.0, 
            3000.0, 
            800.0, 
            900.0, 
            1200.0, 
            850.0, 
            1000.0, 
            950.0, 
            3300.0, 
            1200.0, 
            850.0, 
            2300.0, 
            2565.0, 
            3500.0, 
            2700.0, 
            1600.0, 
            1250.0, 
            1200.0, 
            3500.0, 
            2800.0, 
            2700.0, 
            700.0, 
            3500.0, 
            950.0, 
            900.0, 
            1200.0, 
            1250.0, 
            2430.0, 
            700.0, 
            1250.0, 
            1700.0, 
            1450.0, 
            2150.0, 
            900.0, 
            750.0, 
            1300.0, 
            1300.0, 
            1600.0, 
            1100.0, 
            3375.0, 
            2800.0, 
            3149.0, 
            1700.0, 
            800.0, 
            630.0, 
            2700.0, 
            2750.0, 
            725.0, 
            780.0, 
            600.0, 
            2100.0, 
            1800.0, 
            1325.0, 
            900.0, 
            700.0, 
            4300.0, 
            750.0, 
            1000.0, 
            1300.0, 
            1700.0, 
            900.0, 
            800.0, 
            2800.0, 
            750.0, 
            680.0, 
            1800.0, 
            1900.0, 
            1400.0, 
            1500.0, 
            1300.0, 
            1200.0, 
            925.0, 
            950.0, 
            2500.0, 
            855.0, 
            1450.0, 
            5700.0, 
            1600.0, 
            750.0, 
            1500.0, 
            3000.0, 
            2500.0, 
            725.0, 
            1450.0, 
            1800.0, 
            800.0, 
            630.0, 
            1800.0, 
            1200.0, 
            1050.0, 
            1000.0, 
            1300.0, 
            800.0, 
            1440.0, 
            1800.0, 
            950.0, 
            2250.0, 
            900.0, 
            4800.0, 
            2300.0, 
            750.0, 
            1200.0, 
            4300.0, 
            1600.0, 
            925.0, 
            2500.0, 
            2300.0, 
            1850.0, 
            2500.0, 
            1400.0, 
            725.0, 
            1200.0, 
            2900.0, 
            500.0, 
            2300.0, 
            800.0, 
            3700.0, 
            2800.0, 
            3900.0, 
            800.0, 
            2300.0, 
            2800.0, 
            1100.0, 
            870.0, 
            3500.0, 
            1800.0, 
            2295.0, 
            1100.0, 
            2000.0, 
            2200.0, 
            900.0, 
            800.0, 
            750.0, 
            4300.0, 
            2950.0, 
            1750.0, 
            749.0, 
            1300.0, 
            1000.0, 
            1250.0, 
            1200.0, 
            1250.0, 
            3200.0, 
            3400.0, 
            1195.0, 
            2750.0, 
            1850.0, 
            790.0, 
            4500.0, 
            2200.0, 
            4500.0, 
            999.0, 
            630.0, 
            830.0, 
            1400.0, 
            750.0, 
            1600.0, 
            950.0, 
            1500.0, 
            1300.0, 
            1100.0, 
            5500.0, 
            950.0, 
            4000.0, 
            1300.0, 
            1050.0, 
            4000.0, 
            1175.0, 
            920.0, 
            2200.0, 
            1300.0, 
            1100.0, 
            850.0, 
            850.0, 
            850.0, 
            2500.0, 
            1650.0, 
            1700.0, 
            1550.0, 
            700.0, 
            1500.0, 
            16000.0, 
            2400.0, 
            2160.0, 
            4500.0, 
            1350.0, 
            800.0, 
            660.0, 
            2200.0, 
            1300.0, 
            640.0, 
            1300.0, 
            750.0, 
            1250.0, 
            620.0, 
            1700.0, 
            1100.0, 
            2500.0, 
            2800.0, 
            750.0, 
            3600.0, 
            2800.0, 
            1000.0, 
            1150.0, 
            900.0, 
            2430.0, 
            4800.0, 
            2750.0, 
            3800.0, 
            750.0, 
            800.0, 
            850.0, 
            690.0, 
            3500.0, 
            1150.0, 
            1500.0, 
            1600.0, 
            775.0, 
            900.0, 
            2380.0, 
            5500.0, 
            800.0, 
            590.0, 
            700.0, 
            2700.0, 
            950.0, 
            1700.0, 
            1500.0, 
            950.0, 
            1000.0, 
            1400.0, 
            950.0, 
            3000.0, 
            825.0, 
            10000.0, 
            2400.0, 
            1500.0, 
            895.0, 
            4300.0, 
            800.0, 
            6000.0, 
            3800.0, 
            800.0, 
            1000.0, 
            1500.0, 
            1240.0, 
            850.0, 
            1350.0, 
            625.0, 
            2000.0, 
            1350.0, 
            2500.0, 
            1550.0, 
            1550.0, 
            2700.0, 
            1100.0, 
            3500.0, 
            3000.0, 
            1900.0, 
            1500.0, 
            600.0, 
            2100.0, 
            3105.0, 
            800.0, 
            3000.0, 
            650.0, 
            2295.0, 
            1000.0, 
            915.0, 
            2100.0, 
            1600.0, 
            900.0, 
            7450.0, 
            9000.0, 
            1350.0, 
            3500.0, 
            825.0, 
            2900.0, 
            2800.0, 
            3780.0, 
            750.0, 
            2600.0, 
            2200.0, 
            1000.0, 
            800.0, 
            3000.0, 
            975.0, 
            2600.0, 
            1250.0, 
            3000.0, 
            1800.0, 
            3105.0, 
            1575.0, 
            2160.0, 
            900.0, 
            3250.0, 
            2565.0, 
            4300.0, 
            1400.0, 
            3900.0, 
            750.0, 
            870.0, 
            1300.0, 
            975.0, 
            7500.0, 
            1350.0, 
            950.0, 
            1600.0, 
            2700.0, 
            900.0, 
            850.0, 
            1300.0, 
            850.0, 
            2295.0, 
            1100.0, 
            1700.0
        ]
    }, 
    "processed_feature_names": [
        "Floor", 
        "Sq. Mt.", 
        "num_flagonly:Penthouse:not_missing", 
        "num_flagonly:Outer:not_missing", 
        "num_flagonly:Cottage:not_missing", 
        "dummy:Area:Chueca-Justicia", 
        "dummy:Area:Recoletos", 
        "dummy:Area:Almagro", 
        "dummy:Area:Castellana", 
        "dummy:Area:Goya", 
        "dummy:Area:Arguelles", 
        "dummy:Area:Cuatro Caminos", 
        "dummy:Area:Nueva Espana", 
        "dummy:Area:Bernabeu-Hispanoamerica", 
        "dummy:Area:Palacio", 
        "dummy:Area:Lavapies-Embajadores", 
        "dummy:Area:Malasana-Universidad", 
        "dummy:Area:Nuevos Ministerios-Rios Rosas", 
        "dummy:Area:El Viso", 
        "dummy:Area:Cuzco-Castillejos", 
        "dummy:Area:Arapiles", 
        "dummy:Area:Sol", 
        "dummy:Area:Sanchinarro", 
        "dummy:Area:Las Tablas", 
        "dummy:Area:Ibiza", 
        "dummy:Area:Lista", 
        "dummy:Area:Huertas-Cortes", 
        "dummy:Area:Trafalgar", 
        "dummy:Area:Prosperidad", 
        "dummy:Area:Castilla", 
        "dummy:Area:Barajas", 
        "dummy:Area:Rejas", 
        "dummy:Area:Vallehermoso", 
        "dummy:Area:Ciudad Jardin", 
        "dummy:Area:Aravaca", 
        "dummy:Area:San Juan Bautista", 
        "dummy:Area:San Diego", 
        "dummy:Area:Gaztambide", 
        "dummy:Area:Guindalera", 
        "dummy:Area:Valdemarin", 
        "dummy:Area:San Isidro", 
        "dummy:Area:Valdeacederas", 
        "dummy:Area:Acacias", 
        "dummy:Area:Ensanche de Vallecas - La Gavia", 
        "dummy:Area:Valdezarza", 
        "dummy:Area:Montecarmelo", 
        "dummy:Area:Concepcion", 
        "dummy:Area:Ciudad Universitaria", 
        "dummy:Area:Costillares", 
        "dummy:Area:Bellas Vistas", 
        "dummy:Area:Conde Orgaz-Piovera", 
        "dummy:Area:Jeronimos", 
        "dummy:Area:Berruguete", 
        "dummy:Area:Delicias", 
        "dummy:Area:La Paz", 
        "dummy:Area:Numancia", 
        "dummy:Area:San Pascual", 
        "dummy:Area:Casco Historico de Vallecas", 
        "dummy:Area:Valdebebas - Valdefuentes", 
        "dummy:Area:Simancas", 
        "dummy:Area:Pacifico", 
        "dummy:Area:Pinar del Rey", 
        "dummy:Area:Ni\u00f1o Jesus", 
        "dummy:Area:Ventilla-Almenara", 
        "dummy:Area:Penagrande", 
        "dummy:Area:Pilar", 
        "dummy:Area:Vista Alegre", 
        "dummy:Area:Fuente del Berro", 
        "dummy:Area:Quintana", 
        "dummy:Area:Puerta Bonita", 
        "dummy:Area:Aluche", 
        "dummy:Area:Campamento", 
        "dummy:Area:Imperial", 
        "dummy:Area:Canillas", 
        "dummy:Area:Ap\u00f3stol Santiago", 
        "dummy:Area:Legazpi", 
        "dummy:Area:Puerta del Angel", 
        "dummy:Area:Pueblo Nuevo", 
        "dummy:Area:Palomas", 
        "dummy:Area:Los Angeles", 
        "dummy:Area:Media Legua", 
        "dummy:Area:Salvador", 
        "dummy:Area:Colina", 
        "dummy:Area:Tres Olivos - Valverde", 
        "dummy:Area:Palos de Moguer", 
        "dummy:Area:Almendrales", 
        "dummy:Area:Palomeras sureste", 
        "dummy:Area:Butarque", 
        "dummy:Area:Abrantes", 
        "dummy:Area:Comillas", 
        "dummy:Area:Adelfas", 
        "dummy:Area:Arroyo del Fresno", 
        "dummy:Area:Fuentelarreina", 
        "dummy:Area:Arcos", 
        "dummy:Area:San Andres", 
        "dummy:Area:Mirasierra", 
        "dummy:Area:Atalaya", 
        "dummy:Area:Valdebernardo - Valderribas", 
        "dummy:Area:Pau de Carabanchel", 
        "dummy:Area:Buena Vista", 
        "dummy:Area:San Fermin", 
        "dummy:Area:Opanel", 
        "dummy:Area:Estrella", 
        "dummy:Area:Rosas", 
        "dummy:Area:Palomeras Bajas", 
        "dummy:Area:Zofao", 
        "dummy:Area:Ventas", 
        "dummy:Area:Manoteras", 
        "dummy:Area:Los Carmenes", 
        "dummy:Area:Lucero", 
        "dummy:Area:Vinateros", 
        "dummy:Area:Entrevias", 
        "dummy:Area:12 de Octubre-Orcasur", 
        "dummy:Area:Ambroz", 
        "dummy:Area:Moscardo", 
        "dummy:Area:Chopera", 
        "dummy:Area:Gasometro", 
        "dummy:Area:Plaza de Espana", 
        "dummy:Area:Escalinata", 
        "dummy:Area:Portazgo", 
        "dummy:Area:Hellan", 
        "dummy:Area:Pradolongo", 
        "dummy:Area:El Plantio", 
        "dummy:Area:Los Rosales", 
        "dummy:Area:Oriana", 
        "dummy:Area:Horcajo", 
        "dummy:Area:Canillejas", 
        "dummy:Area:Sodio", 
        "dummy:Area:Fontarron", 
        "dummy:Area:Pena", 
        "dummy:Area:Aguilas", 
        "dummy:Area:N/A", 
        "dummy:Area:__Others__"
    ], 
    "regression_performance": {
        "max_error": 1652.6556751370392, 
        "median_error": -119.10908772431276, 
        "error_distribution": [
            {
                "count": 27, 
                "bin_max": -653.02517343617149, 
                "bin_id": 0, 
                "bin_min": -911.77380199827621
            }, 
            {
                "count": 68, 
                "bin_max": -396.83841248359249, 
                "bin_id": 1, 
                "bin_min": -653.02517343617149
            }, 
            {
                "count": 161, 
                "bin_max": -140.6516515310135, 
                "bin_id": 2, 
                "bin_min": -396.83841248359249
            }, 
            {
                "count": 137, 
                "bin_max": 115.53510942156549, 
                "bin_id": 3, 
                "bin_min": -140.6516515310135
            }, 
            {
                "count": 63, 
                "bin_max": 371.72187037414437, 
                "bin_id": 4, 
                "bin_min": 115.53510942156549
            }, 
            {
                "count": 37, 
                "bin_max": 627.90863132672348, 
                "bin_id": 5, 
                "bin_min": 371.72187037414437
            }, 
            {
                "count": 27, 
                "bin_max": 884.09539227930259, 
                "bin_id": 6, 
                "bin_min": 627.90863132672348
            }, 
            {
                "count": 11, 
                "bin_max": 1140.2821532318815, 
                "bin_id": 7, 
                "bin_min": 884.09539227930259
            }, 
            {
                "count": 11, 
                "bin_max": 1396.4689141844603, 
                "bin_id": 8, 
                "bin_min": 1140.2821532318815
            }, 
            {
                "count": 17, 
                "bin_max": 1652.6556751370392, 
                "bin_id": 9, 
                "bin_min": 1396.4689141844603
            }
        ], 
        "min_error": -909.21193438875048, 
        "average_error": 8.15085891805822, 
        "std_error": 515.5148386251334, 
        "p75_error": 223.46859909368447, 
        "p90_error": 719.9296767258057, 
        "p25_error": -311.49877997668244
    }
}