{
  "state": "DONE",
  "preSearchDescription": {
    "gridLength": 1,
    "importantParams": [
      {
        "name": "trees",
        "vals": [
          "100"
        ]
      },
      {
        "name": "depth",
        "vals": [
          "8"
        ]
      },
      {
        "name": "min_samples",
        "vals": [
          "3"
        ]
      }
    ]
  },
  "postSearchDescription": {
    "importantParams": [
      {
        "name": "trees",
        "val": "100"
      },
      {
        "name": "depth",
        "val": "8"
      },
      {
        "name": "min_samples",
        "val": "3"
      }
    ]
  },
  "sampleWeightsEnabled": false,
  "modelId": "m1",
  "progress": {
    "top_level_todo": [],
    "stack": [],
    "top_level_done": [
      {
        "name": "Loading train set",
        "time": 28
      },
      {
        "name": "Loading test set",
        "time": 22
      },
      {
        "name": "Collecting statistics",
        "time": 41
      },
      {
        "name": "Preprocessing train set",
        "time": 73
      },
      {
        "name": "Preprocessing test set",
        "time": 65
      },
      {
        "name": "Fitting model",
        "time": 1491
      },
      {
        "name": "Saving model",
        "time": 95
      },
      {
        "name": "Scoring model",
        "time": 1493
      }
    ]
  },
  "startTime": 1562031007311,
  "endTime": 1562031010626,
  "preprocessingTime": 234,
  "trainingTime": 3081
}