{
    "modelInputIsSparse": false, 
    "modelInputNRows": 1120, 
    "modelInputNCols": 25, 
    "modelInputMemory": 224000, 
    "lmCoefficients": {
        "interceptStderr": null, 
        "interceptTstat": null, 
        "rescaledInterceptCoef": 51.807454247843225, 
        "rescaledCoefs": [
            755.27641807631937, 
            546.27948919633138, 
            803.74317295698211, 
            644.57679997087189, 
            415.16883762019961, 
            258.04575729645541, 
            788.30591294364967, 
            852.47017850237125, 
            650.20548590895862, 
            432.39637866035758, 
            1524.6053384723079, 
            350.1739664887395, 
            421.77354657565769, 
            539.03798000647407, 
            771.24639590941445, 
            446.09555916917031, 
            516.99359637613975, 
            1446.4732621701801, 
            466.60478920327205, 
            678.36550996463029, 
            697.97775214624369, 
            29.725207474043341, 
            11.718027980398103
        ], 
        "variables": [
            "Area_Almagro", 
            "Area_Arguelles", 
            "Area_Castellana", 
            "Area_Chueca-Justicia", 
            "Area_Conde Orgaz-Piovera", 
            "Area_Cuatro Caminos", 
            "Area_El Viso", 
            "Area_Goya", 
            "Area_Huertas-Cortes", 
            "Area_Ibiza", 
            "Area_Jeronimos", 
            "Area_Lavapies-Embajadores", 
            "Area_Lista", 
            "Area_Malasana-Universidad", 
            "Area_Ni\u00f1o Jesus", 
            "Area_Nueva Espana", 
            "Area_Palacio", 
            "Area_Recoletos", 
            "Area_Sol", 
            "Area_Trafalgar", 
            "Area_Vallehermoso", 
            "Floor", 
            "Sq. Mt."
        ], 
        "interceptCoef": 1481.9442338931199, 
        "interceptPvalue": null, 
        "coefs": [
            755.27641807631937, 
            546.27948919633138, 
            803.74317295698211, 
            644.57679997087189, 
            415.16883762019961, 
            258.04575729645541, 
            788.30591294364967, 
            852.47017850237125, 
            650.20548590895862, 
            432.39637866035758, 
            1524.6053384723079, 
            350.1739664887395, 
            421.77354657565769, 
            539.03798000647407, 
            771.24639590941445, 
            446.09555916917031, 
            516.99359637613975, 
            1446.4732621701801, 
            466.60478920327205, 
            678.36550996463029, 
            697.97775214624369, 
            88.283796114192498, 
            929.37530003660027
        ]
    }
}