{
    "metrics": {
        "rmse": 736.0618575298422, 
        "pearson": 0.86765085391016394, 
        "mae": 395.28551547142575, 
        "r2": 0.75087640585595816, 
        "mape": 0.2216218252618642, 
        "mse": 541787.05811028171, 
        "evs": 0.75093418833167513, 
        "rmsle": 0.2731922040142546
    }, 
    "scatterPlotData": {
        "y": [
            784.6143, 
            1136.1552, 
            5593.0641, 
            1048.7001, 
            6174.6342, 
            697.1593, 
            931.5198, 
            1632.4852, 
            879.2188, 
            1195.6056, 
            2461.9631, 
            1370.5157, 
            844.0648, 
            1214.1529, 
            767.4674, 
            932.3801, 
            961.245, 
            2746.9539, 
            3081.2724, 
            1125.2974, 
            3162.1487, 
            1628.002, 
            639.4294, 
            4152.7215, 
            1160.4515, 
            1376.3851, 
            1047.3332, 
            2034.4148, 
            2313.0218, 
            3011.0397, 
            2837.6179, 
            2429.3418, 
            2138.946, 
            2127.0078, 
            1639.6105, 
            1958.1377, 
            1196.4659, 
            1477.7993, 
            2349.9884, 
            1490.3776, 
            3129.4816, 
            1283.9209, 
            762.0386, 
            1636.3221, 
            1606.6821, 
            1692.6814, 
            2285.4675, 
            2454.3532, 
            1319.075, 
            1343.3714, 
            2688.2575, 
            990.9702, 
            2107.624, 
            1118.148, 
            1389.484, 
            1458.8311, 
            1816.9461, 
            2834.0986, 
            995.5388, 
            1729.6464, 
            2425.9985, 
            726.0242, 
            1018.9749, 
            1136.1552, 
            2701.5293, 
            3402.8904, 
            2015.8676, 
            1129.866, 
            3975.9763, 
            1226.1911, 
            1340.2839, 
            1219.0417, 
            1879.7444, 
            2654.9302, 
            1623.7438, 
            550.2538, 
            2574.5268, 
            2572.0437, 
            3581.1977, 
            2279.443, 
            1206.4633, 
            1634.6015, 
            697.1593, 
            2175.9795, 
            1018.9749, 
            1312.8711, 
            826.0576, 
            862.0719, 
            6755.465, 
            995.5388, 
            2022.6968, 
            2133.0478, 
            2487.0717, 
            2169.3871, 
            1223.6103, 
            1494.4256, 
            979.2522, 
            844.0648, 
            3117.9903, 
            1700.9692, 
            843.2045, 
            697.1593, 
            1712.1599, 
            1195.6056, 
            4212.0574, 
            1106.43, 
            966.6739, 
            2023.017, 
            2195.9393, 
            1018.9749, 
            3509.4105, 
            667.4341, 
            954.9559, 
            1440.8326, 
            1022.416, 
            2135.5308, 
            1949.811, 
            1167.6009, 
            1364.4757, 
            2030.8981, 
            926.091, 
            1989.5834, 
            3707.565, 
            1324.5039, 
            872.9297, 
            843.2045, 
            984.6811, 
            4252.8776, 
            2205.7047, 
            2934.8797, 
            3332.345, 
            1118.148, 
            6598.2037, 
            1020.6955, 
            1725.5829, 
            2630.6339, 
            1078.4253, 
            726.0242, 
            1207.3236, 
            1039.2427, 
            1986.1423, 
            1571.4428, 
            2571.1835, 
            3697.6025, 
            1979.7469, 
            1958.2229, 
            2015.0073, 
            2273.9133, 
            1802.7159, 
            754.8891, 
            3141.3855, 
            950.3873, 
            1227.0514, 
            949.527, 
            1195.6056, 
            1341.1442, 
            2726.0489, 
            1195.6056, 
            1172.2548, 
            1580.865, 
            1500.1989, 
            1576.0114, 
            1728.6308, 
            2488.7922, 
            3131.2022, 
            1136.1552, 
            1406.5388, 
            1224.4705, 
            1119.017, 
            1243.0178, 
            3287.4307, 
            2871.2836, 
            609.7042, 
            1477.7993, 
            1137.0155, 
            1523.9954, 
            1130.9754, 
            931.5198, 
            1668.4755, 
            1306.7459, 
            2337.2495, 
            3363.6899, 
            1907.4594, 
            3996.8424, 
            3450.7896, 
            1636.9393, 
            662.0052, 
            1139.4677, 
            1500.283, 
            1892.2919, 
            5103.8918, 
            2162.7233, 
            4184.563, 
            1519.1418, 
            6363.8432, 
            1331.6533, 
            785.4746, 
            872.0694, 
            1353.2934, 
            797.1926, 
            942.3021, 
            2740.3544, 
            2290.538, 
            1469.1822, 
            990.9702, 
            2589.4757, 
            1431.6867, 
            1072.3853, 
            984.6811, 
            3491.2057, 
            2849.8172, 
            709.7376, 
            2778.2934, 
            1019.8352, 
            1219.5915, 
            2157.3442, 
            2033.0145, 
            3025.263, 
            1325.3729, 
            2073.0871, 
            2555.4841, 
            638.5691, 
            844.0648, 
            1371.376, 
            901.7946, 
            949.527, 
            1585.589, 
            3376.9801, 
            4563.8354, 
            1629.7225, 
            1860.6851, 
            1267.5589, 
            1860.6851, 
            4569.2643, 
            2151.5951, 
            1134.7883, 
            820.6287, 
            1810.4572, 
            3814.1547, 
            1108.1505, 
            1452.8919, 
            5437.2587, 
            2341.0265, 
            784.6143, 
            2592.3116, 
            1194.7453, 
            2398.8542, 
            1436.2055, 
            726.0242, 
            814.3395, 
            1906.697, 
            726.0242, 
            1499.3386, 
            2964.7548, 
            3809.1273, 
            1571.9927, 
            3178.0743, 
            1429.1911, 
            4526.0086, 
            1994.0766, 
            4182.8425, 
            3616.7696, 
            3038.7273, 
            1007.2569, 
            784.6143, 
            3188.5306, 
            2395.4131, 
            832.3467, 
            1284.7812, 
            1342.5111, 
            1627.9213, 
            3191.9659, 
            1288.4895, 
            3011.0397, 
            809.7709, 
            2191.7232, 
            1112.1439, 
            2876.637, 
            1718.9973, 
            1312.7859, 
            1050.4207, 
            2739.2171, 
            931.5198, 
            1547.2317, 
            2104.1829, 
            1864.227, 
            4254.5981, 
            1195.6056, 
            550.2538, 
            4012.1359, 
            1382.2338, 
            1165.8804, 
            1604.8763, 
            2043.4764, 
            1646.0523, 
            856.6431, 
            1590.2604, 
            1284.7812, 
            916.0935, 
            1394.8121, 
            1316.0312, 
            1753.5023, 
            836.9153, 
            815.1998, 
            1809.0051, 
            1214.1529, 
            1705.1947, 
            1077.565, 
            2074.4577, 
            1137.0155, 
            861.2117, 
            1135.7594, 
            5111.7756, 
            888.7097, 
            1483.1274, 
            1494.8454, 
            3580.6544, 
            15573.5197, 
            1471.6585, 
            1370.5157, 
            931.5198, 
            2337.6832, 
            2397.9939, 
            1429.1059, 
            521.3888, 
            726.0242, 
            1284.0062, 
            1698.2555, 
            2114.7676, 
            2194.2188, 
            1654.43, 
            1546.3714, 
            3209.0208, 
            1979.8532, 
            1606.5968, 
            1125.2974, 
            3158.8907, 
            1898.6873, 
            2759.2591, 
            1398.8741, 
            1268.4946, 
            2981.3144, 
            1194.7453, 
            1736.3641, 
            1172.9544, 
            1335.3617, 
            966.2829, 
            1751.7637, 
            1074.1059, 
            2162.773, 
            662.0052, 
            1078.4253, 
            1571.1324, 
            1401.1865, 
            1926.6919, 
            961.245, 
            726.8845, 
            626.8511, 
            1150.3786, 
            726.0242, 
            667.4341, 
            3557.7585, 
            784.6143, 
            2750.395, 
            1119.017, 
            1116.1602, 
            5168.5572, 
            1756.7908, 
            2897.2027, 
            844.0648, 
            2614.2718, 
            1574.2727, 
            1051.2809, 
            1982.434, 
            726.0242, 
            1547.1464, 
            1547.1464, 
            1130.7263, 
            1604.3697, 
            1920.0924, 
            990.11, 
            4798.4691, 
            1698.9056, 
            1325.3642, 
            1325.3729, 
            865.2737, 
            1078.4253, 
            668.2943, 
            1565.7035, 
            733.1736, 
            3012.7602, 
            1022.416, 
            1030.7016, 
            732.3134, 
            5016.3108, 
            1243.8781, 
            1407.3406, 
            786.3349, 
            1718.6732, 
            1277.6318, 
            2487.0717, 
            1744.2366, 
            785.4746, 
            1110.7313, 
            786.3349, 
            2150.4798, 
            1493.9852, 
            2283.3944, 
            726.0242, 
            1636.3221, 
            2192.4982, 
            667.4341, 
            3678.861, 
            1440.8326, 
            5212.4426, 
            902.6549, 
            1201.8193, 
            1670.5661, 
            2396.5983, 
            1690.3436, 
            1949.9615, 
            4853.3011, 
            696.299, 
            6473.0137, 
            3068.2592, 
            2043.4764, 
            2965.4652, 
            2779.0278, 
            2860.3196, 
            2549.0481, 
            2701.5293, 
            2362.2287, 
            3306.339, 
            754.8891, 
            1989.5834, 
            492.5239, 
            809.1598, 
            3697.5617, 
            903.5152, 
            3797.7618, 
            4465.8965, 
            1558.6323, 
            1711.1988, 
            879.2188, 
            2711.6936, 
            2073.5974, 
            2322.2568, 
            1980.547, 
            5448.2832, 
            1277.6318, 
            726.8845, 
            928.6718, 
            812.1124, 
            930.6596, 
            1178.4674, 
            826.9179, 
            5280.3966, 
            1538.8264, 
            2027.5101, 
            1440.8326, 
            2507.4136, 
            1500.5594, 
            3189.7923, 
            638.5691, 
            2970.4567, 
            755.7494, 
            3289.1921, 
            726.8845, 
            1219.2908, 
            890.9369, 
            1169.3215, 
            773.7566, 
            4182.5694, 
            1041.0441, 
            2249.3678, 
            961.245, 
            6010.5818, 
            1283.0607, 
            2813.1339, 
            1760.602, 
            1685.7318, 
            1019.8352, 
            1573.7842, 
            726.8845, 
            2337.6832, 
            3403.9175, 
            1089.2831, 
            2034.1997, 
            1692.685, 
            902.6549, 
            1468.4087, 
            1019.8352, 
            690.8701, 
            843.2045, 
            7282.7763, 
            1370.5157, 
            1739.9575, 
            726.0242, 
            1160.4515, 
            2524.0383, 
            3064.4501, 
            1876.1115, 
            1194.8306, 
            1077.1693, 
            1488.5563, 
            1634.6015, 
            1166.7407, 
            667.4341, 
            5043.4143, 
            2565.5881, 
            3091.8952, 
            2487.0717, 
            5850.8607, 
            1910.1731, 
            1783.2275, 
            1576.8716, 
            767.4674, 
            550.2538, 
            1183.9883, 
            4410.7474, 
            2718.9492, 
            2806.0939, 
            3190.2512, 
            698.0195, 
            1691.9356, 
            1776.0283, 
            1429.1059, 
            843.2045, 
            622.2825, 
            2776.6791, 
            844.0648, 
            1423.9261, 
            3184.7245, 
            1458.4353, 
            2870.3171, 
            4857.9195, 
            1758.0709, 
            2307.958, 
            954.9559, 
            1941.6189, 
            2205.7047, 
            784.6143, 
            1459.6914, 
            329.8956, 
            1230.7684, 
            2455.7237, 
            4938.1189, 
            2582.5365, 
            778.3252, 
            961.245, 
            1293.843, 
            3242.4767, 
            761.1783, 
            1898.6873, 
            779.1855, 
            1745.4926, 
            1171.3093, 
            579.1187, 
            2187.8542, 
            2332.8042, 
            2307.958, 
            945.5222, 
            2137.2514, 
            1780.6467, 
            3960.7871, 
            1253.3355, 
            896.3657, 
            2544.0391, 
            4460.1346, 
            2454.8635, 
            1787.0211, 
            1605.6303, 
            1153.6558, 
            1489.4166, 
            1284.7812, 
            2887.4038, 
            2600.475, 
            1633.2346, 
            1342.5111, 
            1500.2743, 
            1842.5801, 
            3006.4213, 
            1330.8938, 
            901.7946, 
            1077.565, 
            1229.8994, 
            1843.4404, 
            1776.1634, 
            2066.9979, 
            868.3611, 
            3582.1428, 
            755.7494, 
            3549.7959, 
            932.3801, 
            1943.4431, 
            1225.3308, 
            1722.0566, 
            844.0648, 
            1020.6955, 
            667.4341, 
            1666.0473, 
            1214.7222, 
            1455.3719, 
            4048.2422, 
            1727.2182, 
            1343.3714, 
            1654.0971, 
            3000.722, 
            3632.8492, 
            1195.6056, 
            1151.4151, 
            1383.9543, 
            3040.7649, 
            754.8891, 
            1958.1377, 
            1519.1418, 
            2396.3586, 
            990.9702, 
            1366.1963, 
            3635.4865, 
            1405.4026, 
            2954.7982, 
            1119.0083, 
            2342.6922, 
            2189.5216, 
            3023.3449, 
            1750.6543, 
            1265.0535, 
            3309.7043, 
            1471.4181, 
            2893.5863, 
            2162.773, 
            880.9394, 
            784.6143, 
            1300.2076, 
            1249.0918, 
            667.4341, 
            1880.6046, 
            1283.0607, 
            1459.6914, 
            1253.3442, 
            4270.0245, 
            1519.1418, 
            1170.058, 
            931.5198, 
            2369.8914, 
            2824.9516, 
            1119.0083, 
            1822.1752, 
            726.8845, 
            1072.3853, 
            3526.2419, 
            667.4341, 
            3769.6204, 
            3243.1694, 
            2078.6613, 
            1308.2173, 
            1065.8557, 
            586.2681, 
            2631.4942, 
            1440.8326, 
            1342.5111, 
            643.998, 
            1821.0632, 
            1551.2084, 
            1373.9568, 
            886.932, 
            785.4746, 
            1282.2857, 
            797.1926, 
            579.1187, 
            2195.9393, 
            1523.2905, 
            3357.4008, 
            1019.8352, 
            1165.9656, 
            2307.958, 
            1014.4063, 
            834.0673, 
            872.9297, 
            1548.0067, 
            1147.8732, 
            754.8891, 
            1754.2648, 
            5889.7341, 
            785.4746, 
            902.6549, 
            1709.9428, 
            1166.7407, 
            1617.4633, 
            1079.2856, 
            1977.8654, 
            3735.6704, 
            1342.5111, 
            1048.7854, 
            844.0648, 
            1721.6608, 
            1406.8152, 
            1681.2064, 
            828.6384, 
            2154.3983, 
            1370.8008, 
            1547.1464, 
            1614.4509, 
            2079.8866, 
            1102.4113, 
            1050.4207, 
            1775.7677, 
            880.3283, 
            1256.7766, 
            1823.8105, 
            3933.6837, 
            2058.7992, 
            3107.3149, 
            3368.5046, 
            1194.8306, 
            844.0648, 
            844.0648, 
            769.7517, 
            1704.5927, 
            2525.609, 
            1487.7813, 
            2046.453, 
            1373.0966, 
            1177.5984, 
            1636.3221, 
            785.4746, 
            1342.5111, 
            703.4484, 
            2485.1759, 
            1670.6159, 
            2547.3824, 
            1690.1005, 
            1511.9924, 
            814.3395, 
            1253.3355, 
            979.2522, 
            1898.6873, 
            2145.6348, 
            1842.678, 
            1429.9662, 
            1507.4237, 
            1101.0011, 
            1493.1249, 
            696.299, 
            3873.3321, 
            785.4746, 
            984.6811, 
            2467.1687, 
            1235.337, 
            2247.9973, 
            620.5619, 
            2656.1154, 
            4453.6866
        ], 
        "x": [
            950.0, 
            1350.0, 
            3690.0, 
            1450.0, 
            5000.0, 
            1000.0, 
            900.0, 
            3000.0, 
            800.0, 
            800.0, 
            2800.0, 
            1400.0, 
            850.0, 
            850.0, 
            700.0, 
            650.0, 
            1100.0, 
            3500.0, 
            4300.0, 
            1250.0, 
            2900.0, 
            1300.0, 
            900.0, 
            3800.0, 
            1150.0, 
            800.0, 
            1200.0, 
            2565.0, 
            2400.0, 
            3500.0, 
            2650.0, 
            3300.0, 
            1250.0, 
            2300.0, 
            1300.0, 
            1800.0, 
            1190.0, 
            1200.0, 
            1400.0, 
            1100.0, 
            4725.0, 
            800.0, 
            725.0, 
            1475.0, 
            1400.0, 
            950.0, 
            3105.0, 
            2200.0, 
            1300.0, 
            1400.0, 
            2250.0, 
            650.0, 
            1800.0, 
            1250.0, 
            1450.0, 
            1300.0, 
            1300.0, 
            2800.0, 
            800.0, 
            1100.0, 
            2600.0, 
            800.0, 
            840.0, 
            950.0, 
            1800.0, 
            5373.0, 
            2400.0, 
            750.0, 
            4500.0, 
            1300.0, 
            1300.0, 
            900.0, 
            2295.0, 
            2900.0, 
            1250.0, 
            800.0, 
            2800.0, 
            2950.0, 
            3500.0, 
            2000.0, 
            1250.0, 
            1500.0, 
            775.0, 
            3240.0, 
            1699.0, 
            775.0, 
            875.0, 
            950.0, 
            7500.0, 
            690.0, 
            2700.0, 
            2400.0, 
            2500.0, 
            1500.0, 
            850.0, 
            1100.0, 
            680.0, 
            750.0, 
            3500.0, 
            1600.0, 
            975.0, 
            1175.0, 
            1500.0, 
            1100.0, 
            5500.0, 
            995.0, 
            695.0, 
            1600.0, 
            2100.0, 
            2750.0, 
            3300.0, 
            1100.0, 
            950.0, 
            1200.0, 
            1300.0, 
            2300.0, 
            1750.0, 
            790.0, 
            900.0, 
            1900.0, 
            720.0, 
            1550.0, 
            4300.0, 
            1250.0, 
            1100.0, 
            870.0, 
            775.0, 
            3600.0, 
            2100.0, 
            2500.0, 
            3000.0, 
            760.0, 
            7500.0, 
            1200.0, 
            2150.0, 
            3200.0, 
            800.0, 
            590.0, 
            875.0, 
            700.0, 
            1700.0, 
            1350.0, 
            2500.0, 
            4500.0, 
            3780.0, 
            1400.0, 
            1900.0, 
            1500.0, 
            2500.0, 
            800.0, 
            4320.0, 
            900.0, 
            1300.0, 
            950.0, 
            1000.0, 
            950.0, 
            2600.0, 
            1200.0, 
            800.0, 
            1050.0, 
            1200.0, 
            1500.0, 
            2500.0, 
            1500.0, 
            2200.0, 
            749.0, 
            950.0, 
            975.0, 
            750.0, 
            925.0, 
            2950.0, 
            2250.0, 
            1000.0, 
            1100.0, 
            800.0, 
            1300.0, 
            850.0, 
            900.0, 
            1300.0, 
            990.0, 
            2100.0, 
            2100.0, 
            1400.0, 
            2900.0, 
            2500.0, 
            2700.0, 
            1000.0, 
            900.0, 
            1450.0, 
            2970.0, 
            4500.0, 
            1500.0, 
            3500.0, 
            1500.0, 
            9000.0, 
            900.0, 
            680.0, 
            800.0, 
            1100.0, 
            800.0, 
            850.0, 
            2800.0, 
            2160.0, 
            1300.0, 
            1350.0, 
            2100.0, 
            1850.0, 
            800.0, 
            700.0, 
            2900.0, 
            2500.0, 
            700.0, 
            1600.0, 
            1300.0, 
            900.0, 
            2500.0, 
            2000.0, 
            1600.0, 
            730.0, 
            2700.0, 
            1100.0, 
            750.0, 
            800.0, 
            999.0, 
            700.0, 
            875.0, 
            920.0, 
            2800.0, 
            3500.0, 
            2295.0, 
            1600.0, 
            950.0, 
            1600.0, 
            3600.0, 
            2500.0, 
            900.0, 
            800.0, 
            1500.0, 
            3000.0, 
            1000.0, 
            750.0, 
            4900.0, 
            2100.0, 
            800.0, 
            2800.0, 
            1300.0, 
            2200.0, 
            1325.0, 
            620.0, 
            980.0, 
            2700.0, 
            750.0, 
            1800.0, 
            2000.0, 
            3450.0, 
            2565.0, 
            2200.0, 
            1550.0, 
            4100.0, 
            1700.0, 
            3700.0, 
            2500.0, 
            2700.0, 
            900.0, 
            825.0, 
            3000.0, 
            2500.0, 
            625.0, 
            1300.0, 
            1350.0, 
            1240.0, 
            4800.0, 
            1300.0, 
            3500.0, 
            750.0, 
            3105.0, 
            600.0, 
            3300.0, 
            2000.0, 
            1300.0, 
            1100.0, 
            3000.0, 
            750.0, 
            1800.0, 
            2500.0, 
            2500.0, 
            3900.0, 
            700.0, 
            950.0, 
            2950.0, 
            1350.0, 
            1100.0, 
            1700.0, 
            2000.0, 
            2565.0, 
            750.0, 
            1400.0, 
            780.0, 
            930.0, 
            1000.0, 
            850.0, 
            1900.0, 
            690.0, 
            880.0, 
            1485.0, 
            990.0, 
            940.0, 
            1000.0, 
            1750.0, 
            1750.0, 
            700.0, 
            1890.0, 
            4800.0, 
            750.0, 
            1450.0, 
            1400.0, 
            3800.0, 
            15000.0, 
            2000.0, 
            1200.0, 
            640.0, 
            2100.0, 
            2300.0, 
            1200.0, 
            750.0, 
            700.0, 
            1550.0, 
            950.0, 
            950.0, 
            1600.0, 
            2160.0, 
            1400.0, 
            2380.0, 
            2000.0, 
            1600.0, 
            1175.0, 
            2600.0, 
            1400.0, 
            2200.0, 
            940.0, 
            895.0, 
            3800.0, 
            1250.0, 
            1700.0, 
            2430.0, 
            1200.0, 
            700.0, 
            1750.0, 
            850.0, 
            2275.0, 
            630.0, 
            900.0, 
            1350.0, 
            900.0, 
            2700.0, 
            800.0, 
            650.0, 
            925.0, 
            1852.0, 
            1000.0, 
            575.0, 
            3400.0, 
            720.0, 
            2800.0, 
            1100.0, 
            950.0, 
            16000.0, 
            1600.0, 
            2500.0, 
            650.0, 
            3200.0, 
            2500.0, 
            1100.0, 
            2300.0, 
            750.0, 
            1200.0, 
            1200.0, 
            1000.0, 
            1600.0, 
            2000.0, 
            1400.0, 
            3800.0, 
            1600.0, 
            1000.0, 
            1300.0, 
            750.0, 
            900.0, 
            700.0, 
            1400.0, 
            660.0, 
            3000.0, 
            950.0, 
            1215.0, 
            500.0, 
            7500.0, 
            1200.0, 
            2695.0, 
            1090.0, 
            1300.0, 
            1200.0, 
            2300.0, 
            1700.0, 
            900.0, 
            950.0, 
            800.0, 
            1950.0, 
            1000.0, 
            2750.0, 
            800.0, 
            1550.0, 
            1700.0, 
            725.0, 
            4000.0, 
            1400.0, 
            7500.0, 
            1060.0, 
            1200.0, 
            1850.0, 
            1575.0, 
            1200.0, 
            2970.0, 
            5000.0, 
            900.0, 
            5500.0, 
            3950.0, 
            1850.0, 
            3250.0, 
            2700.0, 
            1600.0, 
            1800.0, 
            3375.0, 
            2400.0, 
            2650.0, 
            1250.0, 
            1700.0, 
            999.0, 
            800.0, 
            3900.0, 
            790.0, 
            4000.0, 
            3400.0, 
            1200.0, 
            1850.0, 
            870.0, 
            2600.0, 
            3400.0, 
            2750.0, 
            1300.0, 
            4300.0, 
            900.0, 
            900.0, 
            950.0, 
            750.0, 
            1050.0, 
            825.0, 
            925.0, 
            8000.0, 
            1200.0, 
            2970.0, 
            1150.0, 
            10000.0, 
            1250.0, 
            2500.0, 
            850.0, 
            2900.0, 
            630.0, 
            2600.0, 
            825.0, 
            1150.0, 
            660.0, 
            900.0, 
            640.0, 
            3500.0, 
            850.0, 
            2300.0, 
            630.0, 
            6000.0, 
            2200.0, 
            2750.0, 
            1800.0, 
            1400.0, 
            1250.0, 
            1500.0, 
            700.0, 
            2200.0, 
            4000.0, 
            1000.0, 
            1600.0, 
            1450.0, 
            950.0, 
            1290.0, 
            800.0, 
            710.0, 
            850.0, 
            7450.0, 
            1600.0, 
            1150.0, 
            650.0, 
            1100.0, 
            2700.0, 
            4500.0, 
            1300.0, 
            675.0, 
            1300.0, 
            1000.0, 
            1500.0, 
            790.0, 
            950.0, 
            5500.0, 
            2500.0, 
            2300.0, 
            2800.0, 
            6500.0, 
            4300.0, 
            1300.0, 
            1350.0, 
            800.0, 
            450.0, 
            1400.0, 
            6000.0, 
            2900.0, 
            2800.0, 
            3000.0, 
            800.0, 
            1350.0, 
            1800.0, 
            1100.0, 
            765.0, 
            750.0, 
            3500.0, 
            780.0, 
            1090.0, 
            2380.0, 
            1400.0, 
            2800.0, 
            3000.0, 
            1700.0, 
            2800.0, 
            750.0, 
            1800.0, 
            2250.0, 
            700.0, 
            1300.0, 
            500.0, 
            1250.0, 
            2100.0, 
            4950.0, 
            3000.0, 
            900.0, 
            950.0, 
            1000.0, 
            3000.0, 
            850.0, 
            2500.0, 
            1200.0, 
            1700.0, 
            1000.0, 
            1440.0, 
            2300.0, 
            2430.0, 
            1900.0, 
            1200.0, 
            1500.0, 
            1900.0, 
            4300.0, 
            915.0, 
            900.0, 
            2600.0, 
            8000.0, 
            2600.0, 
            1500.0, 
            2200.0, 
            1100.0, 
            1200.0, 
            1300.0, 
            2750.0, 
            2750.0, 
            1100.0, 
            1300.0, 
            1200.0, 
            1400.0, 
            3200.0, 
            1100.0, 
            1300.0, 
            1000.0, 
            1200.0, 
            1000.0, 
            2100.0, 
            1600.0, 
            950.0, 
            3700.0, 
            750.0, 
            2900.0, 
            620.0, 
            1500.0, 
            1050.0, 
            3200.0, 
            550.0, 
            800.0, 
            750.0, 
            1500.0, 
            1200.0, 
            1400.0, 
            3500.0, 
            1400.0, 
            850.0, 
            2295.0, 
            2300.0, 
            4700.0, 
            1000.0, 
            850.0, 
            1850.0, 
            3500.0, 
            800.0, 
            1850.0, 
            1250.0, 
            4500.0, 
            1050.0, 
            1100.0, 
            3000.0, 
            1200.0, 
            2650.0, 
            995.0, 
            2200.0, 
            2700.0, 
            3500.0, 
            1400.0, 
            1400.0, 
            3000.0, 
            1200.0, 
            2000.0, 
            1800.0, 
            850.0, 
            800.0, 
            1200.0, 
            600.0, 
            750.0, 
            1700.0, 
            1650.0, 
            1250.0, 
            1250.0, 
            4500.0, 
            1300.0, 
            1300.0, 
            750.0, 
            2500.0, 
            3900.0, 
            1195.0, 
            1200.0, 
            700.0, 
            1100.0, 
            6500.0, 
            950.0, 
            3149.0, 
            3500.0, 
            1150.0, 
            800.0, 
            900.0, 
            730.0, 
            2800.0, 
            1155.0, 
            1300.0, 
            900.0, 
            2430.0, 
            1550.0, 
            1200.0, 
            680.0, 
            850.0, 
            700.0, 
            600.0, 
            600.0, 
            2300.0, 
            975.0, 
            4000.0, 
            900.0, 
            915.0, 
            2500.0, 
            800.0, 
            700.0, 
            850.0, 
            900.0, 
            1400.0, 
            720.0, 
            1000.0, 
            7800.0, 
            1000.0, 
            815.0, 
            1700.0, 
            900.0, 
            1300.0, 
            800.0, 
            1550.0, 
            3000.0, 
            1200.0, 
            650.0, 
            700.0, 
            1700.0, 
            1150.0, 
            1590.0, 
            1100.0, 
            2300.0, 
            890.0, 
            1600.0, 
            1100.0, 
            1700.0, 
            900.0, 
            700.0, 
            2295.0, 
            950.0, 
            1150.0, 
            1450.0, 
            5000.0, 
            1500.0, 
            2200.0, 
            2500.0, 
            900.0, 
            830.0, 
            850.0, 
            725.0, 
            3500.0, 
            1500.0, 
            1600.0, 
            1700.0, 
            1650.0, 
            850.0, 
            1500.0, 
            850.0, 
            1300.0, 
            500.0, 
            1300.0, 
            1300.0, 
            1800.0, 
            1150.0, 
            1400.0, 
            675.0, 
            1100.0, 
            900.0, 
            2400.0, 
            3500.0, 
            1950.0, 
            1400.0, 
            1200.0, 
            855.0, 
            1550.0, 
            700.0, 
            3900.0, 
            725.0, 
            1190.0, 
            1250.0, 
            1200.0, 
            2495.0, 
            540.0, 
            2970.0, 
            5700.0
        ]
    }, 
    "processed_feature_names": [
        "Area_Almagro", 
        "Area_Arguelles", 
        "Area_Castellana", 
        "Area_Chueca-Justicia", 
        "Area_Conde Orgaz-Piovera", 
        "Area_Cuatro Caminos", 
        "Area_El Viso", 
        "Area_Goya", 
        "Area_Huertas-Cortes", 
        "Area_Ibiza", 
        "Area_Jeronimos", 
        "Area_Lavapies-Embajadores", 
        "Area_Lista", 
        "Area_Malasana-Universidad", 
        "Area_Ni\u00f1o Jesus", 
        "Area_Nueva Espana", 
        "Area_Palacio", 
        "Area_Recoletos", 
        "Area_Sol", 
        "Area_Trafalgar", 
        "Area_Vallehermoso", 
        "Floor", 
        "Sq. Mt.", 
        "num_flagonly:Outer:not_missing", 
        "num_flagonly:Penthouse:not_missing"
    ], 
    "regression_performance": {
        "max_error": 1607.2831584591609, 
        "median_error": -78.61612326503501, 
        "error_distribution": [
            {
                "count": 38, 
                "bin_max": -796.63180847819615, 
                "bin_id": 0, 
                "bin_min": -1066.4044881011662
            }, 
            {
                "count": 51, 
                "bin_max": -529.53014548515648, 
                "bin_id": 1, 
                "bin_min": -796.63180847819615
            }, 
            {
                "count": 141, 
                "bin_max": -262.42848249211681, 
                "bin_id": 2, 
                "bin_min": -529.53014548515648
            }, 
            {
                "count": 241, 
                "bin_max": 4.6731805009228538, 
                "bin_id": 3, 
                "bin_min": -262.42848249211681
            }, 
            {
                "count": 149, 
                "bin_max": 271.77484349396241, 
                "bin_id": 4, 
                "bin_min": 4.6731805009228538
            }, 
            {
                "count": 59, 
                "bin_max": 538.87650648700219, 
                "bin_id": 5, 
                "bin_min": 271.77484349396241
            }, 
            {
                "count": 27, 
                "bin_max": 805.97816948004197, 
                "bin_id": 6, 
                "bin_min": 538.87650648700219
            }, 
            {
                "count": 17, 
                "bin_max": 1073.0798324730815, 
                "bin_id": 7, 
                "bin_min": 805.97816948004197
            }, 
            {
                "count": 9, 
                "bin_max": 1340.1814954661211, 
                "bin_id": 8, 
                "bin_min": 1073.0798324730815
            }, 
            {
                "count": 22, 
                "bin_max": 1607.2831584591609, 
                "bin_id": 9, 
                "bin_min": 1340.1814954661211
            }
        ], 
        "min_error": -1063.7334714712358, 
        "average_error": -39.06014339623792, 
        "std_error": 501.05501026916005, 
        "p75_error": 138.7896216430506, 
        "p90_error": 529.9120642373398, 
        "p25_error": -317.5349628983561
    }
}