{
  "state": "DONE",
  "preSearchDescription": {
    "gridLength": 1,
    "importantParams": []
  },
  "postSearchDescription": {
    "importantParams": []
  },
  "sampleWeightsEnabled": false,
  "modelId": "m1",
  "progress": {
    "top_level_todo": [],
    "stack": [],
    "top_level_done": [
      {
        "name": "Loading train set",
        "time": 49
      },
      {
        "name": "Loading test set",
        "time": 42
      },
      {
        "name": "Collecting statistics",
        "time": 96
      },
      {
        "name": "Preprocessing train set",
        "time": 72
      },
      {
        "name": "Preprocessing test set",
        "time": 69
      },
      {
        "name": "Fitting model",
        "time": 57
      },
      {
        "name": "Saving model",
        "time": 14
      },
      {
        "name": "Scoring model",
        "time": 200
      }
    ]
  },
  "startTime": 1562034412099,
  "endTime": 1562034412703,
  "preprocessingTime": 333,
  "trainingTime": 271
}