{
    "gridSize": 3, 
    "nThreads": 4, 
    "metric": "R2", 
    "gridPoints": [
        {
            "index": 0, 
            "finishedAt": 1562033131725.0, 
            "score": 0.77732980934755669, 
            "parameters": {
                "alpha": 0.1
            }, 
            "time": 12.0
        }, 
        {
            "index": 1, 
            "finishedAt": 1562033131667.0, 
            "score": 0.61160835590517271, 
            "parameters": {
                "alpha": 1.0
            }, 
            "time": 14.0
        }, 
        {
            "index": 2, 
            "finishedAt": 1562033131692.0, 
            "score": 0.37791485474808179, 
            "parameters": {
                "alpha": 3.0
            }, 
            "time": 9.0
        }
    ], 
    "startedAt": 1562033131507, 
    "nSplits": 3
}