[
    {
        "parameters": {
            "alpha": 1.0
        }, 
        "score_time": 1, 
        "test_score": 0.6275899194066046, 
        "fit_time": 3, 
        "num_samples": 438, 
        "best_iteration": null, 
        "train_score": 0.6224896759800811, 
        "parameter_id": 1, 
        "time": 4, 
        "done_at": 1562033131667, 
        "grid_point_id": "{\"alpha\": 1.0}@2"
    }, 
    {
        "parameters": {
            "alpha": 3.0
        }, 
        "score_time": 1, 
        "test_score": 0.3890286488148339, 
        "fit_time": 2, 
        "num_samples": 438, 
        "best_iteration": null, 
        "train_score": 0.3853466759613613, 
        "parameter_id": 2, 
        "time": 3, 
        "done_at": 1562033131692, 
        "grid_point_id": "{\"alpha\": 3.0}@2"
    }, 
    {
        "parameters": {
            "alpha": 0.1
        }, 
        "score_time": 2, 
        "test_score": 0.8061465456885474, 
        "fit_time": 3, 
        "num_samples": 439, 
        "best_iteration": null, 
        "train_score": 0.7796937410085915, 
        "parameter_id": 0, 
        "time": 5, 
        "done_at": 1562033131712, 
        "grid_point_id": "{\"alpha\": 0.1}@0"
    }, 
    {
        "parameters": {
            "alpha": 0.1
        }, 
        "score_time": 1, 
        "test_score": 0.7377539712131191, 
        "fit_time": 3, 
        "num_samples": 438, 
        "best_iteration": null, 
        "train_score": 0.811503871848253, 
        "parameter_id": 0, 
        "time": 4, 
        "done_at": 1562033131718, 
        "grid_point_id": "{\"alpha\": 0.1}@1"
    }, 
    {
        "parameters": {
            "alpha": 0.1
        }, 
        "score_time": 1, 
        "test_score": 0.788023119505522, 
        "fit_time": 2, 
        "num_samples": 438, 
        "best_iteration": null, 
        "train_score": 0.7915158059711314, 
        "parameter_id": 0, 
        "time": 3, 
        "done_at": 1562033131725, 
        "grid_point_id": "{\"alpha\": 0.1}@2"
    }, 
    {
        "parameters": {
            "alpha": 3.0
        }, 
        "score_time": 1, 
        "test_score": 0.3978385020771297, 
        "fit_time": 2, 
        "num_samples": 439, 
        "best_iteration": null, 
        "train_score": 0.3826433801278387, 
        "parameter_id": 2, 
        "time": 3, 
        "done_at": 1562033131672, 
        "grid_point_id": "{\"alpha\": 3.0}@0"
    }, 
    {
        "parameters": {
            "alpha": 1.0
        }, 
        "score_time": 2, 
        "test_score": 0.5658323072553317, 
        "fit_time": 2, 
        "num_samples": 438, 
        "best_iteration": null, 
        "train_score": 0.6374580224678739, 
        "parameter_id": 1, 
        "time": 4, 
        "done_at": 1562033131662, 
        "grid_point_id": "{\"alpha\": 1.0}@1"
    }, 
    {
        "parameters": {
            "alpha": 3.0
        }, 
        "score_time": 1, 
        "test_score": 0.3468520393932252, 
        "fit_time": 2, 
        "num_samples": 438, 
        "best_iteration": null, 
        "train_score": 0.39377939760238867, 
        "parameter_id": 2, 
        "time": 3, 
        "done_at": 1562033131688, 
        "grid_point_id": "{\"alpha\": 3.0}@1"
    }, 
    {
        "parameters": {
            "alpha": 1.0
        }, 
        "score_time": 2, 
        "test_score": 0.641366353465679, 
        "fit_time": 4, 
        "num_samples": 439, 
        "best_iteration": null, 
        "train_score": 0.6162476870858264, 
        "parameter_id": 1, 
        "time": 6, 
        "done_at": 1562033131643, 
        "grid_point_id": "{\"alpha\": 1.0}@0"
    }
]