{
    "usedGridSearch": true, 
    "gridSize": 3, 
    "modelInputNRows": 1315, 
    "modelInputNCols": 26, 
    "modelInputMemory": 273520, 
    "gridCells": [
        {
            "scoreTimeStd": 0.00047140452079103169, 
            "scoreTime": 0.0016666666666666668, 
            "fitTime": 0.0030000000000000005, 
            "score": 0.6116188322808831, 
            "params": {
                "alpha": 1.0
            }, 
            "fitTimeStd": 0.00081649658092772617, 
            "scoreStd": 0.032842828715095494
        }, 
        {
            "scoreTimeStd": 0.0, 
            "scoreTime": 0.001, 
            "fitTime": 0.002, 
            "score": 0.37792155425626606, 
            "params": {
                "alpha": 3.0
            }, 
            "fitTimeStd": 0.0, 
            "scoreStd": 0.022249663229471341
        }, 
        {
            "scoreTimeStd": 0.00047140452079103169, 
            "scoreTime": 0.0013333333333333333, 
            "fitTime": 0.0026666666666666666, 
            "score": 0.77732980934755669, 
            "params": {
                "alpha": 0.1
            }, 
            "fitTimeStd": 0.00047140452079103169, 
            "scoreStd": 0.028930854888274064
        }
    ], 
    "lmCoefficients": {
        "interceptStderr": null, 
        "interceptTstat": null, 
        "rescaledInterceptCoef": 223.0778120760674, 
        "rescaledCoefs": [
            697.22979782178538, 
            429.26627028277886, 
            852.96440225622098, 
            533.14382692288029, 
            619.85372741580784, 
            155.48968409421411, 
            688.49601669553397, 
            676.33599006344218, 
            534.37295500904838, 
            360.31258437330683, 
            1428.5493928751919, 
            217.98930854645573, 
            372.3349544875984, 
            431.75389805529682, 
            668.48823614860032, 
            418.08193679722137, 
            418.5373197992464, 
            1336.0277410165093, 
            370.48255096905996, 
            549.2279079554512, 
            611.93721778609392, 
            27.835368478663845, 
            10.568689068435782
        ], 
        "variables": [
            "Area_Almagro", 
            "Area_Arguelles", 
            "Area_Castellana", 
            "Area_Chueca-Justicia", 
            "Area_Conde Orgaz-Piovera", 
            "Area_Cuatro Caminos", 
            "Area_El Viso", 
            "Area_Goya", 
            "Area_Huertas-Cortes", 
            "Area_Ibiza", 
            "Area_Jeronimos", 
            "Area_Lavapies-Embajadores", 
            "Area_Lista", 
            "Area_Malasana-Universidad", 
            "Area_Ni\u00f1o Jesus", 
            "Area_Nueva Espana", 
            "Area_Palacio", 
            "Area_Recoletos", 
            "Area_Sol", 
            "Area_Trafalgar", 
            "Area_Vallehermoso", 
            "Floor", 
            "Sq. Mt."
        ], 
        "interceptCoef": 1819.7695817490494, 
        "interceptPvalue": null, 
        "coefs": [
            128.15191707041285, 
            71.937187260089047, 
            156.77617864790929, 
            111.29645055287887, 
            53.868379859153912, 
            25.036869703140955, 
            92.195476859748183, 
            120.33160867914283, 
            62.114093525925036, 
            44.113219376837279, 
            124.14806580866622, 
            32.025367200836193, 
            44.448033516955931, 
            63.430070115877314, 
            48.66156835437296, 
            64.444990293543526, 
            62.515228231540583, 
            278.90249855002753, 
            48.585018692761558, 
            63.840793816400542, 
            62.827383672164515, 
            82.417754878551065, 
            903.86957641372078
        ]
    }, 
    "gridBestScore": 0.77732980934755669, 
    "modelInputIsSparse": false
}