{
    "metrics": {
        "rmse": 800.4351478752616, 
        "pearson": 0.84560700688522639, 
        "mae": 413.98743442244603, 
        "r2": 0.69053984338845653, 
        "mape": 0.24088091046752044, 
        "mse": 640696.42595409194, 
        "evs": 0.69061430744601315, 
        "rmsle": 0.28375122199351227
    }, 
    "scatterPlotData": {
        "y": [
            1765.063, 
            1257.7659, 
            1787.1893, 
            1652.6781, 
            3547.803, 
            1286.6447, 
            1282.774, 
            1362.6933, 
            1188.3963, 
            1574.8266, 
            2218.9611, 
            986.8507, 
            1233.8013, 
            912.8699, 
            2258.9641, 
            1461.219, 
            1687.6993, 
            832.1911, 
            2348.1248, 
            473.3774, 
            2272.088, 
            2278.998, 
            1467.7524, 
            2836.0318, 
            1226.0599, 
            1018.5568, 
            1422.4753, 
            1695.1744, 
            3177.8989, 
            1341.272, 
            1213.0079, 
            5069.9633, 
            1038.6508, 
            1226.0599, 
            1595.6201, 
            1437.4336, 
            3047.2039, 
            2893.0854, 
            1750.5635, 
            2246.5669, 
            2936.3374, 
            1184.8285, 
            2925.2793, 
            835.0184, 
            1235.0662, 
            1260.5932, 
            1068.3596, 
            673.6607, 
            1149.2518, 
            3265.5132, 
            2559.4952, 
            1225.7203, 
            2089.5621, 
            1496.9751, 
            1232.7579, 
            1314.3008, 
            1767.1308, 
            1618.0785, 
            1422.4753, 
            2617.9959, 
            911.8265, 
            1157.5543, 
            1074.2275, 
            779.3476, 
            2485.2795, 
            1018.1603, 
            2144.7409, 
            1710.1327, 
            2185.4711, 
            1288.4286, 
            1102.6413, 
            4330.155, 
            832.1911, 
            4574.496, 
            1644.9367, 
            1681.9535, 
            5630.8781, 
            2012.0136, 
            3439.4726, 
            1847.5257, 
            779.3476, 
            3409.9078, 
            1096.4083, 
            4167.966, 
            3129.2539, 
            1174.2598, 
            954.1012, 
            1994.7469, 
            1025.1723, 
            1129.8983, 
            1107.7175, 
            885.0345, 
            1879.4685, 
            1071.4002, 
            1773.6431, 
            1620.6281, 
            2118.2027, 
            2769.0885, 
            1524.414, 
            857.1992, 
            993.5487, 
            877.2931, 
            3489.3639, 
            4051.2294, 
            881.1638, 
            1021.3841, 
            1250.7284, 
            3857.3913, 
            1438.1331, 
            4330.9294, 
            3358.61, 
            1074.0142, 
            1307.7821, 
            1523.8652, 
            3290.5528, 
            6046.9277, 
            5433.9293, 
            754.3396, 
            835.0184, 
            1206.8046, 
            940.7053, 
            708.1941, 
            912.8699, 
            832.1911, 
            804.3557, 
            1679.2174, 
            1686.1681, 
            3335.5305, 
            1622.6958, 
            996.376, 
            1496.9751, 
            898.4305, 
            1307.7821, 
            2857.5087, 
            2066.9248, 
            2783.2242, 
            2938.6897, 
            1370.1508, 
            1331.7468, 
            1322.443, 
            1764.7593, 
            1783.3731, 
            782.1749, 
            1623.7331, 
            3473.0163, 
            1973.1445, 
            2551.0167, 
            813.881, 
            1658.6166, 
            885.0345, 
            2903.9982, 
            1254.9386, 
            2704.3292, 
            1996.5274, 
            1329.7495, 
            1133.25, 
            857.1992, 
            1018.5568, 
            1899.4239, 
            1705.4391, 
            1076.1096, 
            2028.2368, 
            2973.4921, 
            3666.3761, 
            2475.9925, 
            1284.6561, 
            1679.0466, 
            1194.3538, 
            1335.4041, 
            800.485, 
            2257.8544, 
            1063.6588, 
            885.0345, 
            937.878, 
            1881.8798, 
            1418.1784, 
            6223.0612, 
            1074.2275, 
            1149.2518, 
            1318.6948, 
            1864.7924, 
            1523.0266, 
            1253.829, 
            2334.6687, 
            890.6891, 
            2248.0925, 
            2258.9641, 
            1842.6424, 
            2291.5088, 
            1891.8873, 
            871.1168, 
            1153.7009, 
            1342.233, 
            1394.1155, 
            978.0659, 
            2893.0854, 
            2867.8053, 
            1525.8539, 
            3101.3215, 
            3911.2782, 
            1567.019, 
            898.4305, 
            1385.4202, 
            1397.2267, 
            1708.0459, 
            1478.1461, 
            1632.5297, 
            1075.2709, 
            1722.7883, 
            1606.3662, 
            1710.1636, 
            1599.8347, 
            3742.9391, 
            2999.7613, 
            3130.1477, 
            1383.5468, 
            915.6972, 
            1374.0215, 
            1422.4753, 
            1665.3146, 
            1891.8873, 
            673.6607, 
            2329.0141, 
            2166.4011, 
            990.7214, 
            1099.2356, 
            887.8618, 
            807.183, 
            1866.4827, 
            1574.8266, 
            1279.9467, 
            1471.0218, 
            1096.4083, 
            2336.8156, 
            1052.5712, 
            3110.3977, 
            1029.6472, 
            2176.1384, 
            885.0345, 
            2495.346, 
            1543.1205, 
            1971.5227, 
            3118.6265, 
            1469.1397, 
            2605.3045, 
            1102.0629, 
            1084.2773, 
            1524.8105, 
            887.8618, 
            775.4769, 
            1292.2168, 
            2764.8213, 
            1391.2882, 
            1121.203, 
            2206.1207, 
            1573.7169, 
            2920.9208, 
            1914.0681, 
            2012.9907, 
            2356.038, 
            1424.7781, 
            3982.1626, 
            2553.844, 
            1954.9599, 
            870.5951, 
            4327.0587, 
            898.2171, 
            1152.079, 
            1102.0629, 
            1194.3538, 
            1231.318, 
            935.7912, 
            2438.0906, 
            1973.9535, 
            1367.1442, 
            1693.7047, 
            1206.8046, 
            1472.4548, 
            1291.2559, 
            1714.0001, 
            1701.307, 
            1553.6068, 
            2649.4644, 
            2471.7822, 
            3553.7461, 
            2054.2883, 
            972.4113, 
            860.0264, 
            1904.2399, 
            2482.9487, 
            887.8618, 
            940.7053, 
            1288.4253, 
            1734.1956, 
            1521.5867, 
            1489.4822, 
            1063.6588, 
            885.0345, 
            3784.1848, 
            832.1911, 
            1179.9144, 
            1494.1478, 
            1969.7388, 
            878.3365, 
            1075.2709, 
            2406.8656, 
            859.944, 
            887.8618, 
            2649.4644, 
            2258.9641, 
            2332.4037, 
            2435.3351, 
            1405.6451, 
            1350.0568, 
            926.2659, 
            957.9719, 
            1686.452, 
            1170.3891, 
            1827.4317, 
            4444.7677, 
            2164.5864, 
            1195.3972, 
            1658.3327, 
            3100.9326, 
            2698.9182, 
            866.7244, 
            1518.1125, 
            2131.0964, 
            919.5679, 
            775.4769, 
            2060.7142, 
            1200.8384, 
            1015.7295, 
            1257.7659, 
            1391.2882, 
            1362.4094, 
            698.6688, 
            2418.9344, 
            1393.5965, 
            2299.9233, 
            758.2103, 
            4920.9582, 
            2345.2975, 
            860.0264, 
            1534.5724, 
            5108.3358, 
            2007.0995, 
            743.7709, 
            1530.2517, 
            2149.7505, 
            1429.6923, 
            1891.8873, 
            1180.7785, 
            779.3476, 
            1257.7659, 
            2940.9547, 
            838.8891, 
            2032.0474, 
            1338.4447, 
            3540.3307, 
            2665.1855, 
            2677.5014, 
            831.9777, 
            2011.9534, 
            2681.6454, 
            1132.7255, 
            972.4113, 
            3955.6089, 
            1947.558, 
            1863.6555, 
            1447.8231, 
            2885.8463, 
            1335.6175, 
            1331.7468, 
            1095.3649, 
            779.3476, 
            2027.2242, 
            2498.1733, 
            1204.9225, 
            1202.0952, 
            1791.855, 
            729.3315, 
            1481.7762, 
            1253.5557, 
            1552.6458, 
            2531.2668, 
            4142.8388, 
            1187.6558, 
            2278.0147, 
            1700.8559, 
            1235.5851, 
            2865.0367, 
            2699.4806, 
            4060.0142, 
            1416.2963, 
            1046.3922, 
            940.7053, 
            1747.7362, 
            810.9712, 
            1574.8266, 
            1192.267, 
            1881.897, 
            1341.272, 
            1257.7659, 
            4757.5476, 
            1202.0952, 
            3623.8052, 
            1502.9136, 
            1550.1024, 
            3512.4637, 
            807.183, 
            1543.82, 
            2286.7995, 
            1552.6458, 
            2518.7694, 
            1240.4993, 
            1018.4743, 
            940.7053, 
            2127.2257, 
            1421.9509, 
            1673.3505, 
            1981.048, 
            1067.5295, 
            1741.937, 
            4791.2392, 
            2103.2611, 
            2276.733, 
            3640.363, 
            1570.8897, 
            890.6891, 
            982.98, 
            1644.633, 
            1341.272, 
            1018.5568, 
            1912.5424, 
            648.6527, 
            1184.8285, 
            1021.3841, 
            1683.9192, 
            1123.1178, 
            2078.253, 
            2415.6561, 
            1018.5568, 
            4045.5748, 
            2619.2767, 
            1376.8488, 
            1201.8818, 
            757.1668, 
            1765.6242, 
            3087.6948, 
            2727.3749, 
            3875.5086, 
            940.7053, 
            1046.3922, 
            1300.3831, 
            931.18, 
            3080.9824, 
            1964.7646, 
            1497.936, 
            1630.4973, 
            1067.5295, 
            835.0184, 
            2983.2294, 
            3959.9675, 
            810.0103, 
            832.1911, 
            835.0184, 
            2942.0037, 
            1035.8235, 
            1624.8428, 
            2119.481, 
            1023.168, 
            1335.221, 
            1318.3508, 
            993.5487, 
            3062.925, 
            1188.9207, 
            2361.6103, 
            1997.5742, 
            1652.6781, 
            1329.6599, 
            2948.3597, 
            1188.4945, 
            4101.3045, 
            2865.2501, 
            832.1911, 
            1159.8204, 
            2153.0639, 
            1892.059, 
            887.8618, 
            1074.2275, 
            930.1366, 
            2819.6068, 
            1391.2882, 
            2438.1496, 
            1479.6259, 
            1290.3107, 
            1630.2447, 
            1466.3124, 
            1742.8278, 
            3164.4885, 
            1959.7485, 
            2017.608, 
            1127.3549, 
            2395.3137, 
            2107.9704, 
            940.7053, 
            4561.8949, 
            940.7053, 
            1754.4281, 
            1198.2245, 
            1181.7965, 
            2461.837, 
            1528.5987, 
            1148.1421, 
            6698.6522, 
            5953.5934, 
            1602.662, 
            2681.7117, 
            835.0184, 
            2631.6955, 
            2703.8262, 
            1980.0038, 
            1039.6942, 
            2654.8653, 
            2229.7414, 
            1521.9832, 
            870.5951, 
            1600.4131, 
            937.878, 
            2367.4783, 
            1099.2356, 
            2419.2182, 
            1526.6925, 
            2192.5199, 
            2321.3295, 
            1609.1807, 
            1278.9033, 
            2833.0746, 
            1676.3399, 
            3533.6019, 
            1418.9102, 
            3706.3333, 
            742.7275, 
            937.878, 
            990.7214, 
            1492.7605, 
            4939.23, 
            1598.7913, 
            1039.6942, 
            1864.7924, 
            2103.8395, 
            1103.0238, 
            940.7053, 
            1322.443, 
            965.7133, 
            1800.3677, 
            1046.3922, 
            2158.9318
        ], 
        "x": [
            1700.0, 
            800.0, 
            1800.0, 
            1500.0, 
            3900.0, 
            1200.0, 
            975.0, 
            890.0, 
            950.0, 
            1200.0, 
            2000.0, 
            900.0, 
            1000.0, 
            980.0, 
            2800.0, 
            1100.0, 
            950.0, 
            750.0, 
            2200.0, 
            500.0, 
            3240.0, 
            3300.0, 
            1100.0, 
            2300.0, 
            1150.0, 
            900.0, 
            1400.0, 
            1700.0, 
            2950.0, 
            780.0, 
            1852.0, 
            8000.0, 
            900.0, 
            1100.0, 
            1300.0, 
            1000.0, 
            4320.0, 
            3500.0, 
            1000.0, 
            2100.0, 
            2300.0, 
            760.0, 
            3950.0, 
            700.0, 
            1250.0, 
            1190.0, 
            1100.0, 
            950.0, 
            1000.0, 
            4000.0, 
            2970.0, 
            850.0, 
            1800.0, 
            1300.0, 
            900.0, 
            1100.0, 
            1300.0, 
            1300.0, 
            1200.0, 
            2250.0, 
            750.0, 
            850.0, 
            650.0, 
            575.0, 
            2700.0, 
            850.0, 
            1500.0, 
            1200.0, 
            2495.0, 
            1300.0, 
            1300.0, 
            8000.0, 
            800.0, 
            5000.0, 
            1250.0, 
            1100.0, 
            6000.0, 
            2000.0, 
            3500.0, 
            1950.0, 
            950.0, 
            3800.0, 
            840.0, 
            4100.0, 
            4000.0, 
            995.0, 
            750.0, 
            1900.0, 
            1200.0, 
            700.0, 
            1300.0, 
            825.0, 
            2000.0, 
            1400.0, 
            1200.0, 
            1300.0, 
            950.0, 
            2250.0, 
            1200.0, 
            1250.0, 
            1060.0, 
            640.0, 
            3000.0, 
            3900.0, 
            1200.0, 
            650.0, 
            925.0, 
            5000.0, 
            1290.0, 
            3600.0, 
            2900.0, 
            850.0, 
            1100.0, 
            1400.0, 
            2650.0, 
            5500.0, 
            6500.0, 
            850.0, 
            650.0, 
            675.0, 
            550.0, 
            730.0, 
            675.0, 
            700.0, 
            700.0, 
            1150.0, 
            1500.0, 
            3300.0, 
            950.0, 
            790.0, 
            1250.0, 
            600.0, 
            915.0, 
            2900.0, 
            1950.0, 
            2800.0, 
            3500.0, 
            1300.0, 
            1200.0, 
            730.0, 
            1150.0, 
            1900.0, 
            700.0, 
            2295.0, 
            4700.0, 
            2000.0, 
            3200.0, 
            500.0, 
            1600.0, 
            720.0, 
            1600.0, 
            1300.0, 
            1600.0, 
            1600.0, 
            900.0, 
            750.0, 
            800.0, 
            750.0, 
            1400.0, 
            2500.0, 
            650.0, 
            1700.0, 
            2650.0, 
            3450.0, 
            2600.0, 
            700.0, 
            2000.0, 
            1175.0, 
            1100.0, 
            710.0, 
            2430.0, 
            680.0, 
            800.0, 
            765.0, 
            2970.0, 
            1550.0, 
            7500.0, 
            1050.0, 
            1000.0, 
            950.0, 
            1600.0, 
            1550.0, 
            900.0, 
            1500.0, 
            1090.0, 
            2750.0, 
            2500.0, 
            1600.0, 
            4500.0, 
            2400.0, 
            725.0, 
            900.0, 
            940.0, 
            850.0, 
            850.0, 
            3500.0, 
            2650.0, 
            1000.0, 
            2200.0, 
            2900.0, 
            1400.0, 
            800.0, 
            1090.0, 
            1150.0, 
            1590.0, 
            1450.0, 
            1400.0, 
            690.0, 
            1850.0, 
            1100.0, 
            1200.0, 
            1500.0, 
            4500.0, 
            2200.0, 
            2500.0, 
            900.0, 
            880.0, 
            1250.0, 
            1150.0, 
            940.0, 
            1400.0, 
            800.0, 
            2800.0, 
            1500.0, 
            700.0, 
            800.0, 
            1000.0, 
            775.0, 
            1700.0, 
            1200.0, 
            850.0, 
            1600.0, 
            1699.0, 
            2500.0, 
            1215.0, 
            3000.0, 
            1200.0, 
            2400.0, 
            950.0, 
            2500.0, 
            1400.0, 
            2300.0, 
            3500.0, 
            1400.0, 
            3000.0, 
            800.0, 
            900.0, 
            1200.0, 
            850.0, 
            1000.0, 
            950.0, 
            3300.0, 
            1200.0, 
            850.0, 
            2300.0, 
            2565.0, 
            3500.0, 
            2700.0, 
            1600.0, 
            1250.0, 
            1200.0, 
            3500.0, 
            2800.0, 
            2700.0, 
            700.0, 
            3500.0, 
            950.0, 
            900.0, 
            1200.0, 
            1250.0, 
            2430.0, 
            700.0, 
            1250.0, 
            1700.0, 
            1450.0, 
            2150.0, 
            900.0, 
            750.0, 
            1300.0, 
            1300.0, 
            1600.0, 
            1100.0, 
            3375.0, 
            2800.0, 
            3149.0, 
            1700.0, 
            800.0, 
            630.0, 
            2700.0, 
            2750.0, 
            725.0, 
            780.0, 
            600.0, 
            2100.0, 
            1800.0, 
            1325.0, 
            900.0, 
            700.0, 
            4300.0, 
            750.0, 
            1000.0, 
            1300.0, 
            1700.0, 
            900.0, 
            800.0, 
            2800.0, 
            750.0, 
            680.0, 
            1800.0, 
            1900.0, 
            1400.0, 
            1500.0, 
            1300.0, 
            1200.0, 
            925.0, 
            950.0, 
            2500.0, 
            855.0, 
            1450.0, 
            5700.0, 
            1600.0, 
            750.0, 
            1500.0, 
            3000.0, 
            2500.0, 
            725.0, 
            1450.0, 
            1800.0, 
            800.0, 
            630.0, 
            1800.0, 
            1200.0, 
            1050.0, 
            1000.0, 
            1300.0, 
            800.0, 
            1440.0, 
            1800.0, 
            950.0, 
            2250.0, 
            900.0, 
            4800.0, 
            2300.0, 
            750.0, 
            1200.0, 
            4300.0, 
            1600.0, 
            925.0, 
            2500.0, 
            2300.0, 
            1850.0, 
            2500.0, 
            1400.0, 
            725.0, 
            1200.0, 
            2900.0, 
            500.0, 
            2300.0, 
            800.0, 
            3700.0, 
            2800.0, 
            3900.0, 
            800.0, 
            2300.0, 
            2800.0, 
            1100.0, 
            870.0, 
            3500.0, 
            1800.0, 
            2295.0, 
            1100.0, 
            2000.0, 
            2200.0, 
            900.0, 
            800.0, 
            750.0, 
            4300.0, 
            2950.0, 
            1750.0, 
            749.0, 
            1300.0, 
            1000.0, 
            1250.0, 
            1200.0, 
            1250.0, 
            3200.0, 
            3400.0, 
            1195.0, 
            2750.0, 
            1850.0, 
            790.0, 
            4500.0, 
            2200.0, 
            4500.0, 
            999.0, 
            630.0, 
            830.0, 
            1400.0, 
            750.0, 
            1600.0, 
            950.0, 
            1500.0, 
            1300.0, 
            1100.0, 
            5500.0, 
            950.0, 
            4000.0, 
            1300.0, 
            1050.0, 
            4000.0, 
            1175.0, 
            920.0, 
            2200.0, 
            1300.0, 
            1100.0, 
            850.0, 
            850.0, 
            850.0, 
            2500.0, 
            1650.0, 
            1700.0, 
            1550.0, 
            700.0, 
            1500.0, 
            16000.0, 
            2400.0, 
            2160.0, 
            4500.0, 
            1350.0, 
            800.0, 
            660.0, 
            2200.0, 
            1300.0, 
            640.0, 
            1300.0, 
            750.0, 
            1250.0, 
            620.0, 
            1700.0, 
            1100.0, 
            2500.0, 
            2800.0, 
            750.0, 
            3600.0, 
            2800.0, 
            1000.0, 
            1150.0, 
            900.0, 
            2430.0, 
            4800.0, 
            2750.0, 
            3800.0, 
            750.0, 
            800.0, 
            850.0, 
            690.0, 
            3500.0, 
            1150.0, 
            1500.0, 
            1600.0, 
            775.0, 
            900.0, 
            2380.0, 
            5500.0, 
            800.0, 
            590.0, 
            700.0, 
            2700.0, 
            950.0, 
            1700.0, 
            1500.0, 
            950.0, 
            1000.0, 
            1400.0, 
            950.0, 
            3000.0, 
            825.0, 
            10000.0, 
            2400.0, 
            1500.0, 
            895.0, 
            4300.0, 
            800.0, 
            6000.0, 
            3800.0, 
            800.0, 
            1000.0, 
            1500.0, 
            1240.0, 
            850.0, 
            1350.0, 
            625.0, 
            2000.0, 
            1350.0, 
            2500.0, 
            1550.0, 
            1550.0, 
            2700.0, 
            1100.0, 
            3500.0, 
            3000.0, 
            1900.0, 
            1500.0, 
            600.0, 
            2100.0, 
            3105.0, 
            800.0, 
            3000.0, 
            650.0, 
            2295.0, 
            1000.0, 
            915.0, 
            2100.0, 
            1600.0, 
            900.0, 
            7450.0, 
            9000.0, 
            1350.0, 
            3500.0, 
            825.0, 
            2900.0, 
            2800.0, 
            3780.0, 
            750.0, 
            2600.0, 
            2200.0, 
            1000.0, 
            800.0, 
            3000.0, 
            975.0, 
            2600.0, 
            1250.0, 
            3000.0, 
            1800.0, 
            3105.0, 
            1575.0, 
            2160.0, 
            900.0, 
            3250.0, 
            2565.0, 
            4300.0, 
            1400.0, 
            3900.0, 
            750.0, 
            870.0, 
            1300.0, 
            975.0, 
            7500.0, 
            1350.0, 
            950.0, 
            1600.0, 
            2700.0, 
            900.0, 
            850.0, 
            1300.0, 
            850.0, 
            2295.0, 
            1100.0, 
            1700.0
        ]
    }, 
    "processed_feature_names": [
        "Area_Almagro", 
        "Area_Arguelles", 
        "Area_Castellana", 
        "Area_Chueca-Justicia", 
        "Area_Conde Orgaz-Piovera", 
        "Area_Cuatro Caminos", 
        "Area_El Viso", 
        "Area_Goya", 
        "Area_Huertas-Cortes", 
        "Area_Ibiza", 
        "Area_Jeronimos", 
        "Area_Lavapies-Embajadores", 
        "Area_Lista", 
        "Area_Malasana-Universidad", 
        "Area_Ni\u00f1o Jesus", 
        "Area_Nueva Espana", 
        "Area_Palacio", 
        "Area_Recoletos", 
        "Area_Sol", 
        "Area_Trafalgar", 
        "Area_Vallehermoso", 
        "Floor", 
        "Sq. Mt.", 
        "num_flagonly:Outer:not_missing", 
        "num_flagonly:Cottage:not_missing", 
        "num_flagonly:Penthouse:not_missing"
    ], 
    "regression_performance": {
        "max_error": 1699.9305187782857, 
        "median_error": -115.71333848172128, 
        "error_distribution": [
            {
                "count": 36, 
                "bin_max": -622.02960342634287, 
                "bin_id": 0, 
                "bin_min": -882.60512825152898
            }, 
            {
                "count": 89, 
                "bin_max": -364.03403429249522, 
                "bin_id": 1, 
                "bin_min": -622.02960342634287
            }, 
            {
                "count": 159, 
                "bin_max": -106.03846515864757, 
                "bin_id": 2, 
                "bin_min": -364.03403429249522
            }, 
            {
                "count": 136, 
                "bin_max": 151.95710397520008, 
                "bin_id": 3, 
                "bin_min": -106.03846515864757
            }, 
            {
                "count": 52, 
                "bin_max": 409.95267310904785, 
                "bin_id": 4, 
                "bin_min": 151.95710397520008
            }, 
            {
                "count": 34, 
                "bin_max": 667.94824224289539, 
                "bin_id": 5, 
                "bin_min": 409.95267310904785
            }, 
            {
                "count": 20, 
                "bin_max": 925.94381137674293, 
                "bin_id": 6, 
                "bin_min": 667.94824224289539
            }, 
            {
                "count": 11, 
                "bin_max": 1183.9393805105906, 
                "bin_id": 7, 
                "bin_min": 925.94381137674293
            }, 
            {
                "count": 8, 
                "bin_max": 1441.9349496444383, 
                "bin_id": 8, 
                "bin_min": 1183.9393805105906
            }, 
            {
                "count": 14, 
                "bin_max": 1699.9305187782857, 
                "bin_id": 9, 
                "bin_min": 1441.9349496444383
            }
        ], 
        "min_error": -880.02517256019053, 
        "average_error": -22.194064970399708, 
        "std_error": 503.2662738291944, 
        "p75_error": 150.50693266968574, 
        "p90_error": 614.2885960477096, 
        "p25_error": -326.9826138367715
    }
}