{
  "state": "DONE",
  "preSearchDescription": {
    "gridLength": 3,
    "importantParams": [
      {
        "name": "alpha",
        "vals": [
          "0.1",
          "1.0",
          "3.0"
        ]
      }
    ]
  },
  "postSearchDescription": {
    "importantParams": [
      {
        "name": "alpha",
        "val": "0.1"
      }
    ]
  },
  "sampleWeightsEnabled": false,
  "modelId": "m1",
  "progress": {
    "top_level_todo": [],
    "stack": [],
    "top_level_done": [
      {
        "name": "Loading train set",
        "time": 51
      },
      {
        "name": "Loading test set",
        "time": 42
      },
      {
        "name": "Collecting statistics",
        "time": 104
      },
      {
        "name": "Preprocessing train set",
        "time": 229
      },
      {
        "name": "Preprocessing test set",
        "time": 273
      },
      {
        "name": "Grid searching",
        "time": 1100
      },
      {
        "name": "Fitting model",
        "time": 9
      },
      {
        "name": "Saving model",
        "time": 3
      },
      {
        "name": "Scoring model",
        "time": 92
      }
    ]
  },
  "startTime": 1562033130752,
  "endTime": 1562033132673,
  "preprocessingTime": 716,
  "trainingTime": 1205
}