{
  "trainedWithDSSVersion": "5.0.3",
  "isValid": true,
  "type": "REGRESSION",
  "algorithm_name": "LINEAR",
  "columns": [
    "Area_Almagro",
    "Area_Arguelles",
    "Area_Castellana",
    "Area_Chueca-Justicia",
    "Area_Conde Orgaz-Piovera",
    "Area_Cuatro Caminos",
    "Area_El Viso",
    "Area_Goya",
    "Area_Huertas-Cortes",
    "Area_Ibiza",
    "Area_Jeronimos",
    "Area_Lavapies-Embajadores",
    "Area_Lista",
    "Area_Malasana-Universidad",
    "Area_Niño Jesus",
    "Area_Nueva Espana",
    "Area_Palacio",
    "Area_Recoletos",
    "Area_Sol",
    "Area_Trafalgar",
    "Area_Vallehermoso",
    "Floor",
    "Sq. Mt.",
    "num_flagonly:Outer:not_missing",
    "num_flagonly:Cottage:not_missing",
    "num_flagonly:Penthouse:not_missing"
  ]
}