{
    "modelInputIsSparse": false, 
    "modelInputNRows": 1315, 
    "modelInputNCols": 26, 
    "modelInputMemory": 273520, 
    "lmCoefficients": {
        "interceptStderr": null, 
        "interceptTstat": null, 
        "rescaledInterceptCoef": 72.55249383022806, 
        "rescaledCoefs": [
            717.41120688275998, 
            523.40943389268409, 
            896.18521700568181, 
            612.76704400322228, 
            701.08073568340876, 
            221.26589136128479, 
            738.98182520289561, 
            763.35349885824871, 
            651.17168431267942, 
            421.04531562877384, 
            1537.6548139087499, 
            321.2148765984229, 
            460.39766142955153, 
            552.44647057661132, 
            723.41941543438975, 
            476.21906979397045, 
            524.55957603339755, 
            1440.0148234790454, 
            473.01123320657143, 
            650.1246248751504, 
            702.86114440992094, 
            26.508965795653026, 
            11.593998022375226
        ], 
        "variables": [
            "Area_Almagro", 
            "Area_Arguelles", 
            "Area_Castellana", 
            "Area_Chueca-Justicia", 
            "Area_Conde Orgaz-Piovera", 
            "Area_Cuatro Caminos", 
            "Area_El Viso", 
            "Area_Goya", 
            "Area_Huertas-Cortes", 
            "Area_Ibiza", 
            "Area_Jeronimos", 
            "Area_Lavapies-Embajadores", 
            "Area_Lista", 
            "Area_Malasana-Universidad", 
            "Area_Ni\u00f1o Jesus", 
            "Area_Nueva Espana", 
            "Area_Palacio", 
            "Area_Recoletos", 
            "Area_Sol", 
            "Area_Trafalgar", 
            "Area_Vallehermoso", 
            "Floor", 
            "Sq. Mt."
        ], 
        "interceptCoef": 72.55249383022806, 
        "interceptPvalue": null, 
        "coefs": [
            717.41120688275998, 
            523.40943389268409, 
            896.18521700568181, 
            612.76704400322228, 
            701.08073568340876, 
            221.26589136128479, 
            738.98182520289561, 
            763.35349885824871, 
            651.17168431267942, 
            421.04531562877384, 
            1537.6548139087499, 
            321.2148765984229, 
            460.39766142955153, 
            552.44647057661132, 
            723.41941543438975, 
            476.21906979397045, 
            524.55957603339755, 
            1440.0148234790454, 
            473.01123320657143, 
            650.1246248751504, 
            702.86114440992094, 
            26.508965795653026, 
            11.593998022375226
        ]
    }
}