{
  "state": "DONE",
  "preSearchDescription": {
    "gridLength": 1,
    "importantParams": []
  },
  "postSearchDescription": {
    "importantParams": []
  },
  "sampleWeightsEnabled": false,
  "modelId": "m1",
  "progress": {
    "top_level_todo": [],
    "stack": [],
    "top_level_done": [
      {
        "name": "Loading train set",
        "time": 31
      },
      {
        "name": "Loading test set",
        "time": 18
      },
      {
        "name": "Collecting statistics",
        "time": 55
      },
      {
        "name": "Preprocessing train set",
        "time": 35
      },
      {
        "name": "Preprocessing test set",
        "time": 28
      },
      {
        "name": "Fitting model",
        "time": 27
      },
      {
        "name": "Saving model",
        "time": 3
      },
      {
        "name": "Scoring model",
        "time": 98
      }
    ]
  },
  "startTime": 1562034490135,
  "endTime": 1562034490437,
  "preprocessingTime": 174,
  "trainingTime": 128
}