{
    "rawImportance": {
        "variables": [
            "Area_Almagro", 
            "Area_Arguelles", 
            "Area_Castellana", 
            "Area_Goya", 
            "Area_Recoletos", 
            "Floor", 
            "Sq. Mt."
        ], 
        "importances": [
            0.0090770524443576361, 
            0.0025612964453217207, 
            0.0038121683454437525, 
            0.0055733222460590016, 
            0.042672068679066956, 
            0.037629411853323073, 
            0.8986746799864278
        ]
    }, 
    "modelInputNRows": 1315, 
    "partialDependencies": [
        {
            "featureBins": [
                9.6583116504511679e-10, 
                1.0000000346822275
            ], 
            "data": [
                [
                    -2.7272373593411885, 
                    241.42585551330785
                ]
            ], 
            "feature": "Area_Almagro"
        }, 
        {
            "featureBins": [
                -5.9303134278265723e-10, 
                1.0000000358319563
            ], 
            "data": [
                [
                    -4.210722433460205, 
                    42.10722433460046
                ]
            ], 
            "feature": "Area_Arguelles"
        }, 
        {
            "featureBins": [
                9.6583104014502652e-10, 
                1.0000000346822311
            ], 
            "data": [
                [
                    -6.74809885931586, 
                    48.58631178707196
                ]
            ], 
            "feature": "Area_Castellana"
        }, 
        {
            "featureBins": [
                1.2557634168630649e-09, 
                0.999999990583198
            ], 
            "data": [
                [
                    -2.2737367544323206e-13, 
                    -2.2737367544323206e-13
                ]
            ], 
            "feature": "Area_Chueca-Justicia"
        }, 
        {
            "featureBins": [
                -2.988147966911936e-10, 
                1.0000000088869248
            ], 
            "data": [
                [
                    -2.2737367544323206e-13, 
                    -2.2737367544323206e-13
                ]
            ], 
            "feature": "Area_Conde Orgaz-Piovera"
        }, 
        {
            "featureBins": [
                1.9304269641140515e-10, 
                0.99999999294015274
            ], 
            "data": [
                [
                    -2.2737367544323206e-13, 
                    -2.2737367544323206e-13
                ]
            ], 
            "feature": "Area_Cuatro Caminos"
        }, 
        {
            "featureBins": [
                9.5904583580219693e-10, 
                0.99999999754786184
            ], 
            "data": [
                [
                    -2.2737367544323206e-13, 
                    -2.2737367544323206e-13
                ]
            ], 
            "feature": "Area_El Viso"
        }, 
        {
            "featureBins": [
                9.8345447757663962e-10, 
                0.99999996696211912
            ], 
            "data": [
                [
                    -9.9907978400488, 
                    148.61311787072214
                ]
            ], 
            "feature": "Area_Goya"
        }, 
        {
            "featureBins": [
                -1.8051815597885934e-10, 
                0.99999995685935439
            ], 
            "data": [
                [
                    -2.2737367544323206e-13, 
                    -2.2737367544323206e-13
                ]
            ], 
            "feature": "Area_Huertas-Cortes"
        }, 
        {
            "featureBins": [
                2.9641572182881326e-10, 
                0.99999999905063552
            ], 
            "data": [
                [
                    -2.2737367544323206e-13, 
                    -2.2737367544323206e-13
                ]
            ], 
            "feature": "Area_Ibiza"
        }, 
        {
            "featureBins": [
                -2.9881481924259878e-10, 
                1.0000000088869276
            ], 
            "data": [
                [
                    -2.2737367544323206e-13, 
                    -2.2737367544323206e-13
                ]
            ], 
            "feature": "Area_Jeronimos"
        }, 
        {
            "featureBins": [
                6.6530546349863329e-10, 
                0.99999998997318784
            ], 
            "data": [
                [
                    -2.2737367544323206e-13, 
                    -2.2737367544323206e-13
                ]
            ], 
            "feature": "Area_Lavapies-Embajadores"
        }, 
        {
            "featureBins": [
                -1.6720162754335632e-10, 
                1.0000000555952417
            ], 
            "data": [
                [
                    -2.2737367544323206e-13, 
                    -2.2737367544323206e-13
                ]
            ], 
            "feature": "Area_Lista"
        }, 
        {
            "featureBins": [
                6.6530542186526986e-10, 
                0.99999998997318962
            ], 
            "data": [
                [
                    -2.2737367544323206e-13, 
                    -2.2737367544323206e-13
                ]
            ], 
            "feature": "Area_Malasana-Universidad"
        }, 
        {
            "featureBins": [
                2.4431043819939102e-10, 
                1.0000000054850369
            ], 
            "data": [
                [
                    -2.2737367544323206e-13, 
                    -2.2737367544323206e-13
                ]
            ], 
            "feature": "Area_Ni\u00f1o Jesus"
        }, 
        {
            "featureBins": [
                -6.5041347654948289e-10, 
                1.0000000054051399
            ], 
            "data": [
                [
                    -2.2737367544323206e-13, 
                    -2.2737367544323206e-13
                ]
            ], 
            "feature": "Area_Nueva Espana"
        }, 
        {
            "featureBins": [
                9.827133481965511e-10, 
                1.0000000243079443
            ], 
            "data": [
                [
                    -2.2737367544323206e-13, 
                    -2.2737367544323206e-13
                ]
            ], 
            "feature": "Area_Palacio"
        }, 
        {
            "featureBins": [
                1.2557645340249834e-09, 
                0.99999999058317468
            ], 
            "data": [
                [
                    -43.79578535813289, 
                    790.2039109179796
                ]
            ], 
            "feature": "Area_Recoletos"
        }, 
        {
            "featureBins": [
                3.7132679223117471e-10, 
                0.99999999307495868
            ], 
            "data": [
                [
                    -2.2737367544323206e-13, 
                    -2.2737367544323206e-13
                ]
            ], 
            "feature": "Area_Sol"
        }, 
        {
            "featureBins": [
                -1.8051827567477918e-10, 
                0.99999995685936294
            ], 
            "data": [
                [
                    -2.2737367544323206e-13, 
                    -2.2737367544323206e-13
                ]
            ], 
            "feature": "Area_Trafalgar"
        }, 
        {
            "featureBins": [
                -5.3855466961016951e-11, 
                1.0000000450552318
            ], 
            "data": [
                [
                    -2.2737367544323206e-13, 
                    -2.2737367544323206e-13
                ]
            ], 
            "feature": "Area_Vallehermoso"
        }, 
        {
            "featureBins": [
                -0.50000003643027124, 
                7.9930528418259428e-08, 
                0.4999998433244901, 
                0.99999995968528976, 
                2.0000000159234701, 
                2.9999999839199409, 
                3.9999999960372667, 
                5.0000000081545926, 
                6.0000000643927729, 
                6.9999999441475342, 
                7.9999998239022956, 
                9.0000000566238949, 
                10.000000289345493, 
                10.999999816133418, 
                12.000000048855018, 
                13.000000281576618, 
                13.999999808364539, 
                15.000000041086139, 
                15.999999567874063, 
                16.999999800595663, 
                20.00000049876046, 
                22.999999785057906, 
                25.000000250501106, 
                28.000000948665907, 
                29.000001181387503
            ], 
            "data": [
                [
                    -39.15933779660827, 
                    -39.15933779660827, 
                    -39.15933779660827, 
                    -39.15933779660827, 
                    -8.046536782666635, 
                    -41.44092026990188, 
                    -41.44092026990188, 
                    48.592468044559155, 
                    48.592468044559155, 
                    130.4522624397148, 
                    130.4522624397148, 
                    130.4522624397148, 
                    130.4522624397148, 
                    130.4522624397148, 
                    130.4522624397148, 
                    454.35893371520706, 
                    454.35893371520706, 
                    454.35893371520706, 
                    454.35893371520706, 
                    454.35893371520706, 
                    454.35893371520706, 
                    454.35893371520706, 
                    454.35893371520706, 
                    454.35893371520706, 
                    454.35893371520706
                ]
            ], 
            "feature": "Floor"
        }, 
        {
            "featureBins": [
                41.999999896310271, 
                44.404040270955534, 
                46.808080645600796, 
                49.212121020246073, 
                51.616161394891328, 
                54.020201769536591, 
                56.424242144181861, 
                58.828282518827123, 
                61.232322893472386, 
                63.636363268117648, 
                66.040403642762911, 
                68.444444017408188, 
                70.84848439205345, 
                73.252524766698713, 
                75.656565141343975, 
                78.060605515989238, 
                80.4646458906345, 
                82.868686265279763, 
                85.272726639925025, 
                87.676767014570302, 
                90.080807389215565, 
                92.484847763860827, 
                94.888888138506104, 
                97.292928513151367, 
                99.696968887796615, 
                102.10100926244188, 
                104.50504963708714, 
                106.90909001173242, 
                109.31313038637768, 
                111.71717076102294, 
                114.12121113566822, 
                116.52525151031348, 
                118.92929188495874, 
                121.33333225960399, 
                123.73737263424925, 
                126.14141300889453, 
                128.54545338353978, 
                130.94949375818507, 
                133.35353413283033, 
                135.7575745074756, 
                138.16161488212086, 
                140.56565525676612, 
                142.96969563141138, 
                145.37373600605665, 
                147.77777638070194, 
                150.1818167553472, 
                152.58585712999246, 
                154.98989750463772, 
                157.39393787928299, 
                159.79797825392825, 
                162.20201862857351, 
                164.60605900321877, 
                167.01009937786401, 
                169.4141397525093, 
                171.81818012715456, 
                174.22222050179982, 
                176.62626087644509, 
                179.03030125109035, 
                181.43434162573561, 
                183.83838200038088, 
                186.24242237502614, 
                188.6464627496714, 
                191.05050312431666, 
                193.45454349896193, 
                195.85858387360719, 
                198.26262424825245, 
                200.66666462289771, 
                203.07070499754298, 
                205.47474537218824, 
                207.87878574683353, 
                210.28282612147879, 
                212.68686649612405, 
                215.09090687076929, 
                217.49494724541461, 
                219.89898762005987, 
                222.30302799470513, 
                224.7070683693504, 
                227.11110874399566, 
                229.51514911864092, 
                231.91918949328618, 
                234.32322986793145, 
                236.72727024257671, 
                239.13131061722197, 
                241.53535099186723, 
                243.9393913665125, 
                246.34343174115776, 
                248.74747211580302, 
                251.15151249044828, 
                253.55555286509355, 
                255.95959323973881, 
                258.36363361438407, 
                260.76767398902933, 
                263.1717143636746, 
                265.57575473831986, 
                267.97979511296512, 
                270.38383548761038, 
                272.78787586225565, 
                275.19191623690091, 
                277.59595661154617, 
                279.99999698619143
            ], 
            "data": [
                [
                    -814.1734279028956, 
                    -814.1734279028956, 
                    -814.1734279028956, 
                    -814.1734279028956, 
                    -814.1734279028956, 
                    -814.1734279028956, 
                    -814.1734279028956, 
                    -814.1734279028956, 
                    -814.1734279028956, 
                    -814.1734279028956, 
                    -814.1734279028956, 
                    -814.1734279028956, 
                    -447.3857952769008, 
                    -447.3857952769008, 
                    -447.3857952769008, 
                    -447.3857952769008, 
                    -447.3857952769008, 
                    -447.3857952769008, 
                    -447.3857952769008, 
                    -447.3857952769008, 
                    -447.3857952769008, 
                    -447.3857952769008, 
                    -447.3857952769008, 
                    -447.3857952769008, 
                    -447.3857952769008, 
                    -447.3857952769008, 
                    -447.3857952769008, 
                    -387.1338058869803, 
                    -387.1338058869803, 
                    262.7351109693145, 
                    262.7351109693145, 
                    262.7351109693145, 
                    262.7351109693145, 
                    262.7351109693145, 
                    262.7351109693145, 
                    262.7351109693145, 
                    262.7351109693145, 
                    262.7351109693145, 
                    303.88750175018777, 
                    303.88750175018777, 
                    303.88750175018777, 
                    303.88750175018777, 
                    303.88750175018777, 
                    303.88750175018777, 
                    303.88750175018777, 
                    303.88750175018777, 
                    303.88750175018777, 
                    303.88750175018777, 
                    303.88750175018777, 
                    303.88750175018777, 
                    303.88750175018777, 
                    813.8354406107719, 
                    768.525843087552, 
                    768.525843087552, 
                    768.525843087552, 
                    768.525843087552, 
                    768.525843087552, 
                    768.525843087552, 
                    768.525843087552, 
                    768.525843087552, 
                    768.525843087552, 
                    768.525843087552, 
                    768.525843087552, 
                    768.525843087552, 
                    768.525843087552, 
                    768.525843087552, 
                    1623.9987109338776, 
                    1623.9987109338776, 
                    1623.9987109338776, 
                    1365.1911228579966, 
                    1365.1911228579966, 
                    1365.1911228579966, 
                    1365.1911228579966, 
                    1365.1911228579966, 
                    1365.1911228579966, 
                    1365.1911228579966, 
                    1365.1911228579966, 
                    1365.1911228579966, 
                    1365.1911228579966, 
                    1365.1911228579966, 
                    1365.1911228579966, 
                    1365.1911228579966, 
                    1365.1911228579966, 
                    1365.1911228579966, 
                    1365.1911228579966, 
                    1365.1911228579966, 
                    1365.1911228579966, 
                    1365.1911228579966, 
                    1365.1911228579966, 
                    2644.9179182509506, 
                    2644.9179182509506, 
                    2644.9179182509506, 
                    2644.9179182509506, 
                    2644.9179182509506, 
                    2644.9179182509506, 
                    2644.9179182509506, 
                    2644.9179182509506, 
                    2644.9179182509506, 
                    2644.9179182509506, 
                    2644.9179182509506
                ]
            ], 
            "feature": "Sq. Mt."
        }, 
        {
            "featureBins": [
                1.0
            ], 
            "data": [
                [
                    -2.2737367544323206e-13
                ]
            ], 
            "feature": "num_flagonly:Outer:not_missing"
        }, 
        {
            "featureBins": [
                1.0
            ], 
            "data": [
                [
                    -2.2737367544323206e-13
                ]
            ], 
            "feature": "num_flagonly:Cottage:not_missing"
        }, 
        {
            "featureBins": [
                1.0
            ], 
            "data": [
                [
                    -2.2737367544323206e-13
                ]
            ], 
            "feature": "num_flagonly:Penthouse:not_missing"
        }
    ], 
    "modelInputNCols": 26, 
    "modelInputMemory": 273520, 
    "modelInputIsSparse": false
}