{
  "state": "DONE",
  "preSearchDescription": {
    "gridLength": 1,
    "importantParams": [
      {
        "name": "max_depth",
        "vals": [
          "5"
        ]
      },
      {
        "name": "min_samples",
        "vals": [
          "1"
        ]
      },
      {
        "name": "criterion",
        "vals": [
          "gini"
        ]
      }
    ]
  },
  "postSearchDescription": {
    "importantParams": [
      {
        "name": "criterion",
        "val": "mse"
      },
      {
        "name": "max_depth",
        "val": "5"
      },
      {
        "name": "min_samples",
        "val": "1"
      }
    ]
  },
  "sampleWeightsEnabled": false,
  "modelId": "m1",
  "progress": {
    "top_level_todo": [],
    "stack": [],
    "top_level_done": [
      {
        "name": "Loading train set",
        "time": 50
      },
      {
        "name": "Loading test set",
        "time": 42
      },
      {
        "name": "Collecting statistics",
        "time": 98
      },
      {
        "name": "Preprocessing train set",
        "time": 215
      },
      {
        "name": "Preprocessing test set",
        "time": 272
      },
      {
        "name": "Fitting model",
        "time": 73
      },
      {
        "name": "Saving model",
        "time": 4
      },
      {
        "name": "Scoring model",
        "time": 258
      }
    ]
  },
  "startTime": 1562033130737,
  "endTime": 1562033131757,
  "preprocessingTime": 684,
  "trainingTime": 336
}