{
    "featureNames": [
        "Area_Almagro", 
        "Area_Arguelles", 
        "Area_Castellana", 
        "Area_Chueca-Justicia", 
        "Area_Conde Orgaz-Piovera", 
        "Area_Cuatro Caminos", 
        "Area_El Viso", 
        "Area_Goya", 
        "Area_Huertas-Cortes", 
        "Area_Ibiza", 
        "Area_Jeronimos", 
        "Area_Lavapies-Embajadores", 
        "Area_Lista", 
        "Area_Malasana-Universidad", 
        "Area_Ni\u00f1o Jesus", 
        "Area_Nueva Espana", 
        "Area_Palacio", 
        "Area_Recoletos", 
        "Area_Sol", 
        "Area_Trafalgar", 
        "Area_Vallehermoso", 
        "Floor", 
        "Sq. Mt.", 
        "num_flagonly:Outer:not_missing", 
        "num_flagonly:Cottage:not_missing", 
        "num_flagonly:Penthouse:not_missing"
    ], 
    "tree": {
        "rightChild": [
            32, 
            17, 
            10, 
            7, 
            6, 
            -1, 
            -1, 
            9, 
            -1, 
            -1, 
            14, 
            13, 
            -1, 
            -1, 
            16, 
            -1, 
            -1, 
            25, 
            22, 
            21, 
            -1, 
            -1, 
            24, 
            -1, 
            -1, 
            29, 
            28, 
            -1, 
            -1, 
            31, 
            -1, 
            -1, 
            48, 
            41, 
            38, 
            37, 
            -1, 
            -1, 
            40, 
            -1, 
            -1, 
            45, 
            44, 
            -1, 
            -1, 
            47, 
            -1, 
            -1, 
            56, 
            53, 
            52, 
            -1, 
            -1, 
            55, 
            -1, 
            -1, 
            -1
        ], 
        "impurity": [
            1738349.704321878, 
            591318.6380641321, 
            288142.3512917452, 
            174716.42207311932, 
            122262.90654700238, 
            100802.16529021901, 
            688664.0, 
            324941.4398530759, 
            230692.31638888875, 
            493203.4722222211, 
            316584.39156788774, 
            274343.6599555556, 
            249476.90380165284, 
            492476.25, 
            735838.775510204, 
            507605.9171597641, 
            0.0, 
            691334.4614440855, 
            481357.15866300184, 
            431060.53110856283, 
            382005.2578384294, 
            528993.359375, 
            491579.75999999885, 
            396355.78925447725, 
            0.0, 
            2100747.40166205, 
            2148940.2399999984, 
            972709.5, 
            0.0, 
            677787.3724489808, 
            13600.0, 
            724835.8024691362, 
            3512634.6149241515, 
            1975507.9557609316, 
            691547.109012492, 
            518941.734375, 
            496513.5725443773, 
            273163.2653061226, 
            1242900.0, 
            0.0, 
            930617.2839506175, 
            2636031.2255859375, 
            2293608.8134430684, 
            1225727.530195754, 
            7954400.0, 
            2098144.0, 
            1474050.0, 
            562500.0, 
            5736944.444444448, 
            2268858.1314878836, 
            1960000.0, 
            0.0, 
            0.0, 
            1628622.2222222164, 
            1184285.7142857164, 
            0.0, 
            0.0
        ], 
        "predict": [
            1819.7695817490494, 
            1485.8192875760208, 
            1213.5507246376812, 
            1005.5961538461538, 
            946.62080536912754, 
            932.55290102389074, 
            1771.0, 
            1271.878787878788, 
            1187.9833333333333, 
            2110.8333333333335, 
            1376.6875, 
            1347.0066666666667, 
            1325.9727272727273, 
            2272.5, 
            2330.7142857142858, 
            2188.0769230769229, 
            4185.0, 
            2183.7708978328174, 
            2099.0953947368421, 
            2009.9803149606298, 
            1958.2563025210084, 
            2779.375, 
            2551.8000000000002, 
            2505.9183673469388, 
            4800.0, 
            3538.5789473684213, 
            5241.6000000000004, 
            5827.0, 
            2900.0, 
            2930.3571428571427, 
            2320.0, 
            3269.4444444444443, 
            4163.5304878048782, 
            3791.2260273972602, 
            3210.8414634146343, 
            3102.625, 
            3033.6769230769232, 
            3742.8571428571427, 
            3990.0, 
            5900.0, 
            3777.7777777777778, 
            4534.84375, 
            4272.0370370370374, 
            4058.9795918367345, 
            6360.0, 
            5954.0, 
            5505.0, 
            7750.0, 
            7183.333333333333, 
            6723.5294117647063, 
            4600.0, 
            6000.0, 
            3200.0, 
            7006.666666666667, 
            7200.0, 
            4300.0, 
            15000.0
        ], 
        "feature": [
            22, 
            22, 
            22, 
            21, 
            0, 
            -2, 
            -2, 
            1, 
            -2, 
            -2, 
            17, 
            21, 
            -2, 
            -2, 
            22, 
            -2, 
            -2, 
            17, 
            22, 
            7, 
            -2, 
            -2, 
            0, 
            -2, 
            -2, 
            21, 
            22, 
            -2, 
            -2, 
            22, 
            -2, 
            -2, 
            22, 
            22, 
            2, 
            17, 
            -2, 
            -2, 
            22, 
            -2, 
            -2, 
            21, 
            17, 
            -2, 
            -2, 
            22, 
            -2, 
            -2, 
            22, 
            21, 
            22, 
            -2, 
            -2, 
            0, 
            -2, 
            -2, 
            -2
        ], 
        "leftChild": [
            1, 
            2, 
            3, 
            4, 
            5, 
            -1, 
            -1, 
            8, 
            -1, 
            -1, 
            11, 
            12, 
            -1, 
            -1, 
            15, 
            -1, 
            -1, 
            18, 
            19, 
            20, 
            -1, 
            -1, 
            23, 
            -1, 
            -1, 
            26, 
            27, 
            -1, 
            -1, 
            30, 
            -1, 
            -1, 
            33, 
            34, 
            35, 
            36, 
            -1, 
            -1, 
            39, 
            -1, 
            -1, 
            42, 
            43, 
            -1, 
            -1, 
            46, 
            -1, 
            -1, 
            49, 
            50, 
            51, 
            -1, 
            -1, 
            54, 
            -1, 
            -1, 
            -1
        ], 
        "threshold": [
            199.49999999453874, 
            109.49999993840818, 
            69.49999991346127, 
            4.499999980035502, 
            0.49999999865203376, 
            -2.0, 
            -2.0, 
            0.50000002511095, 
            -2.0, 
            -2.0, 
            0.5000000161389689, 
            12.000000048855018, 
            -2.0, 
            -2.0, 
            105.5000001907929, 
            -2.0, 
            -2.0, 
            0.5000000161389689, 
            164.0000030309513, 
            0.4999999733681127, 
            -2.0, 
            -2.0, 
            0.49999999865203376, 
            -2.0, 
            -2.0, 
            2.4999999558008508, 
            165.0000020120573, 
            -2.0, 
            -2.0, 
            132.49999944299384, 
            -2.0, 
            -2.0, 
            409.9999970672689, 
            255.49999900994675, 
            0.4999999986520354, 
            0.5000000161389689, 
            -2.0, 
            -2.0, 
            206.50000305745738, 
            -2.0, 
            -2.0, 
            6.500000180753572, 
            0.5000000161389689, 
            -2.0, 
            -2.0, 
            389.9999970547955, 
            -2.0, 
            -2.0, 
            903.4999810627692, 
            0.9999999596852898, 
            417.49999707194644, 
            -2.0, 
            -2.0, 
            0.49999999865203376, 
            -2.0, 
            -2.0, 
            -2.0
        ], 
        "nSamples": [
            1315.0, 
            1151.0, 
            828.0, 
            364.0, 
            298.0, 
            293.0, 
            5.0, 
            66.0, 
            60.0, 
            6.0, 
            464.0, 
            450.0, 
            440.0, 
            10.0, 
            14.0, 
            13.0, 
            1.0, 
            323.0, 
            304.0, 
            254.0, 
            238.0, 
            16.0, 
            50.0, 
            49.0, 
            1.0, 
            19.0, 
            5.0, 
            4.0, 
            1.0, 
            14.0, 
            5.0, 
            9.0, 
            164.0, 
            146.0, 
            82.0, 
            72.0, 
            65.0, 
            7.0, 
            10.0, 
            1.0, 
            9.0, 
            64.0, 
            54.0, 
            49.0, 
            5.0, 
            10.0, 
            8.0, 
            2.0, 
            18.0, 
            17.0, 
            2.0, 
            1.0, 
            1.0, 
            15.0, 
            14.0, 
            1.0, 
            1.0
        ]
    }
}