{
    "modelInputIsSparse": false, 
    "modelInputNRows": 1874, 
    "modelInputNCols": 115, 
    "modelInputMemory": 1724080, 
    "lmCoefficients": {
        "interceptStderr": null, 
        "interceptTstat": null, 
        "rescaledInterceptCoef": -495191156929602.12, 
        "rescaledCoefs": [
            63599597220720232.0, 
            305915121447242.31, 
            -12.399082171561405, 
            17.71300571883059, 
            157.01135118825812, 
            -1923345498638029.8, 
            12.119034482778204, 
            1923345498638142.2, 
            -25556583434588244.0, 
            -305915121447330.81, 
            -71862430496387208.0, 
            -63599597220721584.0, 
            495191156930873.38, 
            495191156930180.69, 
            495191156930494.06, 
            495191156930216.75, 
            495191156930209.0, 
            495191156930085.25, 
            495191156929924.88, 
            495191156929904.75, 
            495191156929985.94, 
            495191156929861.06, 
            495191156930022.19, 
            495191156930341.5, 
            495191156930280.88, 
            495191156929970.62, 
            495191156930042.75, 
            495191156929659.94, 
            495191156929763.19, 
            495191156930022.38, 
            495191156929430.62, 
            495191156930057.06, 
            495191156929497.81, 
            495191156929805.69, 
            495191156929351.25, 
            495191156930038.12, 
            495191156929591.0, 
            495191156929667.19, 
            495191156929273.81, 
            495191156930081.5, 
            495191156929649.56, 
            495191156929737.0, 
            495191156929865.81, 
            495191156929565.94, 
            495191156929793.0, 
            495191156929515.69, 
            495191156929632.94, 
            495191156929596.06, 
            495191156929242.12, 
            495191156929616.06, 
            495191156929593.0, 
            495191156929676.5, 
            495191156929545.88, 
            495191156929198.56, 
            495191156931063.88, 
            495191156930125.81, 
            495191156929230.5, 
            495191156929505.19, 
            495191156929351.75, 
            495191156929339.06, 
            495191156929360.31, 
            495191156929706.25, 
            495191156929324.06, 
            495191156929476.94, 
            495191156929592.75, 
            495191156929442.5, 
            495191156929173.44, 
            495191156929328.75, 
            495191156930157.0, 
            495191156929513.25, 
            495191156929335.25, 
            495191156929603.88, 
            495191156929347.88, 
            495191156929712.06, 
            495191156929712.94, 
            495191156929295.19, 
            495191156929439.44, 
            495191156929048.81, 
            495191156929437.44, 
            495191156929462.56, 
            495191156929500.25, 
            495191156929715.56, 
            495191156929453.69, 
            495191156929304.88, 
            495191156929191.44, 
            495191156929555.5, 
            495191156929491.62, 
            495191156929252.94, 
            495191156929546.06, 
            495191156929213.19, 
            495191156929383.56, 
            495191156929466.44, 
            495191156929545.75, 
            495191156929081.62, 
            495191156929193.62, 
            495191156929730.06, 
            495191156929164.31, 
            495191156929657.69, 
            495191156929351.62, 
            495191156929409.56, 
            495191156929269.88, 
            495191156929257.25, 
            495191156929493.69, 
            495191156929276.69, 
            495191156929262.06, 
            495191156929128.0, 
            495191156929319.81, 
            495191156929464.56, 
            495191156929293.25, 
            495191156929496.81, 
            495191156929301.75, 
            495191156929112.94, 
            495191156928789.19, 
            495191156929414.38
        ], 
        "variables": [
            "Cottage", 
            "Duplex", 
            "Elevator", 
            "Floor", 
            "Outer", 
            "Penthouse", 
            "Sq. Mt.", 
            "num_binarized:Penthouse:above:0.0", 
            "num_binarized:Outer:above:1.0", 
            "num_binarized:Duplex:above:0.0", 
            "num_binarized:Elevator:above:1.0", 
            "num_binarized:Cottage:above:0.0", 
            "dummy:Area:Recoletos", 
            "dummy:Area:Chueca-Justicia", 
            "dummy:Area:Castellana", 
            "dummy:Area:Goya", 
            "dummy:Area:Almagro", 
            "dummy:Area:Arguelles", 
            "dummy:Area:Cuatro Caminos", 
            "dummy:Area:Bernabeu-Hispanoamerica", 
            "dummy:Area:Nueva Espana", 
            "dummy:Area:Lavapies-Embajadores", 
            "dummy:Area:Malasana-Universidad", 
            "dummy:Area:Palacio", 
            "dummy:Area:El Viso", 
            "dummy:Area:Ibiza", 
            "dummy:Area:Lista", 
            "dummy:Area:Cuzco-Castillejos", 
            "dummy:Area:Nuevos Ministerios-Rios Rosas", 
            "dummy:Area:Sol", 
            "dummy:Area:Las Tablas", 
            "dummy:Area:Huertas-Cortes", 
            "dummy:Area:Sanchinarro", 
            "dummy:Area:Arapiles", 
            "dummy:Area:Rejas", 
            "dummy:Area:Trafalgar", 
            "dummy:Area:Castilla", 
            "dummy:Area:Prosperidad", 
            "dummy:Area:Barajas", 
            "dummy:Area:Vallehermoso", 
            "dummy:Area:Guindalera", 
            "dummy:Area:Aravaca", 
            "dummy:Area:Ciudad Jardin", 
            "dummy:Area:San Juan Bautista", 
            "dummy:Area:Gaztambide", 
            "dummy:Area:San Diego", 
            "dummy:Area:Valdeacederas", 
            "dummy:Area:Valdemarin", 
            "dummy:Area:Ensanche de Vallecas - La Gavia", 
            "dummy:Area:Bellas Vistas", 
            "dummy:Area:Valdezarza", 
            "dummy:Area:Acacias", 
            "dummy:Area:Montecarmelo", 
            "dummy:Area:Concepcion", 
            "dummy:Area:Jeronimos", 
            "dummy:Area:Conde Orgaz-Piovera", 
            "dummy:Area:La Paz", 
            "dummy:Area:Berruguete", 
            "dummy:Area:Costillares", 
            "dummy:Area:Simancas", 
            "dummy:Area:Ciudad Universitaria", 
            "dummy:Area:Pacifico", 
            "dummy:Area:Pilar", 
            "dummy:Area:San Isidro", 
            "dummy:Area:Ventilla-Almenara", 
            "dummy:Area:Penagrande", 
            "dummy:Area:Aluche", 
            "dummy:Area:Casco Historico de Vallecas", 
            "dummy:Area:Ni\u00f1o Jesus", 
            "dummy:Area:Valdebebas - Valdefuentes", 
            "dummy:Area:Delicias", 
            "dummy:Area:Colina", 
            "dummy:Area:Pueblo Nuevo", 
            "dummy:Area:Fuente del Berro", 
            "dummy:Area:San Pascual", 
            "dummy:Area:Vista Alegre", 
            "dummy:Area:Numancia", 
            "dummy:Area:Mirasierra", 
            "dummy:Area:Salvador", 
            "dummy:Area:Palomas", 
            "dummy:Area:Palomeras Bajas", 
            "dummy:Area:Palos de Moguer", 
            "dummy:Area:Pinar del Rey", 
            "dummy:Area:Puerta Bonita", 
            "dummy:Area:Abrantes", 
            "dummy:Area:Imperial", 
            "dummy:Area:Puerta del Angel", 
            "dummy:Area:San Andres", 
            "dummy:Area:Quintana", 
            "dummy:Area:Canillas", 
            "dummy:Area:Campamento", 
            "dummy:Area:Ventas", 
            "dummy:Area:Legazpi", 
            "dummy:Area:Ap\u00f3stol Santiago", 
            "dummy:Area:Media Legua", 
            "dummy:Area:Estrella", 
            "dummy:Area:Los Angeles", 
            "dummy:Area:Atalaya", 
            "dummy:Area:Rosas", 
            "dummy:Area:Almendrales", 
            "dummy:Area:Palomeras sureste", 
            "dummy:Area:Tres Olivos - Valverde", 
            "dummy:Area:Opanel", 
            "dummy:Area:Zofao", 
            "dummy:Area:San Fermin", 
            "dummy:Area:Pau de Carabanchel", 
            "dummy:Area:Butarque", 
            "dummy:Area:Ambroz", 
            "dummy:Area:Valdebernardo - Valderribas", 
            "dummy:Area:Arroyo del Fresno", 
            "dummy:Area:Arcos", 
            "dummy:Area:Buena Vista", 
            "dummy:Area:Fuentelarreina", 
            "dummy:Area:__Others__"
        ], 
        "interceptCoef": -495191156928148.75, 
        "interceptPvalue": null, 
        "coefs": [
            63599597220720232.0, 
            305915121447242.31, 
            -12.399082171561405, 
            52.335854291496084, 
            157.01135118825812, 
            -1923345498638029.8, 
            1004.293850298274, 
            1923345498638142.2, 
            -25556583434588244.0, 
            -305915121447330.81, 
            -71862430496387208.0, 
            -63599597220721584.0, 
            495191156930873.38, 
            495191156930180.69, 
            495191156930494.06, 
            495191156930216.75, 
            495191156930209.0, 
            495191156930085.25, 
            495191156929924.88, 
            495191156929904.75, 
            495191156929985.94, 
            495191156929861.06, 
            495191156930022.19, 
            495191156930341.5, 
            495191156930280.88, 
            495191156929970.62, 
            495191156930042.75, 
            495191156929659.94, 
            495191156929763.19, 
            495191156930022.38, 
            495191156929430.62, 
            495191156930057.06, 
            495191156929497.81, 
            495191156929805.69, 
            495191156929351.25, 
            495191156930038.12, 
            495191156929591.0, 
            495191156929667.19, 
            495191156929273.81, 
            495191156930081.5, 
            495191156929649.56, 
            495191156929737.0, 
            495191156929865.81, 
            495191156929565.94, 
            495191156929793.0, 
            495191156929515.69, 
            495191156929632.94, 
            495191156929596.06, 
            495191156929242.12, 
            495191156929616.06, 
            495191156929593.0, 
            495191156929676.5, 
            495191156929545.88, 
            495191156929198.56, 
            495191156931063.88, 
            495191156930125.81, 
            495191156929230.5, 
            495191156929505.19, 
            495191156929351.75, 
            495191156929339.06, 
            495191156929360.31, 
            495191156929706.25, 
            495191156929324.06, 
            495191156929476.94, 
            495191156929592.75, 
            495191156929442.5, 
            495191156929173.44, 
            495191156929328.75, 
            495191156930157.0, 
            495191156929513.25, 
            495191156929335.25, 
            495191156929603.88, 
            495191156929347.88, 
            495191156929712.06, 
            495191156929712.94, 
            495191156929295.19, 
            495191156929439.44, 
            495191156929048.81, 
            495191156929437.44, 
            495191156929462.56, 
            495191156929500.25, 
            495191156929715.56, 
            495191156929453.69, 
            495191156929304.88, 
            495191156929191.44, 
            495191156929555.5, 
            495191156929491.62, 
            495191156929252.94, 
            495191156929546.06, 
            495191156929213.19, 
            495191156929383.56, 
            495191156929466.44, 
            495191156929545.75, 
            495191156929081.62, 
            495191156929193.62, 
            495191156929730.06, 
            495191156929164.31, 
            495191156929657.69, 
            495191156929351.62, 
            495191156929409.56, 
            495191156929269.88, 
            495191156929257.25, 
            495191156929493.69, 
            495191156929276.69, 
            495191156929262.06, 
            495191156929128.0, 
            495191156929319.81, 
            495191156929464.56, 
            495191156929293.25, 
            495191156929496.81, 
            495191156929301.75, 
            495191156929112.94, 
            495191156928789.19, 
            495191156929414.38
        ]
    }
}