{
    "metrics": {
        "rmse": 626.6839066334621, 
        "pearson": 0.88671267575773738, 
        "mae": 366.75486926360725, 
        "r2": 0.78625900859155395, 
        "mape": 0.20443835305207547, 
        "mse": 392732.71883337782, 
        "evs": 0.78625900947785721, 
        "rmsle": 0.2618481753892232
    }, 
    "scatterPlotData": {
        "y": [
            299.0, 
            217.875, 
            3161.9375, 
            876.4375, 
            912.9375, 
            1760.375, 
            683.6875, 
            6963.5, 
            557.625, 
            961.0625, 
            2439.375, 
            1214.4375, 
            944.0625, 
            1278.75, 
            774.5625, 
            2365.0, 
            1659.125, 
            2414.0, 
            2178.375, 
            1082.125, 
            4478.8125, 
            3149.1875, 
            5106.875, 
            1648.875, 
            1109.4375, 
            2225.125, 
            1832.625, 
            2244.0625, 
            1382.5, 
            4697.8125, 
            1493.75, 
            519.75, 
            1391.0625, 
            1526.1875, 
            2684.0, 
            1108.75, 
            1703.5625, 
            2218.5, 
            2163.125, 
            701.6875, 
            890.0625, 
            594.875, 
            1043.125, 
            1141.6875, 
            1430.6875, 
            1613.875, 
            2188.75, 
            3940.25, 
            860.1875, 
            1158.625, 
            2289.125, 
            1407.0, 
            1855.0625, 
            853.0, 
            1642.875, 
            1521.6875, 
            493.8125, 
            1956.1875, 
            618.5625, 
            1360.25, 
            1162.625, 
            557.875, 
            3806.1875, 
            787.5625, 
            2059.6875, 
            2734.0, 
            1779.5625, 
            499.5625, 
            1783.125, 
            3671.125, 
            1970.4375, 
            3003.0, 
            1126.1875, 
            1364.75, 
            942.0625, 
            1171.3125, 
            1918.9375, 
            3208.3125, 
            5966.4375, 
            1824.1875, 
            855.5625, 
            1719.4375, 
            586.875, 
            697.5, 
            1342.4375, 
            972.1875, 
            749.625, 
            1578.9375, 
            796.9375, 
            739.0625, 
            1132.625, 
            2099.6875, 
            2008.4375, 
            1344.0625, 
            491.4375, 
            5525.4375, 
            751.6875, 
            1099.1875, 
            3373.875, 
            2839.4375, 
            795.5, 
            1619.5625, 
            1040.0625, 
            517.0, 
            1394.4375, 
            2385.9375, 
            1793.5, 
            1913.25, 
            1119.9375, 
            995.8125, 
            2231.5625, 
            1480.125, 
            1507.125, 
            2089.9375, 
            1176.4375, 
            4022.875, 
            2371.3125, 
            1911.375, 
            3517.75, 
            2140.125, 
            1261.25, 
            990.3125, 
            688.75, 
            1740.3125, 
            1451.125, 
            625.1875, 
            1681.5625, 
            1081.375, 
            2547.5625, 
            2370.125, 
            2277.625, 
            884.5625, 
            4083.0625, 
            898.625, 
            781.1875, 
            1152.75, 
            1388.8125, 
            3229.5625, 
            1935.625, 
            2986.75, 
            1103.375, 
            1010.4375, 
            1658.1875, 
            1867.625, 
            1603.25, 
            1050.125, 
            1232.5, 
            2356.0625, 
            1520.8125, 
            1743.0625, 
            843.75, 
            1762.25, 
            1098.0, 
            1040.125, 
            1628.4375, 
            1537.75, 
            1052.625, 
            3818.3125, 
            1340.0, 
            1569.0625, 
            1329.0625, 
            3609.3125, 
            1986.9375, 
            1678.375, 
            2506.625, 
            3290.125, 
            1153.125, 
            1993.8125, 
            1735.375, 
            707.3125, 
            4725.375, 
            3276.25, 
            585.0625, 
            1496.1875, 
            3286.8125, 
            1085.0, 
            1148.375, 
            1520.125, 
            1072.4375, 
            833.75, 
            1057.8125, 
            2357.375, 
            1187.9375, 
            2219.9375, 
            2611.25, 
            1181.3125, 
            6203.875, 
            5411.5, 
            2367.0, 
            2859.25, 
            1727.3125, 
            3038.875, 
            1390.625, 
            2397.4375, 
            2665.3125, 
            2880.375, 
            1116.9375, 
            1065.8125, 
            767.3125, 
            1635.5, 
            1273.8125, 
            1325.0, 
            6226.125, 
            1543.0625, 
            2365.25, 
            1477.5625, 
            1242.3125, 
            1042.0625, 
            3621.8125, 
            913.625, 
            1553.5, 
            2141.6875, 
            1277.5625, 
            1908.6875, 
            1158.125, 
            814.0, 
            1116.9375, 
            1057.8125, 
            1106.8125, 
            3191.0625, 
            872.4375, 
            856.5625, 
            820.75, 
            772.25, 
            513.875, 
            3551.9375, 
            2068.0, 
            3408.0, 
            1025.75, 
            5753.5, 
            961.75, 
            1430.6875, 
            2055.3125, 
            616.875, 
            1164.625, 
            934.3125, 
            3625.25, 
            1483.3125, 
            1405.0, 
            2243.8125, 
            1307.0625, 
            1743.625, 
            2951.4375, 
            364.75, 
            1087.25, 
            3449.5625, 
            1259.125, 
            1196.8125, 
            1888.0625, 
            1135.375, 
            1472.75, 
            694.4375, 
            1003.5625, 
            1992.5, 
            1025.375, 
            771.75, 
            933.25, 
            1630.25, 
            2307.375, 
            2153.25, 
            5955.5, 
            1703.5625, 
            3695.4375, 
            1879.125, 
            798.5, 
            4538.8125, 
            1606.0, 
            3706.4375, 
            1132.375, 
            1177.3125, 
            1899.3125, 
            2124.3125, 
            718.6875, 
            3114.4375, 
            1373.25, 
            890.75, 
            910.3125, 
            1592.125, 
            5189.0, 
            1196.875, 
            1286.8125, 
            1346.8125, 
            714.0625, 
            2490.0625, 
            521.3125, 
            2923.25, 
            779.875, 
            630.5625, 
            1520.3125, 
            3502.1875, 
            1169.0625, 
            1156.0, 
            1138.3125, 
            551.25, 
            1485.875, 
            1535.125, 
            827.5625, 
            957.8125, 
            2401.3125, 
            6547.75, 
            3450.875, 
            2025.3125, 
            1427.1875, 
            1674.375, 
            1858.4375, 
            1430.6875, 
            919.8125, 
            2358.0, 
            3209.75, 
            3106.625, 
            6612.125, 
            2420.4375, 
            1738.8125, 
            2058.4375, 
            1029.75, 
            5437.5, 
            1525.1875, 
            1911.25, 
            3204.25, 
            3625.25, 
            4154.8125, 
            1988.75, 
            1603.8125, 
            3962.8125, 
            1246.25, 
            1242.75, 
            600.3125, 
            4873.3125, 
            519.875, 
            697.625, 
            1719.75, 
            1335.75, 
            1300.3125, 
            882.9375, 
            3210.125, 
            1263.9375, 
            1025.6875, 
            792.6875, 
            1308.25, 
            1875.6875, 
            648.6875, 
            1711.9375, 
            1120.4375, 
            741.5, 
            567.5, 
            6056.5, 
            2306.625, 
            1916.625, 
            2257.3125, 
            825.4375, 
            3165.25, 
            4072.3125, 
            4992.0, 
            2233.8125, 
            3090.8125, 
            1624.625, 
            7230.1875, 
            2067.125, 
            853.0, 
            1153.1875, 
            2510.8125, 
            1583.625, 
            2265.125, 
            1411.375, 
            1308.6875, 
            1020.9375, 
            1686.25, 
            531.375, 
            691.4375, 
            2680.875, 
            1059.375, 
            1631.6875, 
            4887.125, 
            1395.375, 
            3096.6875, 
            448.0625, 
            1451.6875, 
            1647.4375, 
            1916.8125, 
            6619.875, 
            1665.6875, 
            1403.4375, 
            3495.6875, 
            3032.125, 
            1335.6875, 
            3433.5625, 
            2327.5, 
            2217.125, 
            2304.4375, 
            1088.25, 
            1141.625, 
            646.8125, 
            1555.125, 
            1109.4375, 
            885.125, 
            4979.8125, 
            1759.5625, 
            1055.75, 
            1956.1875, 
            838.9375, 
            1164.25, 
            2740.8125, 
            746.0, 
            2978.375, 
            3182.3125, 
            2237.375, 
            1371.6875, 
            922.0625, 
            1992.625, 
            806.8125, 
            713.8125, 
            3558.5625, 
            2415.25, 
            4117.4375, 
            1466.125, 
            1124.0625, 
            1121.5625, 
            1947.25, 
            451.8125, 
            549.625, 
            1101.25, 
            2360.1875, 
            1364.5, 
            3586.5625, 
            5010.8125, 
            1165.6875, 
            210.0625, 
            407.5, 
            2364.3125, 
            3203.6875, 
            1999.5625, 
            5242.5, 
            1588.3125, 
            3824.75, 
            1047.25, 
            521.0, 
            1449.875, 
            694.1875, 
            1007.625, 
            1388.1875, 
            855.75, 
            2509.3125, 
            503.0, 
            1489.125, 
            2862.3125, 
            1426.0625, 
            1842.875, 
            693.3125, 
            719.3125, 
            2068.0, 
            949.125, 
            1026.625, 
            2036.375, 
            1202.625, 
            1231.1875, 
            1099.1875, 
            3112.5625, 
            2764.875, 
            1080.5625, 
            983.5, 
            557.3125, 
            1279.875, 
            1407.375, 
            1708.1875, 
            2057.75, 
            1633.4375, 
            1564.0, 
            2059.0625, 
            1167.9375, 
            591.5, 
            2704.125, 
            2239.9375, 
            2318.1875, 
            1278.75, 
            819.5625, 
            1562.75, 
            2103.5625, 
            554.875, 
            1093.25, 
            1653.25, 
            2573.125, 
            1820.9375, 
            2525.125, 
            996.9375, 
            1574.8125, 
            853.0, 
            4743.0625, 
            1946.6875, 
            5360.1875, 
            964.1875, 
            1249.1875, 
            1444.5625, 
            3245.5, 
            1546.25, 
            2946.9375, 
            2752.9375, 
            1088.0625, 
            1378.625, 
            989.0625, 
            3962.8125, 
            1242.0625, 
            491.0625, 
            1693.625, 
            1780.5, 
            1560.8125, 
            2000.6875, 
            2005.125, 
            974.25, 
            1384.3125, 
            2946.9375, 
            1589.1875, 
            776.875, 
            5573.6875, 
            2780.6875, 
            838.25, 
            1040.0625, 
            6922.5, 
            845.125, 
            725.5, 
            1482.0625, 
            2145.75, 
            2246.875, 
            1523.375, 
            1198.125, 
            3372.5625, 
            864.0625, 
            5496.375, 
            805.75, 
            2021.875, 
            1161.375, 
            1703.375, 
            1095.625, 
            2178.375, 
            1183.8125, 
            1137.625, 
            1254.625, 
            1276.3125, 
            1986.9375, 
            1812.0, 
            3138.5625, 
            552.8125, 
            3197.625, 
            1036.0625, 
            1030.0, 
            1023.875, 
            783.1875, 
            2945.75, 
            1758.125, 
            1255.8125, 
            800.0, 
            5653.5625, 
            1883.375, 
            1310.5625, 
            759.8125, 
            1192.4375, 
            3593.125, 
            894.375, 
            1742.6875, 
            1364.6875, 
            2598.8125, 
            3682.125, 
            864.8125, 
            3878.75, 
            3353.4375, 
            1209.125, 
            1341.375, 
            1480.9375, 
            2066.5, 
            253.875, 
            792.5, 
            1939.5625, 
            906.3125, 
            977.75, 
            3270.5625, 
            1362.125, 
            900.5, 
            886.0, 
            1799.3125, 
            2151.5, 
            1360.5625, 
            1224.125, 
            284.0625, 
            1358.5625, 
            1734.875, 
            1801.375, 
            3730.6875, 
            1759.0, 
            754.8125, 
            1328.3125, 
            1302.875, 
            1780.4375, 
            1321.6875, 
            2160.3125, 
            2215.8125, 
            4131.0, 
            1518.75, 
            1401.25, 
            984.1875, 
            1123.3125, 
            518.4375, 
            4165.9375, 
            3037.0, 
            2090.875, 
            1155.125, 
            652.375, 
            501.1875, 
            734.5, 
            799.1875, 
            552.8125, 
            1318.375, 
            1939.4375, 
            2371.0, 
            729.0, 
            1025.3125, 
            1696.9375, 
            2570.6875, 
            765.25, 
            1136.125, 
            1951.3125, 
            1825.0625, 
            1839.125, 
            7508.875, 
            1615.4375, 
            4086.0625, 
            1677.6875, 
            1166.375, 
            1481.1875, 
            1564.5, 
            828.4375, 
            861.25, 
            1006.4375, 
            734.0625, 
            1499.9375, 
            2051.5, 
            1757.625, 
            1745.375, 
            1763.125, 
            1549.5, 
            1318.9375, 
            1786.625, 
            732.8125, 
            1656.375, 
            1634.625, 
            1659.5625, 
            5243.5625, 
            1347.875, 
            1376.125, 
            1007.1875, 
            585.1875, 
            1113.75, 
            547.125, 
            2942.125, 
            1388.1875, 
            754.5625, 
            4160.9375, 
            1516.6875, 
            1145.6875, 
            2169.5, 
            1323.6875, 
            1615.625, 
            3100.875, 
            2132.8125, 
            1041.9375, 
            2148.75, 
            689.6875, 
            1658.25, 
            2833.375, 
            1283.5625, 
            503.3125, 
            1158.9375, 
            3282.5625, 
            563.125, 
            382.9375, 
            1313.625, 
            2605.375, 
            2284.3125, 
            1578.125, 
            3326.9375, 
            1460.5, 
            1710.375, 
            789.1875, 
            2551.6875, 
            2115.875, 
            371.5, 
            1380.6875, 
            2248.9375, 
            1638.375, 
            1405.5, 
            2455.25, 
            1188.75, 
            587.0, 
            2537.8125, 
            1308.5625, 
            2265.0625, 
            2058.0625, 
            2011.1875, 
            542.125, 
            7218.0625, 
            2580.5625, 
            1524.9375, 
            2156.3125, 
            718.6875, 
            1127.9375, 
            637.5, 
            1175.5, 
            1599.6875, 
            2031.6875, 
            3526.125, 
            1082.6875, 
            2879.375, 
            1180.5, 
            1887.75, 
            1759.4375, 
            2683.3125, 
            1090.5625, 
            1075.5, 
            721.4375, 
            1243.875, 
            1294.5625, 
            842.75, 
            1484.375, 
            2272.5625, 
            5375.125, 
            899.75, 
            1927.75, 
            1266.9375, 
            3080.5625, 
            2525.5, 
            1753.8125, 
            1929.3125, 
            1722.5, 
            1904.625, 
            647.5, 
            1481.9375, 
            1998.75, 
            2209.1875, 
            1793.4375, 
            822.875, 
            1451.625, 
            2184.4375, 
            3243.0, 
            3772.625, 
            683.0625, 
            1848.5625, 
            2715.0625, 
            793.5625, 
            1315.8125, 
            3852.0625, 
            4931.3125, 
            1771.9375, 
            1369.1875, 
            2519.1875, 
            1496.0625, 
            1159.875, 
            1741.75, 
            2226.875, 
            1908.6875, 
            5078.3125, 
            2813.5, 
            5234.875, 
            1127.0, 
            4238.625, 
            1155.125, 
            1710.375, 
            725.0, 
            1340.75, 
            1247.3125, 
            2593.5625, 
            1657.8125, 
            1220.125, 
            1830.75, 
            5048.6875, 
            1566.0, 
            2977.5, 
            1281.1875, 
            1930.25, 
            3702.0, 
            1082.6875, 
            1180.0, 
            2554.5, 
            1510.5, 
            1240.9375, 
            849.4375, 
            2323.3125, 
            2267.0625, 
            1777.5625, 
            840.5625, 
            2387.1875, 
            3199.5, 
            2264.5625, 
            2370.125, 
            1492.375, 
            1032.875, 
            508.1875, 
            4601.8125, 
            2431.0625, 
            699.625, 
            1746.0625, 
            2104.375, 
            1810.375, 
            3457.25, 
            1472.25, 
            790.5625, 
            961.5, 
            1313.25, 
            1525.3125, 
            638.9375, 
            539.4375, 
            2160.9375, 
            1116.9375, 
            2417.0, 
            1946.5, 
            1568.1875, 
            2708.1875, 
            1428.75, 
            1511.8125, 
            1337.75, 
            3168.25, 
            728.25, 
            1347.375, 
            758.8125, 
            1109.5625, 
            1984.6875, 
            488.875, 
            2124.0, 
            5251.4375, 
            1598.875, 
            1443.9375, 
            971.8125, 
            1354.3125, 
            1128.9375, 
            1051.6875, 
            2687.8125, 
            1264.125, 
            1229.875, 
            869.5625, 
            2211.125, 
            1688.125, 
            1863.5, 
            2107.1875, 
            842.4375, 
            3937.8125, 
            1214.5, 
            3488.3125, 
            3188.125, 
            2542.25, 
            1084.8125, 
            2925.875, 
            2684.0, 
            1183.3125, 
            1957.8125, 
            3197.625, 
            490.375, 
            2711.9375, 
            712.0625, 
            1480.5625, 
            788.0, 
            1088.9375, 
            1118.625, 
            1740.25, 
            2212.3125, 
            1574.9375, 
            977.0625, 
            1412.4375, 
            1032.625, 
            870.125, 
            3511.5, 
            1511.125, 
            758.75, 
            888.125, 
            2059.125, 
            871.625, 
            1187.375, 
            600.1875, 
            2320.6875, 
            3894.0, 
            660.0, 
            421.6875, 
            1345.8125, 
            2795.5625, 
            1663.9375, 
            3247.0, 
            1699.3125, 
            2131.3125, 
            1074.0625, 
            1413.125, 
            2230.5625, 
            1520.8125, 
            1370.3125, 
            690.0625, 
            2129.9375, 
            1018.4375, 
            1413.125, 
            1625.25, 
            1469.5625, 
            3649.4375, 
            1043.25, 
            2744.75, 
            1352.8125, 
            4139.875, 
            5064.6875, 
            785.0625, 
            573.1875, 
            1433.125, 
            3235.5, 
            756.25, 
            5069.25, 
            2006.5, 
            615.9375, 
            2294.3125, 
            3131.125, 
            2828.9375, 
            3789.9375, 
            1568.3125, 
            2559.6875, 
            1624.625, 
            1553.4375, 
            2322.25, 
            706.375, 
            930.625, 
            2887.8125, 
            2694.8125, 
            2467.3125, 
            434.125, 
            1825.1875, 
            849.5, 
            1318.375, 
            920.25, 
            3175.875, 
            625.0625, 
            1867.0, 
            806.5625, 
            2211.0625, 
            3078.5, 
            1247.125, 
            703.125, 
            2283.1875, 
            937.125, 
            1868.6875, 
            886.25, 
            1014.25, 
            1062.75, 
            1041.5, 
            1959.0, 
            1723.875, 
            1049.5, 
            767.375, 
            1219.875, 
            1214.8125, 
            552.3125, 
            1389.0, 
            2720.6875, 
            1646.75, 
            1147.25, 
            1161.3125, 
            15971.125, 
            2592.8125, 
            1642.4375, 
            4553.0, 
            4821.5625, 
            809.125, 
            3837.375, 
            2040.0, 
            2455.8125, 
            678.5, 
            1559.75, 
            533.9375, 
            642.5, 
            3133.875, 
            674.0, 
            592.5, 
            1045.875, 
            807.75, 
            3884.0, 
            1974.25, 
            2035.6875, 
            916.9375, 
            664.0, 
            521.5625, 
            1073.25, 
            755.25, 
            1533.4375, 
            3027.25, 
            1737.0, 
            1211.8125, 
            2921.6875, 
            1091.1875, 
            1967.1875, 
            2322.25, 
            1467.625, 
            1485.875, 
            836.75, 
            1403.6875, 
            2458.8125, 
            1311.9375, 
            1405.6875, 
            4265.75, 
            2206.0, 
            1352.3125
        ], 
        "x": [
            640.0, 
            630.0, 
            2200.0, 
            900.0, 
            850.0, 
            1900.0, 
            750.0, 
            7500.0, 
            870.0, 
            1000.0, 
            2400.0, 
            1100.0, 
            1300.0, 
            1550.0, 
            750.0, 
            1500.0, 
            1450.0, 
            2400.0, 
            1600.0, 
            1420.0, 
            4100.0, 
            2200.0, 
            4300.0, 
            1350.0, 
            950.0, 
            2300.0, 
            1485.0, 
            3000.0, 
            1500.0, 
            4000.0, 
            1100.0, 
            850.0, 
            1400.0, 
            1200.0, 
            2250.0, 
            1600.0, 
            1400.0, 
            2700.0, 
            1500.0, 
            825.0, 
            1000.0, 
            590.0, 
            940.0, 
            1090.0, 
            1155.0, 
            950.0, 
            1800.0, 
            5990.0, 
            899.0, 
            1100.0, 
            3100.0, 
            1200.0, 
            1900.0, 
            700.0, 
            1270.0, 
            2490.0, 
            600.0, 
            1500.0, 
            950.0, 
            1400.0, 
            2750.0, 
            725.0, 
            6500.0, 
            950.0, 
            1250.0, 
            3200.0, 
            1700.0, 
            700.0, 
            1850.0, 
            3200.0, 
            2200.0, 
            2500.0, 
            1250.0, 
            1250.0, 
            950.0, 
            1400.0, 
            2500.0, 
            3100.0, 
            6500.0, 
            1800.0, 
            840.0, 
            3500.0, 
            650.0, 
            600.0, 
            1300.0, 
            980.0, 
            775.0, 
            1550.0, 
            700.0, 
            650.0, 
            825.0, 
            2400.0, 
            2300.0, 
            1290.0, 
            700.0, 
            4300.0, 
            850.0, 
            1100.0, 
            2500.0, 
            2300.0, 
            855.0, 
            2430.0, 
            800.0, 
            1190.0, 
            1800.0, 
            2750.0, 
            1700.0, 
            1600.0, 
            1100.0, 
            850.0, 
            1400.0, 
            1600.0, 
            1350.0, 
            2000.0, 
            1200.0, 
            4300.0, 
            3000.0, 
            2970.0, 
            2500.0, 
            1950.0, 
            1500.0, 
            1175.0, 
            950.0, 
            1700.0, 
            1350.0, 
            750.0, 
            1500.0, 
            1350.0, 
            2500.0, 
            2300.0, 
            2500.0, 
            850.0, 
            4200.0, 
            1100.0, 
            1150.0, 
            950.0, 
            1600.0, 
            2500.0, 
            1050.0, 
            2500.0, 
            750.0, 
            900.0, 
            1800.0, 
            3240.0, 
            1600.0, 
            900.0, 
            1100.0, 
            1500.0, 
            1050.0, 
            1800.0, 
            880.0, 
            2430.0, 
            850.0, 
            1100.0, 
            1400.0, 
            850.0, 
            1050.0, 
            5500.0, 
            1250.0, 
            2200.0, 
            700.0, 
            3100.0, 
            1480.0, 
            1000.0, 
            1800.0, 
            4000.0, 
            1200.0, 
            3200.0, 
            1700.0, 
            595.0, 
            3500.0, 
            4200.0, 
            950.0, 
            1000.0, 
            3995.0, 
            1350.0, 
            900.0, 
            1150.0, 
            1280.0, 
            800.0, 
            900.0, 
            3200.0, 
            850.0, 
            3500.0, 
            2175.0, 
            1000.0, 
            7800.0, 
            8500.0, 
            2250.0, 
            2800.0, 
            1600.0, 
            2700.0, 
            2160.0, 
            2800.0, 
            2350.0, 
            2000.0, 
            1200.0, 
            850.0, 
            740.0, 
            1250.0, 
            975.0, 
            1200.0, 
            5000.0, 
            1200.0, 
            1400.0, 
            2500.0, 
            2160.0, 
            699.0, 
            4700.0, 
            749.0, 
            1350.0, 
            1600.0, 
            1100.0, 
            1500.0, 
            950.0, 
            695.0, 
            1100.0, 
            900.0, 
            1000.0, 
            3000.0, 
            780.0, 
            970.0, 
            900.0, 
            700.0, 
            650.0, 
            3300.0, 
            2300.0, 
            2900.0, 
            915.0, 
            5000.0, 
            1400.0, 
            1200.0, 
            1690.0, 
            780.0, 
            775.0, 
            1000.0, 
            3900.0, 
            1350.0, 
            1210.0, 
            1250.0, 
            2025.0, 
            1600.0, 
            3500.0, 
            450.0, 
            1000.0, 
            2800.0, 
            1300.0, 
            800.0, 
            1300.0, 
            800.0, 
            1325.0, 
            680.0, 
            700.0, 
            3500.0, 
            1000.0, 
            850.0, 
            900.0, 
            900.0, 
            1800.0, 
            2970.0, 
            6000.0, 
            1400.0, 
            4000.0, 
            2700.0, 
            1550.0, 
            3700.0, 
            1500.0, 
            2800.0, 
            1250.0, 
            1100.0, 
            1500.0, 
            1850.0, 
            760.0, 
            4725.0, 
            1250.0, 
            850.0, 
            750.0, 
            1350.0, 
            5200.0, 
            850.0, 
            795.0, 
            1550.0, 
            600.0, 
            3500.0, 
            850.0, 
            2200.0, 
            1450.0, 
            625.0, 
            2835.0, 
            3100.0, 
            1250.0, 
            800.0, 
            850.0, 
            725.0, 
            950.0, 
            1500.0, 
            750.0, 
            875.0, 
            2200.0, 
            5500.0, 
            2900.0, 
            2100.0, 
            1200.0, 
            1500.0, 
            1350.0, 
            1400.0, 
            800.0, 
            3000.0, 
            2500.0, 
            2500.0, 
            7500.0, 
            2000.0, 
            1350.0, 
            1950.0, 
            990.0, 
            4900.0, 
            2200.0, 
            1500.0, 
            3900.0, 
            3000.0, 
            4000.0, 
            2160.0, 
            1250.0, 
            4500.0, 
            1600.0, 
            950.0, 
            790.0, 
            4300.0, 
            900.0, 
            700.0, 
            1450.0, 
            1250.0, 
            850.0, 
            780.0, 
            2300.0, 
            1100.0, 
            1000.0, 
            650.0, 
            920.0, 
            1600.0, 
            600.0, 
            1250.0, 
            950.0, 
            790.0, 
            950.0, 
            6000.0, 
            2700.0, 
            1650.0, 
            2100.0, 
            970.0, 
            2700.0, 
            3200.0, 
            3500.0, 
            1650.0, 
            2900.0, 
            2600.0, 
            7500.0, 
            1500.0, 
            850.0, 
            1500.0, 
            2300.0, 
            1300.0, 
            2590.0, 
            1300.0, 
            1200.0, 
            1000.0, 
            1450.0, 
            800.0, 
            700.0, 
            1750.0, 
            915.0, 
            2500.0, 
            4700.0, 
            1300.0, 
            3200.0, 
            600.0, 
            1200.0, 
            2700.0, 
            1580.0, 
            7000.0, 
            1400.0, 
            1600.0, 
            3500.0, 
            3200.0, 
            975.0, 
            3800.0, 
            3105.0, 
            2800.0, 
            2500.0, 
            1750.0, 
            1200.0, 
            750.0, 
            1200.0, 
            900.0, 
            1100.0, 
            5000.0, 
            1380.0, 
            1200.0, 
            1950.0, 
            830.0, 
            1250.0, 
            2500.0, 
            800.0, 
            2750.0, 
            3500.0, 
            3375.0, 
            1200.0, 
            750.0, 
            2000.0, 
            700.0, 
            700.0, 
            3000.0, 
            1600.0, 
            3150.0, 
            1450.0, 
            1300.0, 
            1350.0, 
            1500.0, 
            480.0, 
            550.0, 
            600.0, 
            2000.0, 
            1100.0, 
            2100.0, 
            4950.0, 
            950.0, 
            880.0, 
            500.0, 
            2400.0, 
            3500.0, 
            1500.0, 
            4500.0, 
            2160.0, 
            3900.0, 
            850.0, 
            730.0, 
            1300.0, 
            575.0, 
            990.0, 
            1490.0, 
            1100.0, 
            1300.0, 
            730.0, 
            950.0, 
            2800.0, 
            1400.0, 
            1240.0, 
            800.0, 
            900.0, 
            2100.0, 
            1100.0, 
            850.0, 
            1800.0, 
            1300.0, 
            1200.0, 
            1100.0, 
            2950.0, 
            3200.0, 
            1100.0, 
            1000.0, 
            750.0, 
            1200.0, 
            1500.0, 
            1250.0, 
            3000.0, 
            1600.0, 
            1800.0, 
            1850.0, 
            850.0, 
            600.0, 
            2750.0, 
            1250.0, 
            2400.0, 
            980.0, 
            750.0, 
            1400.0, 
            1200.0, 
            700.0, 
            850.0, 
            2295.0, 
            2400.0, 
            1500.0, 
            3400.0, 
            790.0, 
            2850.0, 
            750.0, 
            3900.0, 
            1800.0, 
            4800.0, 
            900.0, 
            1010.0, 
            1400.0, 
            1600.0, 
            1900.0, 
            3000.0, 
            2300.0, 
            1100.0, 
            1300.0, 
            900.0, 
            3500.0, 
            1300.0, 
            999.0, 
            1300.0, 
            1600.0, 
            1400.0, 
            1300.0, 
            2000.0, 
            900.0, 
            1500.0, 
            2650.0, 
            1250.0, 
            700.0, 
            8000.0, 
            2600.0, 
            1099.0, 
            1400.0, 
            9000.0, 
            950.0, 
            775.0, 
            1300.0, 
            1600.0, 
            2000.0, 
            1500.0, 
            900.0, 
            5373.0, 
            950.0, 
            7500.0, 
            500.0, 
            1900.0, 
            700.0, 
            3000.0, 
            1100.0, 
            2800.0, 
            1750.0, 
            1100.0, 
            850.0, 
            1150.0, 
            2300.0, 
            1900.0, 
            3200.0, 
            650.0, 
            2300.0, 
            600.0, 
            950.0, 
            1400.0, 
            880.0, 
            4100.0, 
            1400.0, 
            1300.0, 
            800.0, 
            4500.0, 
            1900.0, 
            1000.0, 
            900.0, 
            1100.0, 
            4000.0, 
            850.0, 
            1400.0, 
            1200.0, 
            2750.0, 
            3000.0, 
            750.0, 
            4000.0, 
            3100.0, 
            1200.0, 
            1100.0, 
            1300.0, 
            1700.0, 
            625.0, 
            750.0, 
            2300.0, 
            800.0, 
            970.0, 
            3000.0, 
            975.0, 
            900.0, 
            880.0, 
            2200.0, 
            1500.0, 
            1400.0, 
            1250.0, 
            590.0, 
            1050.0, 
            1450.0, 
            2970.0, 
            2600.0, 
            1500.0, 
            990.0, 
            1000.0, 
            850.0, 
            925.0, 
            1200.0, 
            2160.0, 
            1500.0, 
            5500.0, 
            2200.0, 
            1450.0, 
            1100.0, 
            1200.0, 
            555.0, 
            3500.0, 
            4320.0, 
            2800.0, 
            1150.0, 
            800.0, 
            750.0, 
            675.0, 
            900.0, 
            700.0, 
            600.0, 
            1900.0, 
            1500.0, 
            1000.0, 
            1000.0, 
            1100.0, 
            2500.0, 
            650.0, 
            1000.0, 
            1800.0, 
            1500.0, 
            2500.0, 
            7500.0, 
            1500.0, 
            2900.0, 
            2970.0, 
            1300.0, 
            1300.0, 
            900.0, 
            750.0, 
            726.0, 
            1050.0, 
            900.0, 
            1300.0, 
            2160.0, 
            1500.0, 
            1400.0, 
            1750.0, 
            1499.0, 
            1200.0, 
            2000.0, 
            500.0, 
            3915.0, 
            1550.0, 
            1300.0, 
            4900.0, 
            1100.0, 
            850.0, 
            1300.0, 
            600.0, 
            1100.0, 
            650.0, 
            1800.0, 
            1490.0, 
            750.0, 
            2950.0, 
            1350.0, 
            1000.0, 
            1575.0, 
            1200.0, 
            1200.0, 
            3000.0, 
            1300.0, 
            750.0, 
            3500.0, 
            850.0, 
            1650.0, 
            2800.0, 
            1500.0, 
            750.0, 
            1000.0, 
            3500.0, 
            1000.0, 
            600.0, 
            1300.0, 
            2000.0, 
            3300.0, 
            1845.0, 
            3500.0, 
            2160.0, 
            2565.0, 
            830.0, 
            3600.0, 
            2350.0, 
            750.0, 
            1350.0, 
            2500.0, 
            1380.0, 
            1450.0, 
            4500.0, 
            1900.0, 
            700.0, 
            2400.0, 
            1500.0, 
            2000.0, 
            2200.0, 
            2500.0, 
            850.0, 
            7500.0, 
            2500.0, 
            1300.0, 
            2500.0, 
            600.0, 
            840.0, 
            690.0, 
            800.0, 
            1300.0, 
            2000.0, 
            3500.0, 
            1600.0, 
            1900.0, 
            1100.0, 
            1750.0, 
            2970.0, 
            3300.0, 
            770.0, 
            700.0, 
            760.0, 
            800.0, 
            1100.0, 
            750.0, 
            1100.0, 
            1900.0, 
            7500.0, 
            740.0, 
            1350.0, 
            1300.0, 
            3000.0, 
            2100.0, 
            1500.0, 
            2200.0, 
            1600.0, 
            2400.0, 
            650.0, 
            1400.0, 
            2970.0, 
            2200.0, 
            1700.0, 
            750.0, 
            1550.0, 
            1400.0, 
            4800.0, 
            5200.0, 
            750.0, 
            1700.0, 
            2500.0, 
            780.0, 
            1500.0, 
            3900.0, 
            5000.0, 
            2300.0, 
            950.0, 
            2500.0, 
            1250.0, 
            1050.0, 
            2500.0, 
            2200.0, 
            1900.0, 
            6000.0, 
            1950.0, 
            12000.0, 
            790.0, 
            3600.0, 
            1100.0, 
            1700.0, 
            725.0, 
            1350.0, 
            1000.0, 
            3500.0, 
            900.0, 
            1450.0, 
            1600.0, 
            5800.0, 
            1550.0, 
            2750.0, 
            1395.0, 
            1400.0, 
            2500.0, 
            1195.0, 
            800.0, 
            2300.0, 
            1300.0, 
            1400.0, 
            1300.0, 
            2500.0, 
            2100.0, 
            1500.0, 
            900.0, 
            1800.0, 
            4725.0, 
            2275.0, 
            2500.0, 
            1250.0, 
            1000.0, 
            700.0, 
            3400.0, 
            1100.0, 
            900.0, 
            2565.0, 
            2565.0, 
            1500.0, 
            3000.0, 
            990.0, 
            900.0, 
            800.0, 
            1380.0, 
            990.0, 
            1000.0, 
            1175.0, 
            2100.0, 
            950.0, 
            1800.0, 
            1450.0, 
            925.0, 
            2600.0, 
            1500.0, 
            2160.0, 
            1200.0, 
            3800.0, 
            1070.0, 
            1450.0, 
            800.0, 
            900.0, 
            1550.0, 
            650.0, 
            1600.0, 
            6000.0, 
            1600.0, 
            1250.0, 
            1000.0, 
            1350.0, 
            1200.0, 
            1050.0, 
            2000.0, 
            1150.0, 
            1100.0, 
            825.0, 
            2300.0, 
            1200.0, 
            1700.0, 
            1900.0, 
            550.0, 
            4000.0, 
            1890.0, 
            2600.0, 
            4100.0, 
            2300.0, 
            1100.0, 
            3500.0, 
            2350.0, 
            1000.0, 
            1700.0, 
            2200.0, 
            1200.0, 
            1600.0, 
            800.0, 
            1400.0, 
            660.0, 
            899.0, 
            950.0, 
            1350.0, 
            1850.0, 
            1300.0, 
            875.0, 
            1250.0, 
            790.0, 
            850.0, 
            2900.0, 
            2565.0, 
            700.0, 
            750.0, 
            2100.0, 
            1100.0, 
            1250.0, 
            600.0, 
            2970.0, 
            3000.0, 
            575.0, 
            525.0, 
            1200.0, 
            2350.0, 
            1600.0, 
            2900.0, 
            1300.0, 
            2000.0, 
            1200.0, 
            1000.0, 
            3105.0, 
            2565.0, 
            1400.0, 
            900.0, 
            2250.0, 
            700.0, 
            1200.0, 
            1000.0, 
            900.0, 
            3000.0, 
            950.0, 
            3800.0, 
            750.0, 
            4500.0, 
            3500.0, 
            630.0, 
            700.0, 
            1450.0, 
            2500.0, 
            870.0, 
            5500.0, 
            2300.0, 
            1050.0, 
            2800.0, 
            2200.0, 
            3600.0, 
            4800.0, 
            1200.0, 
            2200.0, 
            2500.0, 
            1000.0, 
            2900.0, 
            750.0, 
            890.0, 
            4455.0, 
            2800.0, 
            2100.0, 
            540.0, 
            1590.0, 
            1215.0, 
            1200.0, 
            800.0, 
            5130.0, 
            700.0, 
            2005.0, 
            665.0, 
            3500.0, 
            2500.0, 
            1100.0, 
            850.0, 
            1900.0, 
            800.0, 
            1700.0, 
            1050.0, 
            1300.0, 
            1100.0, 
            999.0, 
            1850.0, 
            1500.0, 
            1950.0, 
            800.0, 
            850.0, 
            1230.0, 
            790.0, 
            1350.0, 
            2400.0, 
            1550.0, 
            1100.0, 
            1300.0, 
            15000.0, 
            2800.0, 
            1150.0, 
            6000.0, 
            4200.0, 
            685.0, 
            4000.0, 
            1500.0, 
            3300.0, 
            815.0, 
            1380.0, 
            750.0, 
            1200.0, 
            2800.0, 
            800.0, 
            700.0, 
            1250.0, 
            650.0, 
            4300.0, 
            1700.0, 
            1900.0, 
            650.0, 
            800.0, 
            650.0, 
            850.0, 
            800.0, 
            1650.0, 
            2900.0, 
            999.0, 
            990.0, 
            2900.0, 
            1300.0, 
            1500.0, 
            3100.0, 
            1200.0, 
            1100.0, 
            760.0, 
            1200.0, 
            2500.0, 
            1100.0, 
            1300.0, 
            5800.0, 
            2100.0, 
            1500.0
        ]
    }, 
    "processed_feature_names": [
        "Cottage", 
        "Duplex", 
        "Elevator", 
        "Floor", 
        "Outer", 
        "Penthouse", 
        "Sq. Mt.", 
        "num_binarized:Penthouse:above:0.0", 
        "num_binarized:Outer:above:1.0", 
        "num_binarized:Duplex:above:0.0", 
        "num_binarized:Elevator:above:1.0", 
        "num_binarized:Cottage:above:0.0", 
        "dummy:Area:Recoletos", 
        "dummy:Area:Chueca-Justicia", 
        "dummy:Area:Castellana", 
        "dummy:Area:Goya", 
        "dummy:Area:Almagro", 
        "dummy:Area:Arguelles", 
        "dummy:Area:Cuatro Caminos", 
        "dummy:Area:Bernabeu-Hispanoamerica", 
        "dummy:Area:Nueva Espana", 
        "dummy:Area:Lavapies-Embajadores", 
        "dummy:Area:Malasana-Universidad", 
        "dummy:Area:Palacio", 
        "dummy:Area:El Viso", 
        "dummy:Area:Ibiza", 
        "dummy:Area:Lista", 
        "dummy:Area:Cuzco-Castillejos", 
        "dummy:Area:Nuevos Ministerios-Rios Rosas", 
        "dummy:Area:Sol", 
        "dummy:Area:Las Tablas", 
        "dummy:Area:Huertas-Cortes", 
        "dummy:Area:Sanchinarro", 
        "dummy:Area:Arapiles", 
        "dummy:Area:Rejas", 
        "dummy:Area:Trafalgar", 
        "dummy:Area:Castilla", 
        "dummy:Area:Prosperidad", 
        "dummy:Area:Barajas", 
        "dummy:Area:Vallehermoso", 
        "dummy:Area:Guindalera", 
        "dummy:Area:Aravaca", 
        "dummy:Area:Ciudad Jardin", 
        "dummy:Area:San Juan Bautista", 
        "dummy:Area:Gaztambide", 
        "dummy:Area:San Diego", 
        "dummy:Area:Valdeacederas", 
        "dummy:Area:Valdemarin", 
        "dummy:Area:Ensanche de Vallecas - La Gavia", 
        "dummy:Area:Bellas Vistas", 
        "dummy:Area:Valdezarza", 
        "dummy:Area:Acacias", 
        "dummy:Area:Montecarmelo", 
        "dummy:Area:Concepcion", 
        "dummy:Area:Jeronimos", 
        "dummy:Area:Conde Orgaz-Piovera", 
        "dummy:Area:La Paz", 
        "dummy:Area:Berruguete", 
        "dummy:Area:Costillares", 
        "dummy:Area:Simancas", 
        "dummy:Area:Ciudad Universitaria", 
        "dummy:Area:Pacifico", 
        "dummy:Area:Pilar", 
        "dummy:Area:San Isidro", 
        "dummy:Area:Ventilla-Almenara", 
        "dummy:Area:Penagrande", 
        "dummy:Area:Aluche", 
        "dummy:Area:Casco Historico de Vallecas", 
        "dummy:Area:Ni\u00f1o Jesus", 
        "dummy:Area:Valdebebas - Valdefuentes", 
        "dummy:Area:Delicias", 
        "dummy:Area:Colina", 
        "dummy:Area:Pueblo Nuevo", 
        "dummy:Area:Fuente del Berro", 
        "dummy:Area:San Pascual", 
        "dummy:Area:Vista Alegre", 
        "dummy:Area:Numancia", 
        "dummy:Area:Mirasierra", 
        "dummy:Area:Salvador", 
        "dummy:Area:Palomas", 
        "dummy:Area:Palomeras Bajas", 
        "dummy:Area:Palos de Moguer", 
        "dummy:Area:Pinar del Rey", 
        "dummy:Area:Puerta Bonita", 
        "dummy:Area:Abrantes", 
        "dummy:Area:Imperial", 
        "dummy:Area:Puerta del Angel", 
        "dummy:Area:San Andres", 
        "dummy:Area:Quintana", 
        "dummy:Area:Canillas", 
        "dummy:Area:Campamento", 
        "dummy:Area:Ventas", 
        "dummy:Area:Legazpi", 
        "dummy:Area:Ap\u00f3stol Santiago", 
        "dummy:Area:Media Legua", 
        "dummy:Area:Estrella", 
        "dummy:Area:Los Angeles", 
        "dummy:Area:Atalaya", 
        "dummy:Area:Rosas", 
        "dummy:Area:Almendrales", 
        "dummy:Area:Palomeras sureste", 
        "dummy:Area:Tres Olivos - Valverde", 
        "dummy:Area:Opanel", 
        "dummy:Area:Zofao", 
        "dummy:Area:San Fermin", 
        "dummy:Area:Pau de Carabanchel", 
        "dummy:Area:Butarque", 
        "dummy:Area:Ambroz", 
        "dummy:Area:Valdebernardo - Valderribas", 
        "dummy:Area:Arroyo del Fresno", 
        "dummy:Area:Arcos", 
        "dummy:Area:Buena Vista", 
        "dummy:Area:Fuentelarreina", 
        "dummy:Area:N/A", 
        "dummy:Area:__Others__"
    ], 
    "regression_performance": {
        "max_error": 1473.7974999999983, 
        "median_error": -42.0, 
        "error_distribution": [
            {
                "count": 95, 
                "bin_max": -768.00012500000025, 
                "bin_id": 0, 
                "bin_min": -1019.57963625
            }, 
            {
                "count": 120, 
                "bin_max": -518.91150000000039, 
                "bin_id": 1, 
                "bin_min": -768.00012500000025
            }, 
            {
                "count": 256, 
                "bin_max": -269.82287500000064, 
                "bin_id": 2, 
                "bin_min": -518.91150000000039
            }, 
            {
                "count": 515, 
                "bin_max": -20.73425000000077, 
                "bin_id": 3, 
                "bin_min": -269.82287500000064
            }, 
            {
                "count": 492, 
                "bin_max": 228.3543749999991, 
                "bin_id": 4, 
                "bin_min": -20.73425000000077
            }, 
            {
                "count": 180, 
                "bin_max": 477.44299999999873, 
                "bin_id": 5, 
                "bin_min": 228.3543749999991
            }, 
            {
                "count": 80, 
                "bin_max": 726.5316249999986, 
                "bin_id": 6, 
                "bin_min": 477.44299999999873
            }, 
            {
                "count": 49, 
                "bin_max": 975.62024999999846, 
                "bin_id": 7, 
                "bin_min": 726.5316249999986
            }, 
            {
                "count": 28, 
                "bin_max": 1224.7088749999984, 
                "bin_id": 8, 
                "bin_min": 975.62024999999846
            }, 
            {
                "count": 59, 
                "bin_max": 1473.7974999999983, 
                "bin_id": 9, 
                "bin_min": 1224.7088749999984
            }
        ], 
        "min_error": -1017.08875, 
        "average_error": -15.759874599786592, 
        "std_error": 475.99615207204386, 
        "p75_error": 168.25, 
        "p90_error": 565.2687500000002, 
        "p25_error": -272.328125
    }
}