{
  "state": "DONE",
  "preSearchDescription": {
    "gridLength": 1,
    "importantParams": []
  },
  "postSearchDescription": {
    "importantParams": []
  },
  "sampleWeightsEnabled": false,
  "modelId": "m1",
  "progress": {
    "top_level_todo": [],
    "stack": [],
    "top_level_done": [
      {
        "name": "Loading train set",
        "time": 41
      },
      {
        "name": "Loading test set",
        "time": 28
      },
      {
        "name": "Collecting statistics",
        "time": 81
      },
      {
        "name": "Preprocessing train set",
        "time": 86
      },
      {
        "name": "Preprocessing test set",
        "time": 91
      },
      {
        "name": "Fitting model",
        "time": 127
      },
      {
        "name": "Saving model",
        "time": 2
      },
      {
        "name": "Scoring model",
        "time": 194
      }
    ]
  },
  "startTime": 1562030296448,
  "endTime": 1562030297128,
  "preprocessingTime": 355,
  "trainingTime": 325
}